customer_id,olt_id,log_date,plan_tier,value_segment,data_usage_gb,avg_speed_mbps,downtime_minutes,latency_ms,speed_score,downtime_score,latency_score,experience_score,current_7d_avg,previous_7d_avg,usage_drop_percent,complaint_count,complaint_count_30d,high_usage_drop_flag,high_downtime_flag,high_latency_flag,low_experience_flag,complaint_leakage_flag,churn_risk_score,churn_risk_category
Customer_00001,9,2026-08-01,Standard,mid_value,11,100,14,13,100,75,100,92.5,11.0,,,0,0,0,0,0,0,0,0,Low Risk
Customer_00001,9,2026-08-02,Standard,mid_value,6,91,23,49,75,75,75,75.0,8.5,11.0,22.727272727272727,0,0,0,1,1,0,0,45,Medium Risk
Customer_00001,9,2026-08-03,Standard,mid_value,13,90,13,19,75,75,100,80.0,10.0,8.5,-17.647058823529413,0,0,0,0,0,0,0,0,Low Risk
Customer_00001,9,2026-08-04,Standard,mid_value,6,82,9,14,75,100,100,87.5,9.0,10.0,10.0,0,0,0,0,0,0,0,0,Low Risk
Customer_00001,9,2026-08-05,Standard,mid_value,14,114,23,14,100,75,100,92.5,10.0,9.0,-11.11111111111111,0,0,0,1,0,0,0,25,Low Risk
Customer_00002,2,2026-08-01,Basic,low_value,4,43,11,27,50,75,100,67.5,4.0,,,0,0,0,0,0,0,0,0,Low Risk
Customer_00002,2,2026-08-02,Basic,low_value,4,54,8,49,75,100,75,82.5,4.0,4.0,0.0,0,0,0,0,1,0,0,20,Low Risk
Customer_00002,2,2026-08-03,Basic,low_value,2,58,11,49,75,75,75,75.0,3.333333333333333,4.0,16.666666666666664,0,0,0,0,1,0,0,20,Low Risk
Customer_00002,2,2026-08-04,Basic,low_value,4,40,28,45,50,75,75,62.5,3.5,3.333333333333333,-4.999999999999996,0,0,0,1,1,0,0,45,Medium Risk
Customer_00002,2,2026-08-05,Basic,low_value,2,50,12,26,75,75,100,80.0,3.2,3.5,8.571428571428566,0,0,0,0,0,0,0,0,Low Risk
Customer_00003,3,2026-08-01,Free,free_plan,0,30,9,27,50,100,100,75.0,0.0,,,0,0,0,0,0,0,0,0,Low Risk
Customer_00003,3,2026-08-02,Free,free_plan,0,30,6,14,50,100,100,75.0,0.0,0.0,,0,0,0,0,0,0,0,0,Low Risk
Customer_00003,3,2026-08-03,Free,free_plan,1,24,28,38,50,75,75,62.5,0.3333333333333333,0.0,,0,0,0,1,0,0,0,25,Low Risk
Customer_00003,3,2026-08-04,Free,free_plan,0,27,20,42,50,75,75,62.5,0.25,0.3333333333333333,24.999999999999996,0,0,0,0,1,0,0,20,Low Risk
Customer_00003,3,2026-08-05,Free,free_plan,0,26,21,30,50,75,100,67.5,0.2,0.25,20.0,0,0,0,1,0,0,0,25,Low Risk
Customer_00004,5,2026-08-01,Standard,mid_value,9,98,4,25,75,100,100,87.5,9.0,,,1,1,0,0,0,0,0,0,Low Risk
Customer_00004,5,2026-08-02,Standard,mid_value,14,102,28,32,100,75,75,87.5,11.5,9.0,-27.77777777777778,1,1,0,1,0,0,0,25,Low Risk
Customer_00004,5,2026-08-03,Standard,mid_value,7,87,21,13,75,75,100,80.0,10.0,11.5,13.043478260869565,1,1,0,1,0,0,0,25,Low Risk
Customer_00004,5,2026-08-04,Standard,mid_value,11,108,26,30,100,75,100,92.5,10.25,10.0,-2.5,1,1,0,1,0,0,0,25,Low Risk
Customer_00004,5,2026-08-05,Standard,mid_value,7,93,3,36,75,100,75,82.5,9.6,10.25,6.341463414634149,1,1,0,0,0,0,0,0,Low Risk
Customer_00005,6,2026-08-01,Standard,mid_value,10,83,5,20,75,100,100,87.5,10.0,,,1,1,0,0,0,0,0,0,Low Risk
Customer_00005,6,2026-08-02,Standard,mid_value,11,92,2,17,75,100,100,87.5,10.5,10.0,-5.0,1,1,0,0,0,0,0,0,Low Risk
Customer_00005,6,2026-08-03,Standard,mid_value,10,96,9,32,75,100,75,82.5,10.333333333333334,10.5,1.5873015873015817,1,1,0,0,0,0,0,0,Low Risk
Customer_00005,6,2026-08-04,Standard,mid_value,12,110,6,17,100,100,100,100.0,10.75,10.333333333333334,-4.032258064516124,1,1,0,0,0,0,0,0,Low Risk
Customer_00005,6,2026-08-05,Standard,mid_value,14,85,18,45,75,75,75,75.0,11.4,10.75,-6.04651162790698,1,1,0,0,1,0,0,20,Low Risk
Customer_00006,3,2026-08-01,Standard,mid_value,9,107,2,27,100,100,100,100.0,9.0,,,1,1,0,0,0,0,0,0,Low Risk
Customer_00006,3,2026-08-02,Standard,mid_value,7,93,10,45,75,100,75,82.5,8.0,9.0,11.11111111111111,1,1,0,0,1,0,0,20,Low Risk
Customer_00006,3,2026-08-03,Standard,mid_value,10,86,5,26,75,100,100,87.5,8.666666666666666,8.0,-8.333333333333325,1,1,0,0,0,0,0,0,Low Risk
Customer_00006,3,2026-08-04,Standard,mid_value,9,86,6,40,75,100,75,82.5,8.75,8.666666666666666,-0.9615384615384684,1,1,0,0,0,0,0,0,Low Risk
Customer_00006,3,2026-08-05,Standard,mid_value,7,83,17,38,75,75,75,75.0,8.4,8.75,3.999999999999996,1,1,0,0,0,0,0,0,Low Risk
Customer_00007,4,2026-08-01,Standard,mid_value,15,108,7,19,100,100,100,100.0,15.0,,,0,0,0,0,0,0,0,0,Low Risk
Customer_00007,4,2026-08-02,Standard,mid_value,6,120,1,22,100,100,100,100.0,10.5,15.0,30.0,0,0,1,0,0,0,0,30,Low Risk
Customer_00007,4,2026-08-03,Standard,mid_value,11,95,11,34,75,75,75,75.0,10.666666666666666,10.5,-1.5873015873015817,0,0,0,0,0,0,0,0,Low Risk
Customer_00007,4,2026-08-04,Standard,mid_value,11,88,10,17,75,100,100,87.5,10.75,10.666666666666666,-0.7812500000000056,0,0,0,0,0,0,0,0,Low Risk
Customer_00007,4,2026-08-05,Standard,mid_value,11,110,28,22,100,75,100,92.5,10.8,10.75,-0.465116279069774,0,0,0,1,0,0,0,25,Low Risk
Customer_00008,9,2026-08-01,Standard,mid_value,11,84,28,38,75,75,75,75.0,11.0,,,1,1,0,1,0,0,0,25,Low Risk
Customer_00008,9,2026-08-02,Standard,mid_value,14,92,22,13,75,75,100,80.0,12.5,11.0,-13.636363636363637,1,1,0,1,0,0,0,25,Low Risk
Customer_00008,9,2026-08-03,Standard,mid_value,6,107,12,13,100,75,100,92.5,10.333333333333334,12.5,17.33333333333333,1,1,0,0,0,0,0,0,Low Risk
Customer_00008,9,2026-08-04,Standard,mid_value,7,101,27,38,100,75,75,87.5,9.5,10.333333333333334,8.064516129032263,1,1,0,1,0,0,0,25,Low Risk
Customer_00008,9,2026-08-05,Standard,mid_value,11,102,6,24,100,100,100,100.0,9.8,9.5,-3.157894736842113,1,1,0,0,0,0,0,0,Low Risk
Customer_00009,4,2026-08-01,Standard,mid_value,7,104,28,46,100,75,75,87.5,7.0,,,1,1,0,1,1,0,0,45,Medium Risk
Customer_00009,4,2026-08-02,Standard,mid_value,7,97,27,20,75,75,100,80.0,7.0,7.0,0.0,1,1,0,1,0,0,0,25,Low Risk
Customer_00009,4,2026-08-03,Standard,mid_value,6,100,7,20,100,100,100,100.0,6.666666666666667,7.0,4.761904761904757,1,1,0,0,0,0,0,0,Low Risk
Customer_00009,4,2026-08-04,Standard,mid_value,7,99,23,47,75,75,75,75.0,6.75,6.666666666666667,-1.2499999999999956,1,1,0,1,1,0,0,45,Medium Risk
Customer_00009,4,2026-08-05,Standard,mid_value,12,110,20,32,100,75,75,87.5,7.8,6.75,-15.555555555555554,1,1,0,0,0,0,0,0,Low Risk
Customer_00010,10,2026-08-01,Standard,mid_value,10,116,19,47,100,75,75,87.5,10.0,,,0,0,0,0,1,0,0,20,Low Risk
Customer_00010,10,2026-08-02,Standard,mid_value,7,119,23,43,100,75,75,87.5,8.5,10.0,15.0,0,0,0,1,1,0,0,45,Medium Risk
Customer_00010,10,2026-08-03,Standard,mid_value,6,93,26,33,75,75,75,75.0,7.666666666666667,8.5,9.803921568627448,0,0,0,1,0,0,0,25,Low Risk
Customer_00010,10,2026-08-04,Standard,mid_value,8,82,12,41,75,75,75,75.0,7.75,7.666666666666667,-1.0869565217391266,0,0,0,0,1,0,0,20,Low Risk
Customer_00010,10,2026-08-05,Standard,mid_value,14,117,0,29,100,100,100,100.0,9.0,7.75,-16.129032258064516,0,0,0,0,0,0,0,0,Low Risk
Customer_00011,1,2026-08-01,Standard,mid_value,15,98,3,15,75,100,100,87.5,15.0,,,0,0,0,0,0,0,0,0,Low Risk
Customer_00011,1,2026-08-02,Standard,mid_value,11,92,26,16,75,75,100,80.0,13.0,15.0,13.333333333333334,0,0,0,1,0,0,0,25,Low Risk
Customer_00011,1,2026-08-03,Standard,mid_value,14,104,20,25,100,75,100,92.5,13.333333333333334,13.0,-2.5641025641025683,0,0,0,0,0,0,0,0,Low Risk
Customer_00011,1,2026-08-04,Standard,mid_value,10,110,16,13,100,75,100,92.5,12.5,13.333333333333334,6.250000000000004,0,0,0,0,0,0,0,0,Low Risk
Customer_00011,1,2026-08-05,Standard,mid_value,6,98,5,25,75,100,100,87.5,11.2,12.5,10.400000000000006,0,0,0,0,0,0,0,0,Low Risk
Customer_00012,1,2026-08-01,Standard,mid_value,5,101,14,44,100,75,75,87.5,5.0,,,1,1,0,0,1,0,0,20,Low Risk
Customer_00012,1,2026-08-02,Standard,mid_value,14,119,1,44,100,100,75,95.0,9.5,5.0,-90.0,1,1,0,0,1,0,0,20,Low Risk
Customer_00012,1,2026-08-03,Standard,mid_value,10,80,8,24,75,100,100,87.5,9.666666666666666,9.5,-1.7543859649122744,1,1,0,0,0,0,0,0,Low Risk
Customer_00012,1,2026-08-04,Standard,mid_value,8,88,16,43,75,75,75,75.0,9.25,9.666666666666666,4.310344827586201,1,1,0,0,1,0,0,20,Low Risk
Customer_00012,1,2026-08-05,Standard,mid_value,6,116,17,44,100,75,75,87.5,8.6,9.25,7.02702702702703,1,1,0,0,1,0,0,20,Low Risk
Customer_00013,10,2026-08-01,Standard,mid_value,11,96,16,39,75,75,75,75.0,11.0,,,0,0,0,0,0,0,0,0,Low Risk
Customer_00013,10,2026-08-02,Standard,mid_value,14,118,15,36,100,75,75,87.5,12.5,11.0,-13.636363636363637,0,0,0,0,0,0,0,0,Low Risk
Customer_00013,10,2026-08-03,Standard,mid_value,9,101,21,19,100,75,100,92.5,11.333333333333334,12.5,9.333333333333329,0,0,0,1,0,0,0,25,Low Risk
Customer_00013,10,2026-08-04,Standard,mid_value,15,116,10,29,100,100,100,100.0,12.25,11.333333333333334,-8.088235294117641,0,0,0,0,0,0,0,0,Low Risk
Customer_00013,10,2026-08-05,Standard,mid_value,14,104,25,29,100,75,100,92.5,12.6,12.25,-2.857142857142854,0,0,0,1,0,0,0,25,Low Risk
Customer_00014,8,2026-08-01,Premium,high_value,20,248,26,28,100,75,100,92.5,20.0,,,1,1,0,1,0,0,0,25,Low Risk
Customer_00014,8,2026-08-02,Premium,high_value,23,227,19,33,100,75,75,87.5,21.5,20.0,-7.5,1,1,0,0,0,0,0,0,Low Risk
Customer_00014,8,2026-08-03,Premium,high_value,17,191,23,32,100,75,75,87.5,20.0,21.5,6.976744186046512,1,1,0,1,0,0,0,25,Low Risk
Customer_00014,8,2026-08-04,Premium,high_value,24,243,25,21,100,75,100,92.5,21.0,20.0,-5.0,1,1,0,1,0,0,0,25,Low Risk
Customer_00014,8,2026-08-05,Premium,high_value,22,222,18,22,100,75,100,92.5,21.2,21.0,-0.952380952380949,1,1,0,0,0,0,0,0,Low Risk
Customer_00015,7,2026-08-01,Standard,mid_value,5,101,28,28,100,75,100,92.5,5.0,,,1,1,0,1,0,0,0,25,Low Risk
Customer_00015,7,2026-08-02,Standard,mid_value,6,104,22,32,100,75,75,87.5,5.5,5.0,-10.0,1,1,0,1,0,0,0,25,Low Risk
Customer_00015,7,2026-08-03,Standard,mid_value,6,118,22,21,100,75,100,92.5,5.666666666666667,5.5,-3.030303030303036,1,1,0,1,0,0,0,25,Low Risk
Customer_00015,7,2026-08-04,Standard,mid_value,9,118,15,23,100,75,100,92.5,6.5,5.666666666666667,-14.705882352941172,1,1,0,0,0,0,0,0,Low Risk
Customer_00015,7,2026-08-05,Standard,mid_value,12,109,7,50,100,100,75,95.0,7.6,6.5,-16.92307692307692,1,1,0,0,1,0,0,20,Low Risk
Customer_00016,6,2026-08-01,Basic,low_value,2,41,8,30,50,100,100,75.0,2.0,,,1,1,0,0,0,0,0,0,Low Risk
Customer_00016,6,2026-08-02,Basic,low_value,3,54,3,30,75,100,100,87.5,2.5,2.0,-25.0,1,1,0,0,0,0,0,0,Low Risk
Customer_00016,6,2026-08-03,Basic,low_value,3,59,20,32,75,75,75,75.0,2.6666666666666665,2.5,-6.666666666666661,1,1,0,0,0,0,0,0,Low Risk
Customer_00016,6,2026-08-04,Basic,low_value,2,54,18,21,75,75,100,80.0,2.5,2.6666666666666665,6.249999999999995,1,1,0,0,0,0,0,0,Low Risk
Customer_00016,6,2026-08-05,Basic,low_value,4,55,28,45,75,75,75,75.0,2.8,2.5,-11.999999999999991,1,1,0,1,1,0,0,45,Medium Risk
Customer_00017,10,2026-08-01,Standard,mid_value,9,105,17,44,100,75,75,87.5,9.0,,,1,1,0,0,1,0,0,20,Low Risk
Customer_00017,10,2026-08-02,Standard,mid_value,9,102,12,14,100,75,100,92.5,9.0,9.0,0.0,1,1,0,0,0,0,0,0,Low Risk
Customer_00017,10,2026-08-03,Standard,mid_value,8,80,23,16,75,75,100,80.0,8.666666666666666,9.0,3.7037037037037104,1,1,0,1,0,0,0,25,Low Risk
Customer_00017,10,2026-08-04,Standard,mid_value,14,119,14,46,100,75,75,87.5,10.0,8.666666666666666,-15.384615384615394,1,1,0,0,1,0,0,20,Low Risk
Customer_00017,10,2026-08-05,Standard,mid_value,10,98,7,17,75,100,100,87.5,10.0,10.0,0.0,1,1,0,0,0,0,0,0,Low Risk
Customer_00018,6,2026-08-01,Standard,mid_value,12,109,10,41,100,100,75,95.0,12.0,,,1,1,0,0,1,0,0,20,Low Risk
Customer_00018,6,2026-08-02,Standard,mid_value,6,104,27,34,100,75,75,87.5,9.0,12.0,25.0,1,1,0,1,0,0,0,25,Low Risk
Customer_00018,6,2026-08-03,Standard,mid_value,11,108,6,37,100,100,75,95.0,9.666666666666666,9.0,-7.407407407407401,1,1,0,0,0,0,0,0,Low Risk
Customer_00018,6,2026-08-04,Standard,mid_value,12,80,7,45,75,100,75,82.5,10.25,9.666666666666666,-6.034482758620696,1,1,0,0,1,0,0,20,Low Risk
Customer_00018,6,2026-08-05,Standard,mid_value,6,110,1,33,100,100,75,95.0,9.4,10.25,8.292682926829265,1,1,0,0,0,0,0,0,Low Risk
Customer_00019,2,2026-08-01,Standard,mid_value,9,92,5,25,75,100,100,87.5,9.0,,,0,0,0,0,0,0,0,0,Low Risk
Customer_00019,2,2026-08-02,Standard,mid_value,11,102,13,47,100,75,75,87.5,10.0,9.0,-11.11111111111111,0,0,0,0,1,0,0,20,Low Risk
Customer_00019,2,2026-08-03,Standard,mid_value,8,99,1,47,75,100,75,82.5,9.333333333333334,10.0,6.666666666666661,0,0,0,0,1,0,0,20,Low Risk
Customer_00019,2,2026-08-04,Standard,mid_value,10,92,1,46,75,100,75,82.5,9.5,9.333333333333334,-1.7857142857142794,0,0,0,0,1,0,0,20,Low Risk
Customer_00019,2,2026-08-05,Standard,mid_value,5,99,17,20,75,75,100,80.0,8.6,9.5,9.47368421052632,0,0,0,0,0,0,0,0,Low Risk
Customer_00020,2,2026-08-01,Standard,mid_value,7,101,1,47,100,100,75,95.0,7.0,,,0,0,0,0,1,0,0,20,Low Risk
Customer_00020,2,2026-08-02,Standard,mid_value,15,85,24,50,75,75,75,75.0,11.0,7.0,-57.14285714285714,0,0,0,1,1,0,0,45,Medium Risk
Customer_00020,2,2026-08-03,Standard,mid_value,9,92,11,43,75,75,75,75.0,10.333333333333334,11.0,6.060606060606055,0,0,0,0,1,0,0,20,Low Risk
Customer_00020,2,2026-08-04,Standard,mid_value,13,82,11,29,75,75,100,80.0,11.0,10.333333333333334,-6.451612903225801,0,0,0,0,0,0,0,0,Low Risk
Customer_00020,2,2026-08-05,Standard,mid_value,15,104,6,14,100,100,100,100.0,11.8,11.0,-7.27272727272728,0,0,0,0,0,0,0,0,Low Risk
Customer_00021,7,2026-08-01,Standard,mid_value,7,103,7,12,100,100,100,100.0,7.0,,,1,1,0,0,0,0,0,0,Low Risk
Customer_00021,7,2026-08-02,Standard,mid_value,11,89,27,20,75,75,100,80.0,9.0,7.0,-28.57142857142857,1,1,0,1,0,0,0,25,Low Risk
Customer_00021,7,2026-08-03,Standard,mid_value,7,114,21,36,100,75,75,87.5,8.333333333333334,9.0,7.407407407407401,1,1,0,1,0,0,0,25,Low Risk
Customer_00021,7,2026-08-04,Standard,mid_value,13,112,13,49,100,75,75,87.5,9.5,8.333333333333334,-13.999999999999991,1,1,0,0,1,0,0,20,Low Risk
Customer_00021,7,2026-08-05,Standard,mid_value,7,93,18,49,75,75,75,75.0,9.0,9.5,5.263157894736842,1,1,0,0,1,0,0,20,Low Risk
Customer_00022,8,2026-08-01,Standard,mid_value,13,92,8,35,75,100,75,82.5,13.0,,,1,1,0,0,0,0,0,0,Low Risk
Customer_00022,8,2026-08-02,Standard,mid_value,13,84,22,43,75,75,75,75.0,13.0,13.0,0.0,1,1,0,1,1,0,0,45,Medium Risk
Customer_00022,8,2026-08-03,Standard,mid_value,12,91,0,22,75,100,100,87.5,12.666666666666666,13.0,2.5641025641025683,1,1,0,0,0,0,0,0,Low Risk
Customer_00022,8,2026-08-04,Standard,mid_value,12,103,7,37,100,100,75,95.0,12.5,12.666666666666666,1.315789473684206,1,1,0,0,0,0,0,0,Low Risk
Customer_00022,8,2026-08-05,Standard,mid_value,12,90,6,48,75,100,75,82.5,12.4,12.5,0.7999999999999973,1,1,0,0,1,0,0,20,Low Risk
Customer_00023,1,2026-08-01,Standard,mid_value,5,114,12,42,100,75,75,87.5,5.0,,,1,1,0,0,1,0,0,20,Low Risk
Customer_00023,1,2026-08-02,Standard,mid_value,14,118,20,26,100,75,100,92.5,9.5,5.0,-90.0,1,1,0,0,0,0,0,0,Low Risk
Customer_00023,1,2026-08-03,Standard,mid_value,5,119,17,38,100,75,75,87.5,8.0,9.5,15.789473684210526,1,1,0,0,0,0,0,0,Low Risk
Customer_00023,1,2026-08-04,Standard,mid_value,9,94,4,20,75,100,100,87.5,8.25,8.0,-3.125,1,1,0,0,0,0,0,0,Low Risk
Customer_00023,1,2026-08-05,Standard,mid_value,13,98,8,35,75,100,75,82.5,9.2,8.25,-11.515151515151508,1,1,0,0,0,0,0,0,Low Risk
Customer_00024,1,2026-08-01,Basic,low_value,2,41,7,36,50,100,75,70.0,2.0,,,0,0,0,0,0,0,0,0,Low Risk
Customer_00024,1,2026-08-02,Basic,low_value,1,45,12,29,50,75,100,67.5,1.5,2.0,25.0,0,0,0,0,0,0,0,0,Low Risk
Customer_00024,1,2026-08-03,Basic,low_value,4,42,29,25,50,75,100,67.5,2.333333333333333,1.5,-55.55555555555557,0,0,0,1,0,0,0,25,Low Risk
Customer_00024,1,2026-08-04,Basic,low_value,5,51,16,20,75,75,100,80.0,3.0,2.333333333333333,-28.57142857142857,0,0,0,0,0,0,0,0,Low Risk
Customer_00024,1,2026-08-05,Basic,low_value,4,55,11,34,75,75,75,75.0,3.2,3.0,-6.666666666666672,0,0,0,0,0,0,0,0,Low Risk
Customer_00025,6,2026-08-01,Free,free_plan,1,29,4,14,50,100,100,75.0,1.0,,,0,0,0,0,0,0,0,0,Low Risk
Customer_00025,6,2026-08-02,Free,free_plan,1,22,14,36,50,75,75,62.5,1.0,1.0,0.0,0,0,0,0,0,0,0,0,Low Risk
Customer_00025,6,2026-08-03,Free,free_plan,1,28,29,24,50,75,100,67.5,1.0,1.0,0.0,0,0,0,1,0,0,0,25,Low Risk
Customer_00025,6,2026-08-04,Free,free_plan,0,21,16,45,50,75,75,62.5,0.75,1.0,25.0,0,0,0,0,1,0,0,20,Low Risk
Customer_00025,6,2026-08-05,Free,free_plan,0,20,25,14,50,75,100,67.5,0.6,0.75,20.000000000000004,0,0,0,1,0,0,0,25,Low Risk
Customer_00026,2,2026-08-01,Standard,mid_value,13,98,5,12,75,100,100,87.5,13.0,,,0,0,0,0,0,0,0,0,Low Risk
Customer_00026,2,2026-08-02,Standard,mid_value,9,81,27,42,75,75,75,75.0,11.0,13.0,15.384615384615383,0,0,0,1,1,0,0,45,Medium Risk
Customer_00026,2,2026-08-03,Standard,mid_value,7,117,5,41,100,100,75,95.0,9.666666666666666,11.0,12.121212121212126,0,0,0,0,1,0,0,20,Low Risk
Customer_00026,2,2026-08-04,Standard,mid_value,10,108,27,13,100,75,100,92.5,9.75,9.666666666666666,-0.8620689655172477,0,0,0,1,0,0,0,25,Low Risk
Customer_00026,2,2026-08-05,Standard,mid_value,13,84,15,17,75,75,100,80.0,10.4,9.75,-6.666666666666671,0,0,0,0,0,0,0,0,Low Risk
Customer_00027,5,2026-08-01,Standard,mid_value,6,109,18,11,100,75,100,92.5,6.0,,,1,1,0,0,0,0,0,0,Low Risk
Customer_00027,5,2026-08-02,Standard,mid_value,14,92,12,16,75,75,100,80.0,10.0,6.0,-66.66666666666666,1,1,0,0,0,0,0,0,Low Risk
Customer_00027,5,2026-08-03,Standard,mid_value,9,106,10,12,100,100,100,100.0,9.666666666666666,10.0,3.33333333333334,1,1,0,0,0,0,0,0,Low Risk
Customer_00027,5,2026-08-04,Standard,mid_value,6,113,26,50,100,75,75,87.5,8.75,9.666666666666666,9.48275862068965,1,1,0,1,1,0,0,45,Medium Risk
Customer_00027,5,2026-08-05,Standard,mid_value,14,106,15,18,100,75,100,92.5,9.8,8.75,-12.000000000000009,1,1,0,0,0,0,0,0,Low Risk
Customer_00028,4,2026-08-01,Premium,high_value,22,198,27,34,100,75,75,87.5,22.0,,,0,0,0,1,0,0,0,25,Low Risk
Customer_00028,4,2026-08-02,Premium,high_value,24,205,14,18,100,75,100,92.5,23.0,22.0,-4.545454545454546,0,0,0,0,0,0,0,0,Low Risk
Customer_00028,4,2026-08-03,Premium,high_value,17,181,20,43,100,75,75,87.5,21.0,23.0,8.695652173913043,0,0,0,0,1,0,0,20,Low Risk
Customer_00028,4,2026-08-04,Premium,high_value,25,164,19,12,100,75,100,92.5,22.0,21.0,-4.761904761904762,0,0,0,0,0,0,0,0,Low Risk
Customer_00028,4,2026-08-05,Premium,high_value,21,153,24,29,100,75,100,92.5,21.8,22.0,0.909090909090906,0,0,0,1,0,0,0,25,Low Risk
Customer_00029,3,2026-08-01,Premium,high_value,15,227,15,45,100,75,75,87.5,15.0,,,1,1,0,0,1,0,0,20,Low Risk
Customer_00029,3,2026-08-02,Premium,high_value,25,208,5,30,100,100,100,100.0,20.0,15.0,-33.33333333333333,1,1,0,0,0,0,0,0,Low Risk
Customer_00029,3,2026-08-03,Premium,high_value,11,193,1,20,100,100,100,100.0,17.0,20.0,15.0,1,1,0,0,0,0,0,0,Low Risk
Customer_00029,3,2026-08-04,Premium,high_value,16,157,3,43,100,100,75,95.0,16.75,17.0,1.4705882352941175,1,1,0,0,1,0,0,20,Low Risk
Customer_00029,3,2026-08-05,Premium,high_value,12,219,13,14,100,75,100,92.5,15.8,16.75,5.671641791044771,1,1,0,0,0,0,0,0,Low Risk
Customer_00030,6,2026-08-01,Standard,mid_value,10,118,12,44,100,75,75,87.5,10.0,,,1,1,0,0,1,0,0,20,Low Risk
Customer_00030,6,2026-08-02,Standard,mid_value,12,99,12,30,75,75,100,80.0,11.0,10.0,-10.0,1,1,0,0,0,0,0,0,Low Risk
Customer_00030,6,2026-08-03,Standard,mid_value,13,92,28,18,75,75,100,80.0,11.666666666666666,11.0,-6.060606060606055,1,1,0,1,0,0,0,25,Low Risk
Customer_00030,6,2026-08-04,Standard,mid_value,15,102,19,43,100,75,75,87.5,12.5,11.666666666666666,-7.142857142857148,1,1,0,0,1,0,0,20,Low Risk
Customer_00030,6,2026-08-05,Standard,mid_value,13,111,26,46,100,75,75,87.5,12.6,12.5,-0.7999999999999973,1,1,0,1,1,0,0,45,Medium Risk
Customer_00031,2,2026-08-01,Standard,mid_value,12,91,22,35,75,75,75,75.0,12.0,,,0,0,0,1,0,0,0,25,Low Risk
Customer_00031,2,2026-08-02,Standard,mid_value,9,89,7,41,75,100,75,82.5,10.5,12.0,12.5,0,0,0,0,1,0,0,20,Low Risk
Customer_00031,2,2026-08-03,Standard,mid_value,5,103,19,36,100,75,75,87.5,8.666666666666666,10.5,17.460317460317466,0,0,0,0,0,0,0,0,Low Risk
Customer_00031,2,2026-08-04,Standard,mid_value,11,107,27,35,100,75,75,87.5,9.25,8.666666666666666,-6.730769230769237,0,0,0,1,0,0,0,25,Low Risk
Customer_00031,2,2026-08-05,Standard,mid_value,6,91,25,35,75,75,75,75.0,8.6,9.25,7.02702702702703,0,0,0,1,0,0,0,25,Low Risk
Customer_00032,2,2026-08-01,Standard,mid_value,5,93,29,15,75,75,100,80.0,5.0,,,0,0,0,1,0,0,0,25,Low Risk
Customer_00032,2,2026-08-02,Standard,mid_value,15,91,23,36,75,75,75,75.0,10.0,5.0,-100.0,0,0,0,1,0,0,0,25,Low Risk
Customer_00032,2,2026-08-03,Standard,mid_value,11,84,27,15,75,75,100,80.0,10.333333333333334,10.0,-3.33333333333334,0,0,0,1,0,0,0,25,Low Risk
Customer_00032,2,2026-08-04,Standard,mid_value,12,120,22,47,100,75,75,87.5,10.75,10.333333333333334,-4.032258064516124,0,0,0,1,1,0,0,45,Medium Risk
Customer_00032,2,2026-08-05,Standard,mid_value,7,111,13,28,100,75,100,92.5,10.0,10.75,6.976744186046512,0,0,0,0,0,0,0,0,Low Risk
Customer_00033,3,2026-08-01,Basic,low_value,5,43,18,22,50,75,100,67.5,5.0,,,1,1,0,0,0,0,0,0,Low Risk
Customer_00033,3,2026-08-02,Basic,low_value,3,58,2,22,75,100,100,87.5,4.0,5.0,20.0,1,1,0,0,0,0,0,0,Low Risk
Customer_00033,3,2026-08-03,Basic,low_value,1,53,6,15,75,100,100,87.5,3.0,4.0,25.0,1,1,0,0,0,0,0,0,Low Risk
Customer_00033,3,2026-08-04,Basic,low_value,3,60,11,16,75,75,100,80.0,3.0,3.0,0.0,1,1,0,0,0,0,0,0,Low Risk
Customer_00033,3,2026-08-05,Basic,low_value,3,46,23,33,50,75,75,62.5,3.0,3.0,0.0,1,1,0,1,0,0,0,25,Low Risk
Customer_00034,2,2026-08-01,Basic,low_value,3,51,19,47,75,75,75,75.0,3.0,,,1,1,0,0,1,0,0,20,Low Risk
Customer_00034,2,2026-08-02,Basic,low_value,2,48,12,37,50,75,75,62.5,2.5,3.0,16.666666666666664,1,1,0,0,0,0,0,0,Low Risk
Customer_00034,2,2026-08-03,Basic,low_value,3,43,18,28,50,75,100,67.5,2.6666666666666665,2.5,-6.666666666666661,1,1,0,0,0,0,0,0,Low Risk
Customer_00034,2,2026-08-04,Basic,low_value,2,55,12,23,75,75,100,80.0,2.5,2.6666666666666665,6.249999999999995,1,1,0,0,0,0,0,0,Low Risk
Customer_00034,2,2026-08-05,Basic,low_value,4,44,6,41,50,100,75,70.0,2.8,2.5,-11.999999999999991,1,1,0,0,1,0,0,20,Low Risk
Customer_00035,3,2026-08-01,Premium,high_value,15,159,4,42,100,100,75,95.0,15.0,,,0,0,0,0,1,0,0,20,Low Risk
Customer_00035,3,2026-08-02,Premium,high_value,21,225,14,19,100,75,100,92.5,18.0,15.0,-20.0,0,0,0,0,0,0,0,0,Low Risk
Customer_00035,3,2026-08-03,Premium,high_value,11,163,11,21,100,75,100,92.5,15.666666666666666,18.0,12.962962962962964,0,0,0,0,0,0,0,0,Low Risk
Customer_00035,3,2026-08-04,Premium,high_value,18,165,9,36,100,100,75,95.0,16.25,15.666666666666666,-3.723404255319153,0,0,0,0,0,0,0,0,Low Risk
Customer_00035,3,2026-08-05,Premium,high_value,18,184,22,47,100,75,75,87.5,16.6,16.25,-2.153846153846162,0,0,0,1,1,0,0,45,Medium Risk
Customer_00036,5,2026-08-01,Standard,mid_value,9,91,20,32,75,75,75,75.0,9.0,,,1,1,0,0,0,0,0,0,Low Risk
Customer_00036,5,2026-08-02,Standard,mid_value,13,112,27,24,100,75,100,92.5,11.0,9.0,-22.22222222222222,1,1,0,1,0,0,0,25,Low Risk
Customer_00036,5,2026-08-03,Standard,mid_value,15,85,1,25,75,100,100,87.5,12.333333333333334,11.0,-12.121212121212126,1,1,0,0,0,0,0,0,Low Risk
Customer_00036,5,2026-08-04,Standard,mid_value,12,106,2,19,100,100,100,100.0,12.25,12.333333333333334,0.6756756756756804,1,1,0,0,0,0,0,0,Low Risk
Customer_00036,5,2026-08-05,Standard,mid_value,14,112,19,25,100,75,100,92.5,12.6,12.25,-2.857142857142854,1,1,0,0,0,0,0,0,Low Risk
Customer_00037,5,2026-08-01,Standard,mid_value,13,113,9,41,100,100,75,95.0,13.0,,,0,0,0,0,1,0,0,20,Low Risk
Customer_00037,5,2026-08-02,Standard,mid_value,9,101,20,27,100,75,100,92.5,11.0,13.0,15.384615384615383,0,0,0,0,0,0,0,0,Low Risk
Customer_00037,5,2026-08-03,Standard,mid_value,10,92,11,30,75,75,100,80.0,10.666666666666666,11.0,3.030303030303036,0,0,0,0,0,0,0,0,Low Risk
Customer_00037,5,2026-08-04,Standard,mid_value,8,89,11,29,75,75,100,80.0,10.0,10.666666666666666,6.249999999999995,0,0,0,0,0,0,0,0,Low Risk
Customer_00037,5,2026-08-05,Standard,mid_value,5,82,9,43,75,100,75,82.5,9.0,10.0,10.0,0,0,0,0,1,0,0,20,Low Risk
Customer_00038,4,2026-08-01,Standard,mid_value,8,107,16,24,100,75,100,92.5,8.0,,,1,1,0,0,0,0,0,0,Low Risk
Customer_00038,4,2026-08-02,Standard,mid_value,11,100,21,49,100,75,75,87.5,9.5,8.0,-18.75,1,1,0,1,1,0,0,45,Medium Risk
Customer_00038,4,2026-08-03,Standard,mid_value,6,107,23,28,100,75,100,92.5,8.333333333333334,9.5,12.28070175438596,1,1,0,1,0,0,0,25,Low Risk
Customer_00038,4,2026-08-04,Standard,mid_value,12,100,6,42,100,100,75,95.0,9.25,8.333333333333334,-10.999999999999991,1,1,0,0,1,0,0,20,Low Risk
Customer_00038,4,2026-08-05,Standard,mid_value,13,109,14,48,100,75,75,87.5,10.0,9.25,-8.108108108108109,1,1,0,0,1,0,0,20,Low Risk
Customer_00039,1,2026-08-01,Standard,mid_value,9,92,4,34,75,100,75,82.5,9.0,,,1,1,0,0,0,0,0,0,Low Risk
Customer_00039,1,2026-08-02,Standard,mid_value,14,85,21,33,75,75,75,75.0,11.5,9.0,-27.77777777777778,1,1,0,1,0,0,0,25,Low Risk
Customer_00039,1,2026-08-03,Standard,mid_value,9,117,11,32,100,75,75,87.5,10.666666666666666,11.5,7.246376811594208,1,1,0,0,0,0,0,0,Low Risk
Customer_00039,1,2026-08-04,Standard,mid_value,11,103,15,11,100,75,100,92.5,10.75,10.666666666666666,-0.7812500000000056,1,1,0,0,0,0,0,0,Low Risk
Customer_00039,1,2026-08-05,Standard,mid_value,10,118,10,36,100,100,75,95.0,10.6,10.75,1.3953488372093057,1,1,0,0,0,0,0,0,Low Risk
Customer_00040,9,2026-08-01,Standard,mid_value,9,81,17,41,75,75,75,75.0,9.0,,,1,1,0,0,1,0,0,20,Low Risk
Customer_00040,9,2026-08-02,Standard,mid_value,7,120,30,31,100,75,75,87.5,8.0,9.0,11.11111111111111,1,1,0,1,0,0,0,25,Low Risk
Customer_00040,9,2026-08-03,Standard,mid_value,8,81,23,24,75,75,100,80.0,8.0,8.0,0.0,1,1,0,1,0,0,0,25,Low Risk
Customer_00040,9,2026-08-04,Standard,mid_value,7,92,1,19,75,100,100,87.5,7.75,8.0,3.125,1,1,0,0,0,0,0,0,Low Risk
Customer_00040,9,2026-08-05,Standard,mid_value,12,103,20,10,100,75,100,92.5,8.6,7.75,-10.967741935483868,1,1,0,0,0,0,0,0,Low Risk
Customer_00041,8,2026-08-01,Standard,mid_value,11,114,15,21,100,75,100,92.5,11.0,,,0,0,0,0,0,0,0,0,Low Risk
Customer_00041,8,2026-08-02,Standard,mid_value,6,116,15,25,100,75,100,92.5,8.5,11.0,22.727272727272727,0,0,0,0,0,0,0,0,Low Risk
Customer_00041,8,2026-08-03,Standard,mid_value,14,114,19,31,100,75,75,87.5,10.333333333333334,8.5,-21.5686274509804,0,0,0,0,0,0,0,0,Low Risk
Customer_00041,8,2026-08-04,Standard,mid_value,14,111,14,49,100,75,75,87.5,11.25,10.333333333333334,-8.870967741935477,0,0,0,0,1,0,0,20,Low Risk
Customer_00041,8,2026-08-05,Standard,mid_value,11,111,30,42,100,75,75,87.5,11.2,11.25,0.4444444444444507,0,0,0,1,1,0,0,45,Medium Risk
Customer_00042,8,2026-08-01,Premium,high_value,14,163,1,41,100,100,75,95.0,14.0,,,1,1,0,0,1,0,0,20,Low Risk
Customer_00042,8,2026-08-02,Premium,high_value,24,160,20,45,100,75,75,87.5,19.0,14.0,-35.714285714285715,1,1,0,0,1,0,0,20,Low Risk
Customer_00042,8,2026-08-03,Premium,high_value,11,154,8,16,100,100,100,100.0,16.333333333333332,19.0,14.035087719298254,1,1,0,0,0,0,0,0,Low Risk
Customer_00042,8,2026-08-04,Premium,high_value,19,224,8,41,100,100,75,95.0,17.0,16.333333333333332,-4.081632653061232,1,1,0,0,1,0,0,20,Low Risk
Customer_00042,8,2026-08-05,Premium,high_value,11,195,4,35,100,100,75,95.0,15.8,17.0,7.05882352941176,1,1,0,0,0,0,0,0,Low Risk
Customer_00043,5,2026-08-01,Standard,mid_value,10,92,18,39,75,75,75,75.0,10.0,,,1,1,0,0,0,0,0,0,Low Risk
Customer_00043,5,2026-08-02,Standard,mid_value,7,96,13,25,75,75,100,80.0,8.5,10.0,15.0,1,1,0,0,0,0,0,0,Low Risk
Customer_00043,5,2026-08-03,Standard,mid_value,7,99,14,44,75,75,75,75.0,8.0,8.5,5.88235294117647,1,1,0,0,1,0,0,20,Low Risk
Customer_00043,5,2026-08-04,Standard,mid_value,9,111,30,41,100,75,75,87.5,8.25,8.0,-3.125,1,1,0,1,1,0,0,45,Medium Risk
Customer_00043,5,2026-08-05,Standard,mid_value,7,113,28,39,100,75,75,87.5,8.0,8.25,3.0303030303030303,1,1,0,1,0,0,0,25,Low Risk
Customer_00044,1,2026-08-01,Premium,high_value,16,177,22,39,100,75,75,87.5,16.0,,,1,1,0,1,0,0,0,25,Low Risk
Customer_00044,1,2026-08-02,Premium,high_value,23,236,7,13,100,100,100,100.0,19.5,16.0,-21.875,1,1,0,0,0,0,0,0,Low Risk
Customer_00044,1,2026-08-03,Premium,high_value,18,152,6,40,100,100,75,95.0,19.0,19.5,2.564102564102564,1,1,0,0,0,0,0,0,Low Risk
Customer_00044,1,2026-08-04,Premium,high_value,20,153,13,31,100,75,75,87.5,19.25,19.0,-1.3157894736842104,1,1,0,0,0,0,0,0,Low Risk
Customer_00044,1,2026-08-05,Premium,high_value,22,181,4,45,100,100,75,95.0,19.8,19.25,-2.8571428571428608,1,1,0,0,1,0,0,20,Low Risk
Customer_00045,8,2026-08-01,Standard,mid_value,13,91,4,38,75,100,75,82.5,13.0,,,1,1,0,0,0,0,0,0,Low Risk
Customer_00045,8,2026-08-02,Standard,mid_value,15,101,16,33,100,75,75,87.5,14.0,13.0,-7.6923076923076925,1,1,0,0,0,0,0,0,Low Risk
Customer_00045,8,2026-08-03,Standard,mid_value,7,87,23,46,75,75,75,75.0,11.666666666666666,14.0,16.66666666666667,1,1,0,1,1,0,0,45,Medium Risk
Customer_00045,8,2026-08-04,Standard,mid_value,6,92,15,21,75,75,100,80.0,10.25,11.666666666666666,12.14285714285714,1,1,0,0,0,0,0,0,Low Risk
Customer_00045,8,2026-08-05,Standard,mid_value,9,114,7,15,100,100,100,100.0,10.0,10.25,2.4390243902439024,1,1,0,0,0,0,0,0,Low Risk
Customer_00046,4,2026-08-01,Premium,high_value,20,240,11,41,100,75,75,87.5,20.0,,,0,0,0,0,1,0,0,20,Low Risk
Customer_00046,4,2026-08-02,Premium,high_value,10,229,8,35,100,100,75,95.0,15.0,20.0,25.0,0,0,0,0,0,0,0,0,Low Risk
Customer_00046,4,2026-08-03,Premium,high_value,22,150,27,31,100,75,75,87.5,17.333333333333332,15.0,-15.555555555555548,0,0,0,1,0,0,0,25,Low Risk
Customer_00046,4,2026-08-04,Premium,high_value,18,231,29,11,100,75,100,92.5,17.5,17.333333333333332,-0.9615384615384684,0,0,0,1,0,0,0,25,Low Risk
Customer_00046,4,2026-08-05,Premium,high_value,11,229,5,35,100,100,75,95.0,16.2,17.5,7.428571428571433,0,0,0,0,0,0,0,0,Low Risk
Customer_00047,9,2026-08-01,Standard,mid_value,7,119,24,24,100,75,100,92.5,7.0,,,1,1,0,1,0,0,0,25,Low Risk
Customer_00047,9,2026-08-02,Standard,mid_value,15,83,1,31,75,100,75,82.5,11.0,7.0,-57.14285714285714,1,1,0,0,0,0,0,0,Low Risk
Customer_00047,9,2026-08-03,Standard,mid_value,11,116,1,49,100,100,75,95.0,11.0,11.0,0.0,1,1,0,0,1,0,0,20,Low Risk
Customer_00047,9,2026-08-04,Standard,mid_value,11,110,18,47,100,75,75,87.5,11.0,11.0,0.0,1,1,0,0,1,0,0,20,Low Risk
Customer_00047,9,2026-08-05,Standard,mid_value,14,114,15,11,100,75,100,92.5,11.6,11.0,-5.454545454545452,1,1,0,0,0,0,0,0,Low Risk
Customer_00048,1,2026-08-01,Basic,low_value,4,46,30,43,50,75,75,62.5,4.0,,,0,0,0,1,1,0,0,45,Medium Risk
Customer_00048,1,2026-08-02,Basic,low_value,3,49,26,22,50,75,100,67.5,3.5,4.0,12.5,0,0,0,1,0,0,0,25,Low Risk
Customer_00048,1,2026-08-03,Basic,low_value,4,50,3,11,75,100,100,87.5,3.6666666666666665,3.5,-4.761904761904757,0,0,0,0,0,0,0,0,Low Risk
Customer_00048,1,2026-08-04,Basic,low_value,3,54,9,17,75,100,100,87.5,3.5,3.6666666666666665,4.545454545454541,0,0,0,0,0,0,0,0,Low Risk
Customer_00048,1,2026-08-05,Basic,low_value,3,41,13,29,50,75,100,67.5,3.4,3.5,2.85714285714286,0,0,0,0,0,0,0,0,Low Risk
Customer_00049,1,2026-08-01,Premium,high_value,10,168,25,29,100,75,100,92.5,10.0,,,0,0,0,1,0,0,0,25,Low Risk
Customer_00049,1,2026-08-02,Premium,high_value,12,155,28,10,100,75,100,92.5,11.0,10.0,-10.0,0,0,0,1,0,0,0,25,Low Risk
Customer_00049,1,2026-08-03,Premium,high_value,14,208,7,21,100,100,100,100.0,12.0,11.0,-9.090909090909092,0,0,0,0,0,0,0,0,Low Risk
Customer_00049,1,2026-08-04,Premium,high_value,21,159,11,44,100,75,75,87.5,14.25,12.0,-18.75,0,0,0,0,1,0,0,20,Low Risk
Customer_00049,1,2026-08-05,Premium,high_value,18,207,29,31,100,75,75,87.5,15.0,14.25,-5.263157894736842,0,0,0,1,0,0,0,25,Low Risk
Customer_00050,7,2026-08-01,Premium,high_value,25,154,16,35,100,75,75,87.5,25.0,,,1,1,0,0,0,0,0,0,Low Risk
Customer_00050,7,2026-08-02,Premium,high_value,13,177,28,46,100,75,75,87.5,19.0,25.0,24.0,1,1,0,1,1,0,0,45,Medium Risk
Customer_00050,7,2026-08-03,Premium,high_value,11,211,18,49,100,75,75,87.5,16.333333333333332,19.0,14.035087719298254,1,1,0,0,1,0,0,20,Low Risk
Customer_00050,7,2026-08-04,Premium,high_value,19,220,28,45,100,75,75,87.5,17.0,16.333333333333332,-4.081632653061232,1,1,0,1,1,0,0,45,Medium Risk
Customer_00050,7,2026-08-05,Premium,high_value,13,176,24,35,100,75,75,87.5,16.2,17.0,4.70588235294118,1,1,0,1,0,0,0,25,Low Risk
Customer_00051,8,2026-08-01,Standard,mid_value,15,97,25,11,75,75,100,80.0,15.0,,,1,1,0,1,0,0,0,25,Low Risk
Customer_00051,8,2026-08-02,Standard,mid_value,5,86,28,47,75,75,75,75.0,10.0,15.0,33.33333333333333,1,1,1,1,1,0,0,75,High Risk
Customer_00051,8,2026-08-03,Standard,mid_value,14,112,24,34,100,75,75,87.5,11.333333333333334,10.0,-13.33333333333334,1,1,0,1,0,0,0,25,Low Risk
Customer_00051,8,2026-08-04,Standard,mid_value,7,88,25,35,75,75,75,75.0,10.25,11.333333333333334,9.55882352941177,1,1,0,1,0,0,0,25,Low Risk
Customer_00051,8,2026-08-05,Standard,mid_value,8,104,19,13,100,75,100,92.5,9.8,10.25,4.390243902439018,1,1,0,0,0,0,0,0,Low Risk
Customer_00052,3,2026-08-01,Standard,mid_value,11,89,16,38,75,75,75,75.0,11.0,,,1,1,0,0,0,0,0,0,Low Risk
Customer_00052,3,2026-08-02,Standard,mid_value,10,114,8,18,100,100,100,100.0,10.5,11.0,4.545454545454546,1,1,0,0,0,0,0,0,Low Risk
Customer_00052,3,2026-08-03,Standard,mid_value,10,91,12,22,75,75,100,80.0,10.333333333333334,10.5,1.5873015873015817,1,1,0,0,0,0,0,0,Low Risk
Customer_00052,3,2026-08-04,Standard,mid_value,11,120,1,32,100,100,75,95.0,10.5,10.333333333333334,-1.6129032258064455,1,1,0,0,0,0,0,0,Low Risk
Customer_00052,3,2026-08-05,Standard,mid_value,13,96,14,45,75,75,75,75.0,11.0,10.5,-4.761904761904762,1,1,0,0,1,0,0,20,Low Risk
Customer_00053,2,2026-08-01,Premium,high_value,19,161,6,36,100,100,75,95.0,19.0,,,1,1,0,0,0,0,0,0,Low Risk
Customer_00053,2,2026-08-02,Premium,high_value,19,230,21,25,100,75,100,92.5,19.0,19.0,0.0,1,1,0,1,0,0,0,25,Low Risk
Customer_00053,2,2026-08-03,Premium,high_value,12,235,17,37,100,75,75,87.5,16.666666666666668,19.0,12.28070175438596,1,1,0,0,0,0,0,0,Low Risk
Customer_00053,2,2026-08-04,Premium,high_value,14,190,16,33,100,75,75,87.5,16.0,16.666666666666668,4.000000000000007,1,1,0,0,0,0,0,0,Low Risk
Customer_00053,2,2026-08-05,Premium,high_value,23,157,26,45,100,75,75,87.5,17.4,16.0,-8.749999999999991,1,1,0,1,1,0,0,45,Medium Risk
Customer_00054,7,2026-08-01,Basic,low_value,2,50,15,39,75,75,75,75.0,2.0,,,0,0,0,0,0,0,0,0,Low Risk
Customer_00054,7,2026-08-02,Basic,low_value,4,49,12,50,50,75,75,62.5,3.0,2.0,-50.0,0,0,0,0,1,0,0,20,Low Risk
Customer_00054,7,2026-08-03,Basic,low_value,2,43,25,11,50,75,100,67.5,2.6666666666666665,3.0,11.111111111111116,0,0,0,1,0,0,0,25,Low Risk
Customer_00054,7,2026-08-04,Basic,low_value,1,59,28,35,75,75,75,75.0,2.25,2.6666666666666665,15.624999999999996,0,0,0,1,0,0,0,25,Low Risk
Customer_00054,7,2026-08-05,Basic,low_value,5,45,25,20,50,75,100,67.5,2.8,2.25,-24.44444444444444,0,0,0,1,0,0,0,25,Low Risk
Customer_00055,9,2026-08-01,Basic,low_value,4,47,19,24,50,75,100,67.5,4.0,,,1,1,0,0,0,0,0,0,Low Risk
Customer_00055,9,2026-08-02,Basic,low_value,1,60,22,45,75,75,75,75.0,2.5,4.0,37.5,1,1,1,1,1,0,0,75,High Risk
Customer_00055,9,2026-08-03,Basic,low_value,4,45,29,47,50,75,75,62.5,3.0,2.5,-20.0,1,1,0,1,1,0,0,45,Medium Risk
Customer_00055,9,2026-08-04,Basic,low_value,3,60,25,10,75,75,100,80.0,3.0,3.0,0.0,1,1,0,1,0,0,0,25,Low Risk
Customer_00055,9,2026-08-05,Basic,low_value,4,56,1,41,75,100,75,82.5,3.2,3.0,-6.666666666666672,1,1,0,0,1,0,0,20,Low Risk
Customer_00056,6,2026-08-01,Standard,mid_value,8,83,30,13,75,75,100,80.0,8.0,,,1,1,0,1,0,0,0,25,Low Risk
Customer_00056,6,2026-08-02,Standard,mid_value,9,113,2,41,100,100,75,95.0,8.5,8.0,-6.25,1,1,0,0,1,0,0,20,Low Risk
Customer_00056,6,2026-08-03,Standard,mid_value,7,85,3,49,75,100,75,82.5,8.0,8.5,5.88235294117647,1,1,0,0,1,0,0,20,Low Risk
Customer_00056,6,2026-08-04,Standard,mid_value,15,84,3,29,75,100,100,87.5,9.75,8.0,-21.875,1,1,0,0,0,0,0,0,Low Risk
Customer_00056,6,2026-08-05,Standard,mid_value,13,116,16,45,100,75,75,87.5,10.4,9.75,-6.666666666666671,1,1,0,0,1,0,0,20,Low Risk
Customer_00057,10,2026-08-01,Premium,high_value,15,217,17,30,100,75,100,92.5,15.0,,,1,1,0,0,0,0,0,0,Low Risk
Customer_00057,10,2026-08-02,Premium,high_value,19,244,7,11,100,100,100,100.0,17.0,15.0,-13.333333333333334,1,1,0,0,0,0,0,0,Low Risk
Customer_00057,10,2026-08-03,Premium,high_value,17,233,28,47,100,75,75,87.5,17.0,17.0,0.0,1,1,0,1,1,0,0,45,Medium Risk
Customer_00057,10,2026-08-04,Premium,high_value,14,187,10,15,100,100,100,100.0,16.25,17.0,4.411764705882353,1,1,0,0,0,0,0,0,Low Risk
Customer_00057,10,2026-08-05,Premium,high_value,16,234,25,42,100,75,75,87.5,16.2,16.25,0.3076923076923121,1,1,0,1,1,0,0,45,Medium Risk
Customer_00058,6,2026-08-01,Standard,mid_value,6,92,16,41,75,75,75,75.0,6.0,,,1,1,0,0,1,0,0,20,Low Risk
Customer_00058,6,2026-08-02,Standard,mid_value,9,118,29,18,100,75,100,92.5,7.5,6.0,-25.0,1,1,0,1,0,0,0,25,Low Risk
Customer_00058,6,2026-08-03,Standard,mid_value,12,92,3,26,75,100,100,87.5,9.0,7.5,-20.0,1,1,0,0,0,0,0,0,Low Risk
Customer_00058,6,2026-08-04,Standard,mid_value,11,81,20,12,75,75,100,80.0,9.5,9.0,-5.555555555555555,1,1,0,0,0,0,0,0,Low Risk
Customer_00058,6,2026-08-05,Standard,mid_value,14,81,21,20,75,75,100,80.0,10.4,9.5,-9.47368421052632,1,1,0,1,0,0,0,25,Low Risk
Customer_00059,2,2026-08-01,Standard,mid_value,9,112,25,39,100,75,75,87.5,9.0,,,1,1,0,1,0,0,0,25,Low Risk
Customer_00059,2,2026-08-02,Standard,mid_value,6,86,4,14,75,100,100,87.5,7.5,9.0,16.666666666666664,1,1,0,0,0,0,0,0,Low Risk
Customer_00059,2,2026-08-03,Standard,mid_value,14,85,19,36,75,75,75,75.0,9.666666666666666,7.5,-28.88888888888888,1,1,0,0,0,0,0,0,Low Risk
Customer_00059,2,2026-08-04,Standard,mid_value,14,86,18,29,75,75,100,80.0,10.75,9.666666666666666,-11.206896551724146,1,1,0,0,0,0,0,0,Low Risk
Customer_00059,2,2026-08-05,Standard,mid_value,12,91,25,16,75,75,100,80.0,11.0,10.75,-2.3255813953488373,1,1,0,1,0,0,0,25,Low Risk
Customer_00060,6,2026-08-01,Standard,mid_value,12,81,24,18,75,75,100,80.0,12.0,,,0,0,0,1,0,0,0,25,Low Risk
Customer_00060,6,2026-08-02,Standard,mid_value,15,95,2,38,75,100,75,82.5,13.5,12.0,-12.5,0,0,0,0,0,0,0,0,Low Risk
Customer_00060,6,2026-08-03,Standard,mid_value,8,107,28,36,100,75,75,87.5,11.666666666666666,13.5,13.580246913580252,0,0,0,1,0,0,0,25,Low Risk
Customer_00060,6,2026-08-04,Standard,mid_value,13,90,28,14,75,75,100,80.0,12.0,11.666666666666666,-2.857142857142862,0,0,0,1,0,0,0,25,Low Risk
Customer_00060,6,2026-08-05,Standard,mid_value,6,82,7,16,75,100,100,87.5,10.8,12.0,9.999999999999991,0,0,0,0,0,0,0,0,Low Risk
Customer_00061,6,2026-08-01,Standard,mid_value,12,104,6,38,100,100,75,95.0,12.0,,,0,0,0,0,0,0,0,0,Low Risk
Customer_00061,6,2026-08-02,Standard,mid_value,6,99,0,33,75,100,75,82.5,9.0,12.0,25.0,0,0,0,0,0,0,0,0,Low Risk
Customer_00061,6,2026-08-03,Standard,mid_value,10,92,13,29,75,75,100,80.0,9.333333333333334,9.0,-3.7037037037037104,0,0,0,0,0,0,0,0,Low Risk
Customer_00061,6,2026-08-04,Standard,mid_value,8,90,3,21,75,100,100,87.5,9.0,9.333333333333334,3.5714285714285774,0,0,0,0,0,0,0,0,Low Risk
Customer_00061,6,2026-08-05,Standard,mid_value,14,93,3,25,75,100,100,87.5,10.0,9.0,-11.11111111111111,0,0,0,0,0,0,0,0,Low Risk
Customer_00062,2,2026-08-01,Standard,mid_value,9,117,13,50,100,75,75,87.5,9.0,,,0,0,0,0,1,0,0,20,Low Risk
Customer_00062,2,2026-08-02,Standard,mid_value,10,101,25,47,100,75,75,87.5,9.5,9.0,-5.555555555555555,0,0,0,1,1,0,0,45,Medium Risk
Customer_00062,2,2026-08-03,Standard,mid_value,7,93,14,49,75,75,75,75.0,8.666666666666666,9.5,8.77192982456141,0,0,0,0,1,0,0,20,Low Risk
Customer_00062,2,2026-08-04,Standard,mid_value,6,113,18,28,100,75,100,92.5,8.0,8.666666666666666,7.692307692307685,0,0,0,0,0,0,0,0,Low Risk
Customer_00062,2,2026-08-05,Standard,mid_value,13,107,15,35,100,75,75,87.5,9.0,8.0,-12.5,0,0,0,0,0,0,0,0,Low Risk
Customer_00063,4,2026-08-01,Standard,mid_value,8,89,26,36,75,75,75,75.0,8.0,,,0,0,0,1,0,0,0,25,Low Risk
Customer_00063,4,2026-08-02,Standard,mid_value,10,83,24,43,75,75,75,75.0,9.0,8.0,-12.5,0,0,0,1,1,0,0,45,Medium Risk
Customer_00063,4,2026-08-03,Standard,mid_value,12,111,6,18,100,100,100,100.0,10.0,9.0,-11.11111111111111,0,0,0,0,0,0,0,0,Low Risk
Customer_00063,4,2026-08-04,Standard,mid_value,9,102,5,12,100,100,100,100.0,9.75,10.0,2.5,0,0,0,0,0,0,0,0,Low Risk
Customer_00063,4,2026-08-05,Standard,mid_value,11,107,5,34,100,100,75,95.0,10.0,9.75,-2.564102564102564,0,0,0,0,0,0,0,0,Low Risk
Customer_00064,10,2026-08-01,Basic,low_value,2,58,2,23,75,100,100,87.5,2.0,,,1,1,0,0,0,0,0,0,Low Risk
Customer_00064,10,2026-08-02,Basic,low_value,1,59,4,26,75,100,100,87.5,1.5,2.0,25.0,1,1,0,0,0,0,0,0,Low Risk
Customer_00064,10,2026-08-03,Basic,low_value,2,41,18,13,50,75,100,67.5,1.6666666666666667,1.5,-11.111111111111116,1,1,0,0,0,0,0,0,Low Risk
Customer_00064,10,2026-08-04,Basic,low_value,1,41,14,20,50,75,100,67.5,1.5,1.6666666666666667,10.000000000000004,1,1,0,0,0,0,0,0,Low Risk
Customer_00064,10,2026-08-05,Basic,low_value,1,44,23,20,50,75,100,67.5,1.4,1.5,6.666666666666672,1,1,0,1,0,0,0,25,Low Risk
Customer_00065,3,2026-08-01,Standard,mid_value,14,83,2,37,75,100,75,82.5,14.0,,,1,1,0,0,0,0,0,0,Low Risk
Customer_00065,3,2026-08-02,Standard,mid_value,6,100,28,30,100,75,100,92.5,10.0,14.0,28.57142857142857,1,1,0,1,0,0,0,25,Low Risk
Customer_00065,3,2026-08-03,Standard,mid_value,9,111,8,41,100,100,75,95.0,9.666666666666666,10.0,3.33333333333334,1,1,0,0,1,0,0,20,Low Risk
Customer_00065,3,2026-08-04,Standard,mid_value,15,106,15,38,100,75,75,87.5,11.0,9.666666666666666,-13.79310344827587,1,1,0,0,0,0,0,0,Low Risk
Customer_00065,3,2026-08-05,Standard,mid_value,13,115,11,46,100,75,75,87.5,11.4,11.0,-3.63636363636364,1,1,0,0,1,0,0,20,Low Risk
Customer_00066,5,2026-08-01,Standard,mid_value,11,82,20,46,75,75,75,75.0,11.0,,,1,1,0,0,1,0,0,20,Low Risk
Customer_00066,5,2026-08-02,Standard,mid_value,11,109,17,17,100,75,100,92.5,11.0,11.0,0.0,1,1,0,0,0,0,0,0,Low Risk
Customer_00066,5,2026-08-03,Standard,mid_value,11,119,26,21,100,75,100,92.5,11.0,11.0,0.0,1,1,0,1,0,0,0,25,Low Risk
Customer_00066,5,2026-08-04,Standard,mid_value,7,106,9,42,100,100,75,95.0,10.0,11.0,9.090909090909092,1,1,0,0,1,0,0,20,Low Risk
Customer_00066,5,2026-08-05,Standard,mid_value,7,117,10,45,100,100,75,95.0,9.4,10.0,5.9999999999999964,1,1,0,0,1,0,0,20,Low Risk
Customer_00067,5,2026-08-01,Basic,low_value,3,54,8,22,75,100,100,87.5,3.0,,,1,1,0,0,0,0,0,0,Low Risk
Customer_00067,5,2026-08-02,Basic,low_value,2,57,28,26,75,75,100,80.0,2.5,3.0,16.666666666666664,1,1,0,1,0,0,0,25,Low Risk
Customer_00067,5,2026-08-03,Basic,low_value,4,42,17,28,50,75,100,67.5,3.0,2.5,-20.0,1,1,0,0,0,0,0,0,Low Risk
Customer_00067,5,2026-08-04,Basic,low_value,3,50,3,46,75,100,75,82.5,3.0,3.0,0.0,1,1,0,0,1,0,0,20,Low Risk
Customer_00067,5,2026-08-05,Basic,low_value,4,54,21,28,75,75,100,80.0,3.2,3.0,-6.666666666666672,1,1,0,1,0,0,0,25,Low Risk
Customer_00068,6,2026-08-01,Standard,mid_value,11,100,14,11,100,75,100,92.5,11.0,,,0,0,0,0,0,0,0,0,Low Risk
Customer_00068,6,2026-08-02,Standard,mid_value,12,97,8,50,75,100,75,82.5,11.5,11.0,-4.545454545454546,0,0,0,0,1,0,0,20,Low Risk
Customer_00068,6,2026-08-03,Standard,mid_value,12,93,17,41,75,75,75,75.0,11.666666666666666,11.5,-1.4492753623188357,0,0,0,0,1,0,0,20,Low Risk
Customer_00068,6,2026-08-04,Standard,mid_value,13,103,14,39,100,75,75,87.5,12.0,11.666666666666666,-2.857142857142862,0,0,0,0,0,0,0,0,Low Risk
Customer_00068,6,2026-08-05,Standard,mid_value,7,95,2,19,75,100,100,87.5,11.0,12.0,8.333333333333332,0,0,0,0,0,0,0,0,Low Risk
Customer_00069,3,2026-08-01,Standard,mid_value,13,86,5,39,75,100,75,82.5,13.0,,,0,0,0,0,0,0,0,0,Low Risk
Customer_00069,3,2026-08-02,Standard,mid_value,13,98,17,35,75,75,75,75.0,13.0,13.0,0.0,0,0,0,0,0,0,0,0,Low Risk
Customer_00069,3,2026-08-03,Standard,mid_value,14,108,1,43,100,100,75,95.0,13.333333333333334,13.0,-2.5641025641025683,0,0,0,0,1,0,0,20,Low Risk
Customer_00069,3,2026-08-04,Standard,mid_value,15,103,4,12,100,100,100,100.0,13.75,13.333333333333334,-3.124999999999996,0,0,0,0,0,0,0,0,Low Risk
Customer_00069,3,2026-08-05,Standard,mid_value,15,113,15,40,100,75,75,87.5,14.0,13.75,-1.818181818181818,0,0,0,0,0,0,0,0,Low Risk
Customer_00070,6,2026-08-01,Standard,mid_value,8,105,14,29,100,75,100,92.5,8.0,,,0,0,0,0,0,0,0,0,Low Risk
Customer_00070,6,2026-08-02,Standard,mid_value,9,96,26,36,75,75,75,75.0,8.5,8.0,-6.25,0,0,0,1,0,0,0,25,Low Risk
Customer_00070,6,2026-08-03,Standard,mid_value,6,108,17,44,100,75,75,87.5,7.666666666666667,8.5,9.803921568627448,0,0,0,0,1,0,0,20,Low Risk
Customer_00070,6,2026-08-04,Standard,mid_value,8,117,24,15,100,75,100,92.5,7.75,7.666666666666667,-1.0869565217391266,0,0,0,1,0,0,0,25,Low Risk
Customer_00070,6,2026-08-05,Standard,mid_value,8,94,2,21,75,100,100,87.5,7.8,7.75,-0.6451612903225784,0,0,0,0,0,0,0,0,Low Risk
Customer_00071,4,2026-08-01,Basic,low_value,4,57,23,16,75,75,100,80.0,4.0,,,0,0,0,1,0,0,0,25,Low Risk
Customer_00071,4,2026-08-02,Basic,low_value,4,52,8,34,75,100,75,82.5,4.0,4.0,0.0,0,0,0,0,0,0,0,0,Low Risk
Customer_00071,4,2026-08-03,Basic,low_value,3,55,16,18,75,75,100,80.0,3.6666666666666665,4.0,8.333333333333337,0,0,0,0,0,0,0,0,Low Risk
Customer_00071,4,2026-08-04,Basic,low_value,3,45,17,10,50,75,100,67.5,3.5,3.6666666666666665,4.545454545454541,0,0,0,0,0,0,0,0,Low Risk
Customer_00071,4,2026-08-05,Basic,low_value,1,53,12,40,75,75,75,75.0,3.0,3.5,14.285714285714285,0,0,0,0,0,0,0,0,Low Risk
Customer_00072,5,2026-08-01,Premium,high_value,11,156,11,31,100,75,75,87.5,11.0,,,1,1,0,0,0,0,0,0,Low Risk
Customer_00072,5,2026-08-02,Premium,high_value,23,179,3,37,100,100,75,95.0,17.0,11.0,-54.54545454545454,1,1,0,0,0,0,0,0,Low Risk
Customer_00072,5,2026-08-03,Premium,high_value,19,241,16,27,100,75,100,92.5,17.666666666666668,17.0,-3.9215686274509873,1,1,0,0,0,0,0,0,Low Risk
Customer_00072,5,2026-08-04,Premium,high_value,24,200,9,42,100,100,75,95.0,19.25,17.666666666666668,-8.962264150943389,1,1,0,0,1,0,0,20,Low Risk
Customer_00072,5,2026-08-05,Premium,high_value,24,176,24,16,100,75,100,92.5,20.2,19.25,-4.935064935064931,1,1,0,1,0,0,0,25,Low Risk
Customer_00073,10,2026-08-01,Standard,mid_value,12,99,21,41,75,75,75,75.0,12.0,,,1,1,0,1,1,0,0,45,Medium Risk
Customer_00073,10,2026-08-02,Standard,mid_value,11,104,28,26,100,75,100,92.5,11.5,12.0,4.166666666666666,1,1,0,1,0,0,0,25,Low Risk
Customer_00073,10,2026-08-03,Standard,mid_value,9,89,0,19,75,100,100,87.5,10.666666666666666,11.5,7.246376811594208,1,1,0,0,0,0,0,0,Low Risk
Customer_00073,10,2026-08-04,Standard,mid_value,10,88,19,12,75,75,100,80.0,10.5,10.666666666666666,1.5624999999999944,1,1,0,0,0,0,0,0,Low Risk
Customer_00073,10,2026-08-05,Standard,mid_value,8,114,3,29,100,100,100,100.0,10.0,10.5,4.761904761904762,1,1,0,0,0,0,0,0,Low Risk
Customer_00074,3,2026-08-01,Premium,high_value,19,229,25,27,100,75,100,92.5,19.0,,,1,1,0,1,0,0,0,25,Low Risk
Customer_00074,3,2026-08-02,Premium,high_value,12,167,4,27,100,100,100,100.0,15.5,19.0,18.421052631578945,1,1,0,0,0,0,0,0,Low Risk
Customer_00074,3,2026-08-03,Premium,high_value,24,211,9,45,100,100,75,95.0,18.33333333333333,15.5,-18.27956989247311,1,1,0,0,1,0,0,20,Low Risk
Customer_00074,3,2026-08-04,Premium,high_value,23,229,14,12,100,75,100,92.5,19.5,18.33333333333333,-6.3636363636363695,1,1,0,0,0,0,0,0,Low Risk
Customer_00074,3,2026-08-05,Premium,high_value,22,231,8,20,100,100,100,100.0,20.0,19.5,-2.564102564102564,1,1,0,0,0,0,0,0,Low Risk
Customer_00075,7,2026-08-01,Standard,mid_value,6,105,3,46,100,100,75,95.0,6.0,,,0,0,0,0,1,0,0,20,Low Risk
Customer_00075,7,2026-08-02,Standard,mid_value,11,108,30,27,100,75,100,92.5,8.5,6.0,-41.66666666666667,0,0,0,1,0,0,0,25,Low Risk
Customer_00075,7,2026-08-03,Standard,mid_value,14,80,28,33,75,75,75,75.0,10.333333333333334,8.5,-21.5686274509804,0,0,0,1,0,0,0,25,Low Risk
Customer_00075,7,2026-08-04,Standard,mid_value,7,82,23,38,75,75,75,75.0,9.5,10.333333333333334,8.064516129032263,0,0,0,1,0,0,0,25,Low Risk
Customer_00075,7,2026-08-05,Standard,mid_value,12,100,7,50,100,100,75,95.0,10.0,9.5,-5.263157894736842,0,0,0,0,1,0,0,20,Low Risk
Customer_00076,8,2026-08-01,Standard,mid_value,7,83,17,46,75,75,75,75.0,7.0,,,1,1,0,0,1,0,0,20,Low Risk
Customer_00076,8,2026-08-02,Standard,mid_value,10,80,19,31,75,75,75,75.0,8.5,7.0,-21.428571428571427,1,1,0,0,0,0,0,0,Low Risk
Customer_00076,8,2026-08-03,Standard,mid_value,13,112,14,45,100,75,75,87.5,10.0,8.5,-17.647058823529413,1,1,0,0,1,0,0,20,Low Risk
Customer_00076,8,2026-08-04,Standard,mid_value,5,112,8,18,100,100,100,100.0,8.75,10.0,12.5,1,1,0,0,0,0,0,0,Low Risk
Customer_00076,8,2026-08-05,Standard,mid_value,11,93,9,48,75,100,75,82.5,9.2,8.75,-5.142857142857134,1,1,0,0,1,0,0,20,Low Risk
Customer_00077,5,2026-08-01,Standard,mid_value,7,87,11,35,75,75,75,75.0,7.0,,,1,1,0,0,0,0,0,0,Low Risk
Customer_00077,5,2026-08-02,Standard,mid_value,8,104,11,39,100,75,75,87.5,7.5,7.0,-7.142857142857142,1,1,0,0,0,0,0,0,Low Risk
Customer_00077,5,2026-08-03,Standard,mid_value,8,111,14,10,100,75,100,92.5,7.666666666666667,7.5,-2.2222222222222263,1,1,0,0,0,0,0,0,Low Risk
Customer_00077,5,2026-08-04,Standard,mid_value,9,94,22,46,75,75,75,75.0,8.0,7.666666666666667,-4.347826086956517,1,1,0,1,1,0,0,45,Medium Risk
Customer_00077,5,2026-08-05,Standard,mid_value,7,101,8,32,100,100,75,95.0,7.8,8.0,2.500000000000002,1,1,0,0,0,0,0,0,Low Risk
Customer_00078,9,2026-08-01,Premium,high_value,21,244,19,33,100,75,75,87.5,21.0,,,1,1,0,0,0,0,0,0,Low Risk
Customer_00078,9,2026-08-02,Premium,high_value,22,170,21,49,100,75,75,87.5,21.5,21.0,-2.380952380952381,1,1,0,1,1,0,0,45,Medium Risk
Customer_00078,9,2026-08-03,Premium,high_value,15,233,7,33,100,100,75,95.0,19.33333333333333,21.5,10.077519379844968,1,1,0,0,0,0,0,0,Low Risk
Customer_00078,9,2026-08-04,Premium,high_value,21,235,6,10,100,100,100,100.0,19.75,19.33333333333333,-2.15517241379311,1,1,0,0,0,0,0,0,Low Risk
Customer_00078,9,2026-08-05,Premium,high_value,19,222,23,37,100,75,75,87.5,19.6,19.75,0.7594936708860687,1,1,0,1,0,0,0,25,Low Risk
Customer_00079,2,2026-08-01,Standard,mid_value,13,116,18,19,100,75,100,92.5,13.0,,,1,1,0,0,0,0,0,0,Low Risk
Customer_00079,2,2026-08-02,Standard,mid_value,12,113,5,20,100,100,100,100.0,12.5,13.0,3.8461538461538463,1,1,0,0,0,0,0,0,Low Risk
Customer_00079,2,2026-08-03,Standard,mid_value,9,111,27,14,100,75,100,92.5,11.333333333333334,12.5,9.333333333333329,1,1,0,1,0,0,0,25,Low Risk
Customer_00079,2,2026-08-04,Standard,mid_value,12,89,0,47,75,100,75,82.5,11.5,11.333333333333334,-1.4705882352941124,1,1,0,0,1,0,0,20,Low Risk
Customer_00079,2,2026-08-05,Standard,mid_value,13,93,12,44,75,75,75,75.0,11.8,11.5,-2.6086956521739197,1,1,0,0,1,0,0,20,Low Risk
Customer_00080,6,2026-08-01,Standard,mid_value,9,105,12,21,100,75,100,92.5,9.0,,,1,1,0,0,0,0,0,0,Low Risk
Customer_00080,6,2026-08-02,Standard,mid_value,7,115,11,17,100,75,100,92.5,8.0,9.0,11.11111111111111,1,1,0,0,0,0,0,0,Low Risk
Customer_00080,6,2026-08-03,Standard,mid_value,11,111,20,34,100,75,75,87.5,9.0,8.0,-12.5,1,1,0,0,0,0,0,0,Low Risk
Customer_00080,6,2026-08-04,Standard,mid_value,10,95,27,45,75,75,75,75.0,9.25,9.0,-2.7777777777777777,1,1,0,1,1,0,0,45,Medium Risk
Customer_00080,6,2026-08-05,Standard,mid_value,11,117,28,32,100,75,75,87.5,9.6,9.25,-3.78378378378378,1,1,0,1,0,0,0,25,Low Risk
Customer_00081,2,2026-08-01,Standard,mid_value,9,116,29,15,100,75,100,92.5,9.0,,,1,1,0,1,0,0,0,25,Low Risk
Customer_00081,2,2026-08-02,Standard,mid_value,11,95,12,31,75,75,75,75.0,10.0,9.0,-11.11111111111111,1,1,0,0,0,0,0,0,Low Risk
Customer_00081,2,2026-08-03,Standard,mid_value,5,92,1,21,75,100,100,87.5,8.333333333333334,10.0,16.66666666666666,1,1,0,0,0,0,0,0,Low Risk
Customer_00081,2,2026-08-04,Standard,mid_value,12,111,22,23,100,75,100,92.5,9.25,8.333333333333334,-10.999999999999991,1,1,0,1,0,0,0,25,Low Risk
Customer_00081,2,2026-08-05,Standard,mid_value,8,99,28,20,75,75,100,80.0,9.0,9.25,2.702702702702702,1,1,0,1,0,0,0,25,Low Risk
Customer_00082,3,2026-08-01,Premium,high_value,16,187,22,45,100,75,75,87.5,16.0,,,1,1,0,1,1,0,0,45,Medium Risk
Customer_00082,3,2026-08-02,Premium,high_value,16,225,14,24,100,75,100,92.5,16.0,16.0,0.0,1,1,0,0,0,0,0,0,Low Risk
Customer_00082,3,2026-08-03,Premium,high_value,20,219,21,31,100,75,75,87.5,17.333333333333332,16.0,-8.333333333333325,1,1,0,1,0,0,0,25,Low Risk
Customer_00082,3,2026-08-04,Premium,high_value,18,159,30,44,100,75,75,87.5,17.5,17.333333333333332,-0.9615384615384684,1,1,0,1,1,0,0,45,Medium Risk
Customer_00082,3,2026-08-05,Premium,high_value,19,182,8,18,100,100,100,100.0,17.8,17.5,-1.7142857142857182,1,1,0,0,0,0,0,0,Low Risk
Customer_00083,7,2026-08-01,Standard,mid_value,8,95,23,32,75,75,75,75.0,8.0,,,1,1,0,1,0,0,0,25,Low Risk
Customer_00083,7,2026-08-02,Standard,mid_value,13,108,21,24,100,75,100,92.5,10.5,8.0,-31.25,1,1,0,1,0,0,0,25,Low Risk
Customer_00083,7,2026-08-03,Standard,mid_value,6,100,21,15,100,75,100,92.5,9.0,10.5,14.285714285714285,1,1,0,1,0,0,0,25,Low Risk
Customer_00083,7,2026-08-04,Standard,mid_value,13,95,24,21,75,75,100,80.0,10.0,9.0,-11.11111111111111,1,1,0,1,0,0,0,25,Low Risk
Customer_00083,7,2026-08-05,Standard,mid_value,13,93,3,20,75,100,100,87.5,10.6,10.0,-5.9999999999999964,1,1,0,0,0,0,0,0,Low Risk
Customer_00084,2,2026-08-01,Standard,mid_value,6,88,29,33,75,75,75,75.0,6.0,,,1,1,0,1,0,0,0,25,Low Risk
Customer_00084,2,2026-08-02,Standard,mid_value,6,98,28,42,75,75,75,75.0,6.0,6.0,0.0,1,1,0,1,1,0,0,45,Medium Risk
Customer_00084,2,2026-08-03,Standard,mid_value,9,119,27,12,100,75,100,92.5,7.0,6.0,-16.666666666666664,1,1,0,1,0,0,0,25,Low Risk
Customer_00084,2,2026-08-04,Standard,mid_value,6,83,16,25,75,75,100,80.0,6.75,7.0,3.571428571428571,1,1,0,0,0,0,0,0,Low Risk
Customer_00084,2,2026-08-05,Standard,mid_value,6,118,18,49,100,75,75,87.5,6.6,6.75,2.222222222222228,1,1,0,0,1,0,0,20,Low Risk
Customer_00085,5,2026-08-01,Premium,high_value,15,210,17,44,100,75,75,87.5,15.0,,,1,1,0,0,1,0,0,20,Low Risk
Customer_00085,5,2026-08-02,Premium,high_value,22,171,27,21,100,75,100,92.5,18.5,15.0,-23.33333333333333,1,1,0,1,0,0,0,25,Low Risk
Customer_00085,5,2026-08-03,Premium,high_value,19,187,15,20,100,75,100,92.5,18.666666666666668,18.5,-0.9009009009009074,1,1,0,0,0,0,0,0,Low Risk
Customer_00085,5,2026-08-04,Premium,high_value,20,161,28,38,100,75,75,87.5,19.0,18.666666666666668,-1.7857142857142794,1,1,0,1,0,0,0,25,Low Risk
Customer_00085,5,2026-08-05,Premium,high_value,11,243,10,36,100,100,75,95.0,17.4,19.0,8.421052631578956,1,1,0,0,0,0,0,0,Low Risk
Customer_00086,8,2026-08-01,Premium,high_value,15,204,26,13,100,75,100,92.5,15.0,,,0,0,0,1,0,0,0,25,Low Risk
Customer_00086,8,2026-08-02,Premium,high_value,17,225,10,21,100,100,100,100.0,16.0,15.0,-6.666666666666667,0,0,0,0,0,0,0,0,Low Risk
Customer_00086,8,2026-08-03,Premium,high_value,18,250,10,22,100,100,100,100.0,16.666666666666668,16.0,-4.166666666666674,0,0,0,0,0,0,0,0,Low Risk
Customer_00086,8,2026-08-04,Premium,high_value,21,243,26,32,100,75,75,87.5,17.75,16.666666666666668,-6.499999999999992,0,0,0,1,0,0,0,25,Low Risk
Customer_00086,8,2026-08-05,Premium,high_value,19,159,16,32,100,75,75,87.5,18.0,17.75,-1.4084507042253522,0,0,0,0,0,0,0,0,Low Risk
Customer_00087,7,2026-08-01,Basic,low_value,3,48,2,24,50,100,100,75.0,3.0,,,0,0,0,0,0,0,0,0,Low Risk
Customer_00087,7,2026-08-02,Basic,low_value,3,59,30,32,75,75,75,75.0,3.0,3.0,0.0,0,0,0,1,0,0,0,25,Low Risk
Customer_00087,7,2026-08-03,Basic,low_value,5,53,18,17,75,75,100,80.0,3.6666666666666665,3.0,-22.222222222222214,0,0,0,0,0,0,0,0,Low Risk
Customer_00087,7,2026-08-04,Basic,low_value,4,43,17,31,50,75,75,62.5,3.75,3.6666666666666665,-2.272727272727277,0,0,0,0,0,0,0,0,Low Risk
Customer_00087,7,2026-08-05,Basic,low_value,4,59,28,48,75,75,75,75.0,3.8,3.75,-1.3333333333333286,0,0,0,1,1,0,0,45,Medium Risk
Customer_00088,6,2026-08-01,Standard,mid_value,12,108,3,11,100,100,100,100.0,12.0,,,0,0,0,0,0,0,0,0,Low Risk
Customer_00088,6,2026-08-02,Standard,mid_value,10,93,9,25,75,100,100,87.5,11.0,12.0,8.333333333333332,0,0,0,0,0,0,0,0,Low Risk
Customer_00088,6,2026-08-03,Standard,mid_value,9,81,28,17,75,75,100,80.0,10.333333333333334,11.0,6.060606060606055,0,0,0,1,0,0,0,25,Low Risk
Customer_00088,6,2026-08-04,Standard,mid_value,14,83,0,22,75,100,100,87.5,11.25,10.333333333333334,-8.870967741935477,0,0,0,0,0,0,0,0,Low Risk
Customer_00088,6,2026-08-05,Standard,mid_value,6,105,19,20,100,75,100,92.5,10.2,11.25,9.33333333333334,0,0,0,0,0,0,0,0,Low Risk
Customer_00089,4,2026-08-01,Standard,mid_value,14,97,17,26,75,75,100,80.0,14.0,,,0,0,0,0,0,0,0,0,Low Risk
Customer_00089,4,2026-08-02,Standard,mid_value,10,115,19,35,100,75,75,87.5,12.0,14.0,14.285714285714285,0,0,0,0,0,0,0,0,Low Risk
Customer_00089,4,2026-08-03,Standard,mid_value,6,109,28,18,100,75,100,92.5,10.0,12.0,16.666666666666664,0,0,0,1,0,0,0,25,Low Risk
Customer_00089,4,2026-08-04,Standard,mid_value,15,90,23,38,75,75,75,75.0,11.25,10.0,-12.5,0,0,0,1,0,0,0,25,Low Risk
Customer_00089,4,2026-08-05,Standard,mid_value,13,106,2,40,100,100,75,95.0,11.6,11.25,-3.111111111111108,0,0,0,0,0,0,0,0,Low Risk
Customer_00090,1,2026-08-01,Premium,high_value,10,240,9,14,100,100,100,100.0,10.0,,,1,1,0,0,0,0,0,0,Low Risk
Customer_00090,1,2026-08-02,Premium,high_value,22,184,19,22,100,75,100,92.5,16.0,10.0,-60.0,1,1,0,0,0,0,0,0,Low Risk
Customer_00090,1,2026-08-03,Premium,high_value,14,187,2,30,100,100,100,100.0,15.333333333333334,16.0,4.166666666666663,1,1,0,0,0,0,0,0,Low Risk
Customer_00090,1,2026-08-04,Premium,high_value,11,250,9,41,100,100,75,95.0,14.25,15.333333333333334,7.065217391304351,1,1,0,0,1,0,0,20,Low Risk
Customer_00090,1,2026-08-05,Premium,high_value,24,198,17,15,100,75,100,92.5,16.2,14.25,-13.684210526315784,1,1,0,0,0,0,0,0,Low Risk
Customer_00091,6,2026-08-01,Basic,low_value,4,43,6,44,50,100,75,70.0,4.0,,,1,1,0,0,1,0,0,20,Low Risk
Customer_00091,6,2026-08-02,Basic,low_value,1,56,8,34,75,100,75,82.5,2.5,4.0,37.5,1,1,1,0,0,0,0,30,Low Risk
Customer_00091,6,2026-08-03,Basic,low_value,5,59,4,16,75,100,100,87.5,3.333333333333333,2.5,-33.333333333333336,1,1,0,0,0,0,0,0,Low Risk
Customer_00091,6,2026-08-04,Basic,low_value,2,46,0,18,50,100,100,75.0,3.0,3.333333333333333,10.000000000000004,1,1,0,0,0,0,0,0,Low Risk
Customer_00091,6,2026-08-05,Basic,low_value,5,53,29,44,75,75,75,75.0,3.4,3.0,-13.33333333333333,1,1,0,1,1,0,0,45,Medium Risk
Customer_00092,1,2026-08-01,Standard,mid_value,12,100,7,47,100,100,75,95.0,12.0,,,0,0,0,0,1,0,0,20,Low Risk
Customer_00092,1,2026-08-02,Standard,mid_value,9,95,13,49,75,75,75,75.0,10.5,12.0,12.5,0,0,0,0,1,0,0,20,Low Risk
Customer_00092,1,2026-08-03,Standard,mid_value,11,111,23,14,100,75,100,92.5,10.666666666666666,10.5,-1.5873015873015817,0,0,0,1,0,0,0,25,Low Risk
Customer_00092,1,2026-08-04,Standard,mid_value,13,95,8,32,75,100,75,82.5,11.25,10.666666666666666,-5.468750000000005,0,0,0,0,0,0,0,0,Low Risk
Customer_00092,1,2026-08-05,Standard,mid_value,13,110,14,33,100,75,75,87.5,11.6,11.25,-3.111111111111108,0,0,0,0,0,0,0,0,Low Risk
Customer_00093,3,2026-08-01,Standard,mid_value,9,109,23,34,100,75,75,87.5,9.0,,,0,0,0,1,0,0,0,25,Low Risk
Customer_00093,3,2026-08-02,Standard,mid_value,11,80,22,25,75,75,100,80.0,10.0,9.0,-11.11111111111111,0,0,0,1,0,0,0,25,Low Risk
Customer_00093,3,2026-08-03,Standard,mid_value,12,102,25,16,100,75,100,92.5,10.666666666666666,10.0,-6.666666666666661,0,0,0,1,0,0,0,25,Low Risk
Customer_00093,3,2026-08-04,Standard,mid_value,6,106,19,46,100,75,75,87.5,9.5,10.666666666666666,10.937499999999996,0,0,0,0,1,0,0,20,Low Risk
Customer_00093,3,2026-08-05,Standard,mid_value,6,98,9,41,75,100,75,82.5,8.8,9.5,7.368421052631572,0,0,0,0,1,0,0,20,Low Risk
Customer_00094,4,2026-08-01,Standard,mid_value,15,110,26,14,100,75,100,92.5,15.0,,,1,1,0,1,0,0,0,25,Low Risk
Customer_00094,4,2026-08-02,Standard,mid_value,6,87,12,15,75,75,100,80.0,10.5,15.0,30.0,1,1,1,0,0,0,0,30,Low Risk
Customer_00094,4,2026-08-03,Standard,mid_value,14,120,6,30,100,100,100,100.0,11.666666666666666,10.5,-11.111111111111104,1,1,0,0,0,0,0,0,Low Risk
Customer_00094,4,2026-08-04,Standard,mid_value,14,87,2,44,75,100,75,82.5,12.25,11.666666666666666,-5.000000000000005,1,1,0,0,1,0,0,20,Low Risk
Customer_00094,4,2026-08-05,Standard,mid_value,10,106,14,22,100,75,100,92.5,11.8,12.25,3.673469387755096,1,1,0,0,0,0,0,0,Low Risk
Customer_00095,10,2026-08-01,Standard,mid_value,6,94,30,42,75,75,75,75.0,6.0,,,1,1,0,1,1,0,0,45,Medium Risk
Customer_00095,10,2026-08-02,Standard,mid_value,15,96,3,33,75,100,75,82.5,10.5,6.0,-75.0,1,1,0,0,0,0,0,0,Low Risk
Customer_00095,10,2026-08-03,Standard,mid_value,12,109,5,41,100,100,75,95.0,11.0,10.5,-4.761904761904762,1,1,0,0,1,0,0,20,Low Risk
Customer_00095,10,2026-08-04,Standard,mid_value,6,99,16,17,75,75,100,80.0,9.75,11.0,11.363636363636363,1,1,0,0,0,0,0,0,Low Risk
Customer_00095,10,2026-08-05,Standard,mid_value,9,112,1,46,100,100,75,95.0,9.6,9.75,1.538461538461542,1,1,0,0,1,0,0,20,Low Risk
Customer_00096,3,2026-08-01,Standard,mid_value,8,96,16,36,75,75,75,75.0,8.0,,,1,1,0,0,0,0,0,0,Low Risk
Customer_00096,3,2026-08-02,Standard,mid_value,10,104,23,19,100,75,100,92.5,9.0,8.0,-12.5,1,1,0,1,0,0,0,25,Low Risk
Customer_00096,3,2026-08-03,Standard,mid_value,7,91,27,15,75,75,100,80.0,8.333333333333334,9.0,7.407407407407401,1,1,0,1,0,0,0,25,Low Risk
Customer_00096,3,2026-08-04,Standard,mid_value,6,84,25,49,75,75,75,75.0,7.75,8.333333333333334,7.000000000000006,1,1,0,1,1,0,0,45,Medium Risk
Customer_00096,3,2026-08-05,Standard,mid_value,14,82,13,21,75,75,100,80.0,9.0,7.75,-16.129032258064516,1,1,0,0,0,0,0,0,Low Risk
Customer_00097,9,2026-08-01,Standard,mid_value,13,101,23,13,100,75,100,92.5,13.0,,,1,1,0,1,0,0,0,25,Low Risk
Customer_00097,9,2026-08-02,Standard,mid_value,10,89,24,38,75,75,75,75.0,11.5,13.0,11.538461538461538,1,1,0,1,0,0,0,25,Low Risk
Customer_00097,9,2026-08-03,Standard,mid_value,9,93,0,41,75,100,75,82.5,10.666666666666666,11.5,7.246376811594208,1,1,0,0,1,0,0,20,Low Risk
Customer_00097,9,2026-08-04,Standard,mid_value,9,109,21,27,100,75,100,92.5,10.25,10.666666666666666,3.9062499999999942,1,1,0,1,0,0,0,25,Low Risk
Customer_00097,9,2026-08-05,Standard,mid_value,13,93,18,26,75,75,100,80.0,10.8,10.25,-5.365853658536592,1,1,0,0,0,0,0,0,Low Risk
Customer_00098,9,2026-08-01,Standard,mid_value,12,103,0,11,100,100,100,100.0,12.0,,,0,0,0,0,0,0,0,0,Low Risk
Customer_00098,9,2026-08-02,Standard,mid_value,15,95,10,39,75,100,75,82.5,13.5,12.0,-12.5,0,0,0,0,0,0,0,0,Low Risk
Customer_00098,9,2026-08-03,Standard,mid_value,12,113,3,40,100,100,75,95.0,13.0,13.5,3.7037037037037033,0,0,0,0,0,0,0,0,Low Risk
Customer_00098,9,2026-08-04,Standard,mid_value,12,110,26,25,100,75,100,92.5,12.75,13.0,1.9230769230769231,0,0,0,1,0,0,0,25,Low Risk
Customer_00098,9,2026-08-05,Standard,mid_value,8,118,24,33,100,75,75,87.5,11.8,12.75,7.450980392156857,0,0,0,1,0,0,0,25,Low Risk
Customer_00099,1,2026-08-01,Premium,high_value,13,221,23,19,100,75,100,92.5,13.0,,,0,0,0,1,0,0,0,25,Low Risk
Customer_00099,1,2026-08-02,Premium,high_value,22,221,20,32,100,75,75,87.5,17.5,13.0,-34.61538461538461,0,0,0,0,0,0,0,0,Low Risk
Customer_00099,1,2026-08-03,Premium,high_value,12,195,24,18,100,75,100,92.5,15.666666666666666,17.5,10.47619047619048,0,0,0,1,0,0,0,25,Low Risk
Customer_00099,1,2026-08-04,Premium,high_value,22,157,30,50,100,75,75,87.5,17.25,15.666666666666666,-10.106382978723408,0,0,0,1,1,0,0,45,Medium Risk
Customer_00099,1,2026-08-05,Premium,high_value,18,208,8,49,100,100,75,95.0,17.4,17.25,-0.869565217391296,0,0,0,0,1,0,0,20,Low Risk
Customer_00100,7,2026-08-01,Standard,mid_value,11,96,29,42,75,75,75,75.0,11.0,,,1,1,0,1,1,0,0,45,Medium Risk
Customer_00100,7,2026-08-02,Standard,mid_value,10,98,26,22,75,75,100,80.0,10.5,11.0,4.545454545454546,1,1,0,1,0,0,0,25,Low Risk
Customer_00100,7,2026-08-03,Standard,mid_value,5,95,21,11,75,75,100,80.0,8.666666666666666,10.5,17.460317460317466,1,1,0,1,0,0,0,25,Low Risk
Customer_00100,7,2026-08-04,Standard,mid_value,6,101,13,12,100,75,100,92.5,8.0,8.666666666666666,7.692307692307685,1,1,0,0,0,0,0,0,Low Risk
Customer_00100,7,2026-08-05,Standard,mid_value,14,84,28,25,75,75,100,80.0,9.2,8.0,-14.999999999999991,1,1,0,1,0,0,0,25,Low Risk
Customer_00101,10,2026-08-01,Standard,mid_value,15,108,27,34,100,75,75,87.5,15.0,,,1,1,0,1,0,0,0,25,Low Risk
Customer_00101,10,2026-08-02,Standard,mid_value,6,111,21,22,100,75,100,92.5,10.5,15.0,30.0,1,1,1,1,0,0,0,55,Medium Risk
Customer_00101,10,2026-08-03,Standard,mid_value,14,100,24,20,100,75,100,92.5,11.666666666666666,10.5,-11.111111111111104,1,1,0,1,0,0,0,25,Low Risk
Customer_00101,10,2026-08-04,Standard,mid_value,10,112,6,38,100,100,75,95.0,11.25,11.666666666666666,3.5714285714285663,1,1,0,0,0,0,0,0,Low Risk
Customer_00101,10,2026-08-05,Standard,mid_value,7,108,6,15,100,100,100,100.0,10.4,11.25,7.555555555555553,1,1,0,0,0,0,0,0,Low Risk
Customer_00102,6,2026-08-01,Standard,mid_value,9,107,23,45,100,75,75,87.5,9.0,,,1,1,0,1,1,0,0,45,Medium Risk
Customer_00102,6,2026-08-02,Standard,mid_value,9,97,23,32,75,75,75,75.0,9.0,9.0,0.0,1,1,0,1,0,0,0,25,Low Risk
Customer_00102,6,2026-08-03,Standard,mid_value,12,106,7,47,100,100,75,95.0,10.0,9.0,-11.11111111111111,1,1,0,0,1,0,0,20,Low Risk
Customer_00102,6,2026-08-04,Standard,mid_value,5,100,3,39,100,100,75,95.0,8.75,10.0,12.5,1,1,0,0,0,0,0,0,Low Risk
Customer_00102,6,2026-08-05,Standard,mid_value,15,98,16,35,75,75,75,75.0,10.0,8.75,-14.285714285714285,1,1,0,0,0,0,0,0,Low Risk
Customer_00103,8,2026-08-01,Standard,mid_value,10,102,28,36,100,75,75,87.5,10.0,,,1,1,0,1,0,0,0,25,Low Risk
Customer_00103,8,2026-08-02,Standard,mid_value,15,93,7,35,75,100,75,82.5,12.5,10.0,-25.0,1,1,0,0,0,0,0,0,Low Risk
Customer_00103,8,2026-08-03,Standard,mid_value,11,111,4,48,100,100,75,95.0,12.0,12.5,4.0,1,1,0,0,1,0,0,20,Low Risk
Customer_00103,8,2026-08-04,Standard,mid_value,10,116,8,37,100,100,75,95.0,11.5,12.0,4.166666666666666,1,1,0,0,0,0,0,0,Low Risk
Customer_00103,8,2026-08-05,Standard,mid_value,8,90,23,41,75,75,75,75.0,10.8,11.5,6.086956521739125,1,1,0,1,1,0,0,45,Medium Risk
Customer_00104,9,2026-08-01,Standard,mid_value,10,97,20,15,75,75,100,80.0,10.0,,,1,1,0,0,0,0,0,0,Low Risk
Customer_00104,9,2026-08-02,Standard,mid_value,14,89,26,34,75,75,75,75.0,12.0,10.0,-20.0,1,1,0,1,0,0,0,25,Low Risk
Customer_00104,9,2026-08-03,Standard,mid_value,6,113,28,26,100,75,100,92.5,10.0,12.0,16.666666666666664,1,1,0,1,0,0,0,25,Low Risk
Customer_00104,9,2026-08-04,Standard,mid_value,7,112,5,46,100,100,75,95.0,9.25,10.0,7.5,1,1,0,0,1,0,0,20,Low Risk
Customer_00104,9,2026-08-05,Standard,mid_value,12,81,8,11,75,100,100,87.5,9.8,9.25,-5.945945945945954,1,1,0,0,0,0,0,0,Low Risk
Customer_00105,8,2026-08-01,Standard,mid_value,9,109,27,43,100,75,75,87.5,9.0,,,1,1,0,1,1,0,0,45,Medium Risk
Customer_00105,8,2026-08-02,Standard,mid_value,7,105,29,39,100,75,75,87.5,8.0,9.0,11.11111111111111,1,1,0,1,0,0,0,25,Low Risk
Customer_00105,8,2026-08-03,Standard,mid_value,9,116,5,13,100,100,100,100.0,8.333333333333334,8.0,-4.166666666666674,1,1,0,0,0,0,0,0,Low Risk
Customer_00105,8,2026-08-04,Standard,mid_value,10,120,7,29,100,100,100,100.0,8.75,8.333333333333334,-4.999999999999993,1,1,0,0,0,0,0,0,Low Risk
Customer_00105,8,2026-08-05,Standard,mid_value,12,94,22,33,75,75,75,75.0,9.4,8.75,-7.428571428571433,1,1,0,1,0,0,0,25,Low Risk
Customer_00106,10,2026-08-01,Standard,mid_value,14,107,23,16,100,75,100,92.5,14.0,,,0,0,0,1,0,0,0,25,Low Risk
Customer_00106,10,2026-08-02,Standard,mid_value,5,98,13,43,75,75,75,75.0,9.5,14.0,32.142857142857146,0,0,1,0,1,0,0,50,Medium Risk
Customer_00106,10,2026-08-03,Standard,mid_value,6,89,7,42,75,100,75,82.5,8.333333333333334,9.5,12.28070175438596,0,0,0,0,1,0,0,20,Low Risk
Customer_00106,10,2026-08-04,Standard,mid_value,13,101,20,30,100,75,100,92.5,9.5,8.333333333333334,-13.999999999999991,0,0,0,0,0,0,0,0,Low Risk
Customer_00106,10,2026-08-05,Standard,mid_value,11,120,10,25,100,100,100,100.0,9.8,9.5,-3.157894736842113,0,0,0,0,0,0,0,0,Low Risk
Customer_00107,2,2026-08-01,Premium,high_value,22,181,0,37,100,100,75,95.0,22.0,,,0,0,0,0,0,0,0,0,Low Risk
Customer_00107,2,2026-08-02,Premium,high_value,20,183,3,18,100,100,100,100.0,21.0,22.0,4.545454545454546,0,0,0,0,0,0,0,0,Low Risk
Customer_00107,2,2026-08-03,Premium,high_value,18,160,11,38,100,75,75,87.5,20.0,21.0,4.761904761904762,0,0,0,0,0,0,0,0,Low Risk
Customer_00107,2,2026-08-04,Premium,high_value,17,205,9,27,100,100,100,100.0,19.25,20.0,3.75,0,0,0,0,0,0,0,0,Low Risk
Customer_00107,2,2026-08-05,Premium,high_value,20,218,5,23,100,100,100,100.0,19.4,19.25,-0.7792207792207718,0,0,0,0,0,0,0,0,Low Risk
Customer_00108,7,2026-08-01,Basic,low_value,4,45,2,44,50,100,75,70.0,4.0,,,1,1,0,0,1,0,0,20,Low Risk
Customer_00108,7,2026-08-02,Basic,low_value,2,41,28,23,50,75,100,67.5,3.0,4.0,25.0,1,1,0,1,0,0,0,25,Low Risk
Customer_00108,7,2026-08-03,Basic,low_value,4,58,16,23,75,75,100,80.0,3.333333333333333,3.0,-11.111111111111116,1,1,0,0,0,0,0,0,Low Risk
Customer_00108,7,2026-08-04,Basic,low_value,2,45,28,19,50,75,100,67.5,3.0,3.333333333333333,10.000000000000004,1,1,0,1,0,0,0,25,Low Risk
Customer_00108,7,2026-08-05,Basic,low_value,1,60,11,31,75,75,75,75.0,2.6,3.0,13.33333333333333,1,1,0,0,0,0,0,0,Low Risk
Customer_00109,2,2026-08-01,Standard,mid_value,15,93,17,26,75,75,100,80.0,15.0,,,1,1,0,0,0,0,0,0,Low Risk
Customer_00109,2,2026-08-02,Standard,mid_value,13,80,3,19,75,100,100,87.5,14.0,15.0,6.666666666666667,1,1,0,0,0,0,0,0,Low Risk
Customer_00109,2,2026-08-03,Standard,mid_value,6,104,28,18,100,75,100,92.5,11.333333333333334,14.0,19.047619047619044,1,1,0,1,0,0,0,25,Low Risk
Customer_00109,2,2026-08-04,Standard,mid_value,10,120,6,11,100,100,100,100.0,11.0,11.333333333333334,2.9411764705882404,1,1,0,0,0,0,0,0,Low Risk
Customer_00109,2,2026-08-05,Standard,mid_value,12,87,13,48,75,75,75,75.0,11.2,11.0,-1.818181818181812,1,1,0,0,1,0,0,20,Low Risk
Customer_00110,1,2026-08-01,Standard,mid_value,8,89,1,16,75,100,100,87.5,8.0,,,1,1,0,0,0,0,0,0,Low Risk
Customer_00110,1,2026-08-02,Standard,mid_value,5,85,21,34,75,75,75,75.0,6.5,8.0,18.75,1,1,0,1,0,0,0,25,Low Risk
Customer_00110,1,2026-08-03,Standard,mid_value,8,94,30,43,75,75,75,75.0,7.0,6.5,-7.6923076923076925,1,1,0,1,1,0,0,45,Medium Risk
Customer_00110,1,2026-08-04,Standard,mid_value,9,82,7,18,75,100,100,87.5,7.5,7.0,-7.142857142857142,1,1,0,0,0,0,0,0,Low Risk
Customer_00110,1,2026-08-05,Standard,mid_value,14,98,16,37,75,75,75,75.0,8.8,7.5,-17.333333333333343,1,1,0,0,0,0,0,0,Low Risk
Customer_00111,2,2026-08-01,Standard,mid_value,10,100,3,22,100,100,100,100.0,10.0,,,1,1,0,0,0,0,0,0,Low Risk
Customer_00111,2,2026-08-02,Standard,mid_value,12,88,21,23,75,75,100,80.0,11.0,10.0,-10.0,1,1,0,1,0,0,0,25,Low Risk
Customer_00111,2,2026-08-03,Standard,mid_value,14,113,20,21,100,75,100,92.5,12.0,11.0,-9.090909090909092,1,1,0,0,0,0,0,0,Low Risk
Customer_00111,2,2026-08-04,Standard,mid_value,13,104,9,17,100,100,100,100.0,12.25,12.0,-2.083333333333333,1,1,0,0,0,0,0,0,Low Risk
Customer_00111,2,2026-08-05,Standard,mid_value,6,99,28,34,75,75,75,75.0,11.0,12.25,10.20408163265306,1,1,0,1,0,0,0,25,Low Risk
Customer_00112,6,2026-08-01,Standard,mid_value,7,111,1,49,100,100,75,95.0,7.0,,,0,0,0,0,1,0,0,20,Low Risk
Customer_00112,6,2026-08-02,Standard,mid_value,8,111,20,29,100,75,100,92.5,7.5,7.0,-7.142857142857142,0,0,0,0,0,0,0,0,Low Risk
Customer_00112,6,2026-08-03,Standard,mid_value,9,108,16,42,100,75,75,87.5,8.0,7.5,-6.666666666666667,0,0,0,0,1,0,0,20,Low Risk
Customer_00112,6,2026-08-04,Standard,mid_value,9,86,16,33,75,75,75,75.0,8.25,8.0,-3.125,0,0,0,0,0,0,0,0,Low Risk
Customer_00112,6,2026-08-05,Standard,mid_value,7,87,6,13,75,100,100,87.5,8.0,8.25,3.0303030303030303,0,0,0,0,0,0,0,0,Low Risk
Customer_00113,10,2026-08-01,Standard,mid_value,9,116,23,25,100,75,100,92.5,9.0,,,1,1,0,1,0,0,0,25,Low Risk
Customer_00113,10,2026-08-02,Standard,mid_value,14,99,25,33,75,75,75,75.0,11.5,9.0,-27.77777777777778,1,1,0,1,0,0,0,25,Low Risk
Customer_00113,10,2026-08-03,Standard,mid_value,11,109,1,32,100,100,75,95.0,11.333333333333334,11.5,1.4492753623188357,1,1,0,0,0,0,0,0,Low Risk
Customer_00113,10,2026-08-04,Standard,mid_value,15,97,17,32,75,75,75,75.0,12.25,11.333333333333334,-8.088235294117641,1,1,0,0,0,0,0,0,Low Risk
Customer_00113,10,2026-08-05,Standard,mid_value,7,92,25,26,75,75,100,80.0,11.2,12.25,8.571428571428577,1,1,0,1,0,0,0,25,Low Risk
Customer_00114,6,2026-08-01,Standard,mid_value,8,115,14,31,100,75,75,87.5,8.0,,,1,1,0,0,0,0,0,0,Low Risk
Customer_00114,6,2026-08-02,Standard,mid_value,12,116,2,47,100,100,75,95.0,10.0,8.0,-25.0,1,1,0,0,1,0,0,20,Low Risk
Customer_00114,6,2026-08-03,Standard,mid_value,9,110,4,31,100,100,75,95.0,9.666666666666666,10.0,3.33333333333334,1,1,0,0,0,0,0,0,Low Risk
Customer_00114,6,2026-08-04,Standard,mid_value,8,84,29,39,75,75,75,75.0,9.25,9.666666666666666,4.310344827586201,1,1,0,1,0,0,0,25,Low Risk
Customer_00114,6,2026-08-05,Standard,mid_value,12,113,2,31,100,100,75,95.0,9.8,9.25,-5.945945945945954,1,1,0,0,0,0,0,0,Low Risk
Customer_00115,7,2026-08-01,Standard,mid_value,12,84,28,40,75,75,75,75.0,12.0,,,1,1,0,1,0,0,0,25,Low Risk
Customer_00115,7,2026-08-02,Standard,mid_value,10,96,23,29,75,75,100,80.0,11.0,12.0,8.333333333333332,1,1,0,1,0,0,0,25,Low Risk
Customer_00115,7,2026-08-03,Standard,mid_value,7,115,12,35,100,75,75,87.5,9.666666666666666,11.0,12.121212121212126,1,1,0,0,0,0,0,0,Low Risk
Customer_00115,7,2026-08-04,Standard,mid_value,7,112,14,49,100,75,75,87.5,9.0,9.666666666666666,6.896551724137925,1,1,0,0,1,0,0,20,Low Risk
Customer_00115,7,2026-08-05,Standard,mid_value,6,106,12,24,100,75,100,92.5,8.4,9.0,6.666666666666663,1,1,0,0,0,0,0,0,Low Risk
Customer_00116,9,2026-08-01,Standard,mid_value,8,97,1,20,75,100,100,87.5,8.0,,,1,1,0,0,0,0,0,0,Low Risk
Customer_00116,9,2026-08-02,Standard,mid_value,8,109,19,12,100,75,100,92.5,8.0,8.0,0.0,1,1,0,0,0,0,0,0,Low Risk
Customer_00116,9,2026-08-03,Standard,mid_value,9,85,4,34,75,100,75,82.5,8.333333333333334,8.0,-4.166666666666674,1,1,0,0,0,0,0,0,Low Risk
Customer_00116,9,2026-08-04,Standard,mid_value,11,111,12,43,100,75,75,87.5,9.0,8.333333333333334,-7.999999999999992,1,1,0,0,1,0,0,20,Low Risk
Customer_00116,9,2026-08-05,Standard,mid_value,5,113,13,29,100,75,100,92.5,8.2,9.0,8.888888888888896,1,1,0,0,0,0,0,0,Low Risk
Customer_00117,2,2026-08-01,Standard,mid_value,13,85,27,34,75,75,75,75.0,13.0,,,0,0,0,1,0,0,0,25,Low Risk
Customer_00117,2,2026-08-02,Standard,mid_value,9,94,9,37,75,100,75,82.5,11.0,13.0,15.384615384615383,0,0,0,0,0,0,0,0,Low Risk
Customer_00117,2,2026-08-03,Standard,mid_value,7,98,13,50,75,75,75,75.0,9.666666666666666,11.0,12.121212121212126,0,0,0,0,1,0,0,20,Low Risk
Customer_00117,2,2026-08-04,Standard,mid_value,8,112,5,32,100,100,75,95.0,9.25,9.666666666666666,4.310344827586201,0,0,0,0,0,0,0,0,Low Risk
Customer_00117,2,2026-08-05,Standard,mid_value,12,105,4,31,100,100,75,95.0,9.8,9.25,-5.945945945945954,0,0,0,0,0,0,0,0,Low Risk
Customer_00118,9,2026-08-01,Standard,mid_value,5,81,13,30,75,75,100,80.0,5.0,,,1,1,0,0,0,0,0,0,Low Risk
Customer_00118,9,2026-08-02,Standard,mid_value,12,88,28,23,75,75,100,80.0,8.5,5.0,-70.0,1,1,0,1,0,0,0,25,Low Risk
Customer_00118,9,2026-08-03,Standard,mid_value,13,90,24,46,75,75,75,75.0,10.0,8.5,-17.647058823529413,1,1,0,1,1,0,0,45,Medium Risk
Customer_00118,9,2026-08-04,Standard,mid_value,11,99,14,20,75,75,100,80.0,10.25,10.0,-2.5,1,1,0,0,0,0,0,0,Low Risk
Customer_00118,9,2026-08-05,Standard,mid_value,10,89,17,29,75,75,100,80.0,10.2,10.25,0.4878048780487874,1,1,0,0,0,0,0,0,Low Risk
Customer_00119,10,2026-08-01,Standard,mid_value,11,114,28,41,100,75,75,87.5,11.0,,,0,0,0,1,1,0,0,45,Medium Risk
Customer_00119,10,2026-08-02,Standard,mid_value,15,101,24,27,100,75,100,92.5,13.0,11.0,-18.181818181818183,0,0,0,1,0,0,0,25,Low Risk
Customer_00119,10,2026-08-03,Standard,mid_value,6,102,29,45,100,75,75,87.5,10.666666666666666,13.0,17.948717948717956,0,0,0,1,1,0,0,45,Medium Risk
Customer_00119,10,2026-08-04,Standard,mid_value,11,90,16,30,75,75,100,80.0,10.75,10.666666666666666,-0.7812500000000056,0,0,0,0,0,0,0,0,Low Risk
Customer_00119,10,2026-08-05,Standard,mid_value,9,109,28,46,100,75,75,87.5,10.4,10.75,3.255813953488369,0,0,0,1,1,0,0,45,Medium Risk
Customer_00120,8,2026-08-01,Basic,low_value,2,53,0,20,75,100,100,87.5,2.0,,,0,0,0,0,0,0,0,0,Low Risk
Customer_00120,8,2026-08-02,Basic,low_value,1,50,13,17,75,75,100,80.0,1.5,2.0,25.0,0,0,0,0,0,0,0,0,Low Risk
Customer_00120,8,2026-08-03,Basic,low_value,3,57,6,16,75,100,100,87.5,2.0,1.5,-33.33333333333333,0,0,0,0,0,0,0,0,Low Risk
Customer_00120,8,2026-08-04,Basic,low_value,3,48,19,18,50,75,100,67.5,2.25,2.0,-12.5,0,0,0,0,0,0,0,0,Low Risk
Customer_00120,8,2026-08-05,Basic,low_value,2,46,20,15,50,75,100,67.5,2.2,2.25,2.2222222222222143,0,0,0,0,0,0,0,0,Low Risk
Customer_00121,2,2026-08-01,Premium,high_value,21,238,1,33,100,100,75,95.0,21.0,,,1,1,0,0,0,0,0,0,Low Risk
Customer_00121,2,2026-08-02,Premium,high_value,24,249,10,28,100,100,100,100.0,22.5,21.0,-7.142857142857142,1,1,0,0,0,0,0,0,Low Risk
Customer_00121,2,2026-08-03,Premium,high_value,13,220,9,19,100,100,100,100.0,19.33333333333333,22.5,14.07407407407408,1,1,0,0,0,0,0,0,Low Risk
Customer_00121,2,2026-08-04,Premium,high_value,16,215,29,36,100,75,75,87.5,18.5,19.33333333333333,4.310344827586201,1,1,0,1,0,0,0,25,Low Risk
Customer_00121,2,2026-08-05,Premium,high_value,13,239,23,41,100,75,75,87.5,17.4,18.5,5.945945945945954,1,1,0,1,1,0,0,45,Medium Risk
Customer_00122,3,2026-08-01,Standard,mid_value,13,86,6,39,75,100,75,82.5,13.0,,,1,1,0,0,0,0,0,0,Low Risk
Customer_00122,3,2026-08-02,Standard,mid_value,15,92,16,38,75,75,75,75.0,14.0,13.0,-7.6923076923076925,1,1,0,0,0,0,0,0,Low Risk
Customer_00122,3,2026-08-03,Standard,mid_value,15,102,10,19,100,100,100,100.0,14.333333333333334,14.0,-2.3809523809523854,1,1,0,0,0,0,0,0,Low Risk
Customer_00122,3,2026-08-04,Standard,mid_value,6,95,12,46,75,75,75,75.0,12.25,14.333333333333334,14.534883720930235,1,1,0,0,1,0,0,20,Low Risk
Customer_00122,3,2026-08-05,Standard,mid_value,7,88,21,29,75,75,100,80.0,11.2,12.25,8.571428571428577,1,1,0,1,0,0,0,25,Low Risk
Customer_00123,7,2026-08-01,Standard,mid_value,12,96,10,38,75,100,75,82.5,12.0,,,1,1,0,0,0,0,0,0,Low Risk
Customer_00123,7,2026-08-02,Standard,mid_value,15,92,27,10,75,75,100,80.0,13.5,12.0,-12.5,1,1,0,1,0,0,0,25,Low Risk
Customer_00123,7,2026-08-03,Standard,mid_value,14,84,6,33,75,100,75,82.5,13.666666666666666,13.5,-1.2345679012345634,1,1,0,0,0,0,0,0,Low Risk
Customer_00123,7,2026-08-04,Standard,mid_value,10,116,10,17,100,100,100,100.0,12.75,13.666666666666666,6.707317073170728,1,1,0,0,0,0,0,0,Low Risk
Customer_00123,7,2026-08-05,Standard,mid_value,6,116,22,22,100,75,100,92.5,11.4,12.75,10.588235294117643,1,1,0,1,0,0,0,25,Low Risk
Customer_00124,5,2026-08-01,Standard,mid_value,12,96,29,39,75,75,75,75.0,12.0,,,0,0,0,1,0,0,0,25,Low Risk
Customer_00124,5,2026-08-02,Standard,mid_value,12,115,22,48,100,75,75,87.5,12.0,12.0,0.0,0,0,0,1,1,0,0,45,Medium Risk
Customer_00124,5,2026-08-03,Standard,mid_value,11,93,17,16,75,75,100,80.0,11.666666666666666,12.0,2.777777777777783,0,0,0,0,0,0,0,0,Low Risk
Customer_00124,5,2026-08-04,Standard,mid_value,12,87,19,24,75,75,100,80.0,11.75,11.666666666666666,-0.7142857142857194,0,0,0,0,0,0,0,0,Low Risk
Customer_00124,5,2026-08-05,Standard,mid_value,13,115,11,18,100,75,100,92.5,12.0,11.75,-2.127659574468085,0,0,0,0,0,0,0,0,Low Risk
Customer_00125,5,2026-08-01,Standard,mid_value,10,111,26,23,100,75,100,92.5,10.0,,,1,1,0,1,0,0,0,25,Low Risk
Customer_00125,5,2026-08-02,Standard,mid_value,12,100,30,15,100,75,100,92.5,11.0,10.0,-10.0,1,1,0,1,0,0,0,25,Low Risk
Customer_00125,5,2026-08-03,Standard,mid_value,15,97,26,39,75,75,75,75.0,12.333333333333334,11.0,-12.121212121212126,1,1,0,1,0,0,0,25,Low Risk
Customer_00125,5,2026-08-04,Standard,mid_value,7,98,3,21,75,100,100,87.5,11.0,12.333333333333334,10.810810810810816,1,1,0,0,0,0,0,0,Low Risk
Customer_00125,5,2026-08-05,Standard,mid_value,8,90,27,13,75,75,100,80.0,10.4,11.0,5.454545454545452,1,1,0,1,0,0,0,25,Low Risk
Customer_00126,10,2026-08-01,Standard,mid_value,10,115,23,37,100,75,75,87.5,10.0,,,1,1,0,1,0,0,0,25,Low Risk
Customer_00126,10,2026-08-02,Standard,mid_value,10,117,23,16,100,75,100,92.5,10.0,10.0,0.0,1,1,0,1,0,0,0,25,Low Risk
Customer_00126,10,2026-08-03,Standard,mid_value,6,85,29,44,75,75,75,75.0,8.666666666666666,10.0,13.33333333333334,1,1,0,1,1,0,0,45,Medium Risk
Customer_00126,10,2026-08-04,Standard,mid_value,11,118,29,30,100,75,100,92.5,9.25,8.666666666666666,-6.730769230769237,1,1,0,1,0,0,0,25,Low Risk
Customer_00126,10,2026-08-05,Standard,mid_value,15,89,9,35,75,100,75,82.5,10.4,9.25,-12.432432432432435,1,1,0,0,0,0,0,0,Low Risk
Customer_00127,10,2026-08-01,Standard,mid_value,15,96,2,41,75,100,75,82.5,15.0,,,1,1,0,0,1,0,0,20,Low Risk
Customer_00127,10,2026-08-02,Standard,mid_value,14,107,30,41,100,75,75,87.5,14.5,15.0,3.333333333333333,1,1,0,1,1,0,0,45,Medium Risk
Customer_00127,10,2026-08-03,Standard,mid_value,11,113,15,24,100,75,100,92.5,13.333333333333334,14.5,8.045977011494248,1,1,0,0,0,0,0,0,Low Risk
Customer_00127,10,2026-08-04,Standard,mid_value,9,104,18,28,100,75,100,92.5,12.25,13.333333333333334,8.125000000000004,1,1,0,0,0,0,0,0,Low Risk
Customer_00127,10,2026-08-05,Standard,mid_value,14,115,12,38,100,75,75,87.5,12.6,12.25,-2.857142857142854,1,1,0,0,0,0,0,0,Low Risk
Customer_00128,10,2026-08-01,Free,free_plan,0,25,26,11,50,75,100,67.5,0.0,,,0,0,0,1,0,0,0,25,Low Risk
Customer_00128,10,2026-08-02,Free,free_plan,0,24,27,38,50,75,75,62.5,0.0,0.0,,0,0,0,1,0,0,0,25,Low Risk
Customer_00128,10,2026-08-03,Free,free_plan,0,30,22,28,50,75,100,67.5,0.0,0.0,,0,0,0,1,0,0,0,25,Low Risk
Customer_00128,10,2026-08-04,Free,free_plan,0,27,18,22,50,75,100,67.5,0.0,0.0,,0,0,0,0,0,0,0,0,Low Risk
Customer_00128,10,2026-08-05,Free,free_plan,1,23,3,38,50,100,75,70.0,0.2,0.0,,0,0,0,0,0,0,0,0,Low Risk
Customer_00129,5,2026-08-01,Standard,mid_value,6,120,12,28,100,75,100,92.5,6.0,,,1,1,0,0,0,0,0,0,Low Risk
Customer_00129,5,2026-08-02,Standard,mid_value,12,92,4,20,75,100,100,87.5,9.0,6.0,-50.0,1,1,0,0,0,0,0,0,Low Risk
Customer_00129,5,2026-08-03,Standard,mid_value,15,92,23,38,75,75,75,75.0,11.0,9.0,-22.22222222222222,1,1,0,1,0,0,0,25,Low Risk
Customer_00129,5,2026-08-04,Standard,mid_value,7,90,27,12,75,75,100,80.0,10.0,11.0,9.090909090909092,1,1,0,1,0,0,0,25,Low Risk
Customer_00129,5,2026-08-05,Standard,mid_value,9,112,27,48,100,75,75,87.5,9.8,10.0,1.999999999999993,1,1,0,1,1,0,0,45,Medium Risk
Customer_00130,6,2026-08-01,Basic,low_value,4,40,22,39,50,75,75,62.5,4.0,,,1,1,0,1,0,0,0,25,Low Risk
Customer_00130,6,2026-08-02,Basic,low_value,1,50,20,17,75,75,100,80.0,2.5,4.0,37.5,1,1,1,0,0,0,0,30,Low Risk
Customer_00130,6,2026-08-03,Basic,low_value,2,42,3,27,50,100,100,75.0,2.333333333333333,2.5,6.666666666666661,1,1,0,0,0,0,0,0,Low Risk
Customer_00130,6,2026-08-04,Basic,low_value,3,51,28,20,75,75,100,80.0,2.5,2.333333333333333,-7.142857142857135,1,1,0,1,0,0,0,25,Low Risk
Customer_00130,6,2026-08-05,Basic,low_value,4,56,11,41,75,75,75,75.0,2.8,2.5,-11.999999999999991,1,1,0,0,1,0,0,20,Low Risk
Customer_00131,3,2026-08-01,Standard,mid_value,12,108,8,23,100,100,100,100.0,12.0,,,0,0,0,0,0,0,0,0,Low Risk
Customer_00131,3,2026-08-02,Standard,mid_value,5,105,28,47,100,75,75,87.5,8.5,12.0,29.166666666666668,0,0,0,1,1,0,0,45,Medium Risk
Customer_00131,3,2026-08-03,Standard,mid_value,10,100,7,47,100,100,75,95.0,9.0,8.5,-5.88235294117647,0,0,0,0,1,0,0,20,Low Risk
Customer_00131,3,2026-08-04,Standard,mid_value,6,118,7,44,100,100,75,95.0,8.25,9.0,8.333333333333332,0,0,0,0,1,0,0,20,Low Risk
Customer_00131,3,2026-08-05,Standard,mid_value,13,114,9,49,100,100,75,95.0,9.2,8.25,-11.515151515151508,0,0,0,0,1,0,0,20,Low Risk
Customer_00132,5,2026-08-01,Premium,high_value,17,196,15,46,100,75,75,87.5,17.0,,,1,1,0,0,1,0,0,20,Low Risk
Customer_00132,5,2026-08-02,Premium,high_value,21,213,25,32,100,75,75,87.5,19.0,17.0,-11.76470588235294,1,1,0,1,0,0,0,25,Low Risk
Customer_00132,5,2026-08-03,Premium,high_value,15,162,26,33,100,75,75,87.5,17.666666666666668,19.0,7.017543859649117,1,1,0,1,0,0,0,25,Low Risk
Customer_00132,5,2026-08-04,Premium,high_value,14,163,24,32,100,75,75,87.5,16.75,17.666666666666668,5.1886792452830255,1,1,0,1,0,0,0,25,Low Risk
Customer_00132,5,2026-08-05,Premium,high_value,16,183,16,12,100,75,100,92.5,16.6,16.75,0.8955223880596931,1,1,0,0,0,0,0,0,Low Risk
Customer_00133,2,2026-08-01,Standard,mid_value,10,109,7,28,100,100,100,100.0,10.0,,,1,1,0,0,0,0,0,0,Low Risk
Customer_00133,2,2026-08-02,Standard,mid_value,6,88,3,40,75,100,75,82.5,8.0,10.0,20.0,1,1,0,0,0,0,0,0,Low Risk
Customer_00133,2,2026-08-03,Standard,mid_value,7,104,24,44,100,75,75,87.5,7.666666666666667,8.0,4.166666666666663,1,1,0,1,1,0,0,45,Medium Risk
Customer_00133,2,2026-08-04,Standard,mid_value,14,110,16,27,100,75,100,92.5,9.25,7.666666666666667,-20.652173913043477,1,1,0,0,0,0,0,0,Low Risk
Customer_00133,2,2026-08-05,Standard,mid_value,10,119,1,31,100,100,75,95.0,9.4,9.25,-1.6216216216216257,1,1,0,0,0,0,0,0,Low Risk
Customer_00134,2,2026-08-01,Standard,mid_value,8,101,20,44,100,75,75,87.5,8.0,,,1,1,0,0,1,0,0,20,Low Risk
Customer_00134,2,2026-08-02,Standard,mid_value,9,97,21,24,75,75,100,80.0,8.5,8.0,-6.25,1,1,0,1,0,0,0,25,Low Risk
Customer_00134,2,2026-08-03,Standard,mid_value,5,97,4,33,75,100,75,82.5,7.333333333333333,8.5,13.725490196078436,1,1,0,0,0,0,0,0,Low Risk
Customer_00134,2,2026-08-04,Standard,mid_value,9,97,22,34,75,75,75,75.0,7.75,7.333333333333333,-5.681818181818186,1,1,0,1,0,0,0,25,Low Risk
Customer_00134,2,2026-08-05,Standard,mid_value,13,82,15,38,75,75,75,75.0,8.8,7.75,-13.548387096774205,1,1,0,0,0,0,0,0,Low Risk
Customer_00135,3,2026-08-01,Standard,mid_value,13,86,5,44,75,100,75,82.5,13.0,,,1,1,0,0,1,0,0,20,Low Risk
Customer_00135,3,2026-08-02,Standard,mid_value,14,92,25,14,75,75,100,80.0,13.5,13.0,-3.8461538461538463,1,1,0,1,0,0,0,25,Low Risk
Customer_00135,3,2026-08-03,Standard,mid_value,8,114,29,23,100,75,100,92.5,11.666666666666666,13.5,13.580246913580252,1,1,0,1,0,0,0,25,Low Risk
Customer_00135,3,2026-08-04,Standard,mid_value,15,101,13,17,100,75,100,92.5,12.5,11.666666666666666,-7.142857142857148,1,1,0,0,0,0,0,0,Low Risk
Customer_00135,3,2026-08-05,Standard,mid_value,13,100,6,29,100,100,100,100.0,12.6,12.5,-0.7999999999999973,1,1,0,0,0,0,0,0,Low Risk
Customer_00136,4,2026-08-01,Standard,mid_value,6,82,12,43,75,75,75,75.0,6.0,,,1,1,0,0,1,0,0,20,Low Risk
Customer_00136,4,2026-08-02,Standard,mid_value,5,117,9,22,100,100,100,100.0,5.5,6.0,8.333333333333332,1,1,0,0,0,0,0,0,Low Risk
Customer_00136,4,2026-08-03,Standard,mid_value,11,100,25,20,100,75,100,92.5,7.333333333333333,5.5,-33.33333333333333,1,1,0,1,0,0,0,25,Low Risk
Customer_00136,4,2026-08-04,Standard,mid_value,7,109,8,37,100,100,75,95.0,7.25,7.333333333333333,1.1363636363636325,1,1,0,0,0,0,0,0,Low Risk
Customer_00136,4,2026-08-05,Standard,mid_value,9,109,2,48,100,100,75,95.0,7.6,7.25,-4.827586206896547,1,1,0,0,1,0,0,20,Low Risk
Customer_00137,10,2026-08-01,Standard,mid_value,6,104,23,44,100,75,75,87.5,6.0,,,0,0,0,1,1,0,0,45,Medium Risk
Customer_00137,10,2026-08-02,Standard,mid_value,7,98,27,17,75,75,100,80.0,6.5,6.0,-8.333333333333332,0,0,0,1,0,0,0,25,Low Risk
Customer_00137,10,2026-08-03,Standard,mid_value,13,115,2,27,100,100,100,100.0,8.666666666666666,6.5,-33.33333333333333,0,0,0,0,0,0,0,0,Low Risk
Customer_00137,10,2026-08-04,Standard,mid_value,14,107,4,18,100,100,100,100.0,10.0,8.666666666666666,-15.384615384615394,0,0,0,0,0,0,0,0,Low Risk
Customer_00137,10,2026-08-05,Standard,mid_value,12,92,29,44,75,75,75,75.0,10.4,10.0,-4.000000000000004,0,0,0,1,1,0,0,45,Medium Risk
Customer_00138,1,2026-08-01,Standard,mid_value,9,117,11,35,100,75,75,87.5,9.0,,,0,0,0,0,0,0,0,0,Low Risk
Customer_00138,1,2026-08-02,Standard,mid_value,14,109,0,23,100,100,100,100.0,11.5,9.0,-27.77777777777778,0,0,0,0,0,0,0,0,Low Risk
Customer_00138,1,2026-08-03,Standard,mid_value,8,110,15,35,100,75,75,87.5,10.333333333333334,11.5,10.14492753623188,0,0,0,0,0,0,0,0,Low Risk
Customer_00138,1,2026-08-04,Standard,mid_value,5,105,23,38,100,75,75,87.5,9.0,10.333333333333334,12.903225806451616,0,0,0,1,0,0,0,25,Low Risk
Customer_00138,1,2026-08-05,Standard,mid_value,6,100,22,15,100,75,100,92.5,8.4,9.0,6.666666666666663,0,0,0,1,0,0,0,25,Low Risk
Customer_00139,8,2026-08-01,Standard,mid_value,12,88,13,39,75,75,75,75.0,12.0,,,1,1,0,0,0,0,0,0,Low Risk
Customer_00139,8,2026-08-02,Standard,mid_value,7,102,26,35,100,75,75,87.5,9.5,12.0,20.833333333333336,1,1,0,1,0,0,0,25,Low Risk
Customer_00139,8,2026-08-03,Standard,mid_value,13,80,25,18,75,75,100,80.0,10.666666666666666,9.5,-12.28070175438596,1,1,0,1,0,0,0,25,Low Risk
Customer_00139,8,2026-08-04,Standard,mid_value,7,101,26,48,100,75,75,87.5,9.75,10.666666666666666,8.593749999999995,1,1,0,1,1,0,0,45,Medium Risk
Customer_00139,8,2026-08-05,Standard,mid_value,13,85,11,36,75,75,75,75.0,10.4,9.75,-6.666666666666671,1,1,0,0,0,0,0,0,Low Risk
Customer_00140,1,2026-08-01,Standard,mid_value,7,86,13,42,75,75,75,75.0,7.0,,,0,0,0,0,1,0,0,20,Low Risk
Customer_00140,1,2026-08-02,Standard,mid_value,10,106,0,37,100,100,75,95.0,8.5,7.0,-21.428571428571427,0,0,0,0,0,0,0,0,Low Risk
Customer_00140,1,2026-08-03,Standard,mid_value,5,116,2,40,100,100,75,95.0,7.333333333333333,8.5,13.725490196078436,0,0,0,0,0,0,0,0,Low Risk
Customer_00140,1,2026-08-04,Standard,mid_value,8,115,22,25,100,75,100,92.5,7.5,7.333333333333333,-2.272727272727277,0,0,0,1,0,0,0,25,Low Risk
Customer_00140,1,2026-08-05,Standard,mid_value,15,82,14,47,75,75,75,75.0,9.0,7.5,-20.0,0,0,0,0,1,0,0,20,Low Risk
Customer_00141,9,2026-08-01,Standard,mid_value,12,83,11,34,75,75,75,75.0,12.0,,,0,0,0,0,0,0,0,0,Low Risk
Customer_00141,9,2026-08-02,Standard,mid_value,13,108,11,24,100,75,100,92.5,12.5,12.0,-4.166666666666666,0,0,0,0,0,0,0,0,Low Risk
Customer_00141,9,2026-08-03,Standard,mid_value,8,91,23,19,75,75,100,80.0,11.0,12.5,12.0,0,0,0,1,0,0,0,25,Low Risk
Customer_00141,9,2026-08-04,Standard,mid_value,9,86,29,19,75,75,100,80.0,10.5,11.0,4.545454545454546,0,0,0,1,0,0,0,25,Low Risk
Customer_00141,9,2026-08-05,Standard,mid_value,12,109,3,50,100,100,75,95.0,10.8,10.5,-2.857142857142864,0,0,0,0,1,0,0,20,Low Risk
Customer_00142,3,2026-08-01,Premium,high_value,13,167,5,12,100,100,100,100.0,13.0,,,1,1,0,0,0,0,0,0,Low Risk
Customer_00142,3,2026-08-02,Premium,high_value,13,223,2,30,100,100,100,100.0,13.0,13.0,0.0,1,1,0,0,0,0,0,0,Low Risk
Customer_00142,3,2026-08-03,Premium,high_value,14,235,14,13,100,75,100,92.5,13.333333333333334,13.0,-2.5641025641025683,1,1,0,0,0,0,0,0,Low Risk
Customer_00142,3,2026-08-04,Premium,high_value,14,196,12,24,100,75,100,92.5,13.5,13.333333333333334,-1.2499999999999956,1,1,0,0,0,0,0,0,Low Risk
Customer_00142,3,2026-08-05,Premium,high_value,19,158,28,30,100,75,100,92.5,14.6,13.5,-8.148148148148145,1,1,0,1,0,0,0,25,Low Risk
Customer_00143,8,2026-08-01,Standard,mid_value,9,82,20,25,75,75,100,80.0,9.0,,,1,1,0,0,0,0,0,0,Low Risk
Customer_00143,8,2026-08-02,Standard,mid_value,6,119,1,15,100,100,100,100.0,7.5,9.0,16.666666666666664,1,1,0,0,0,0,0,0,Low Risk
Customer_00143,8,2026-08-03,Standard,mid_value,13,81,13,41,75,75,75,75.0,9.333333333333334,7.5,-24.444444444444454,1,1,0,0,1,0,0,20,Low Risk
Customer_00143,8,2026-08-04,Standard,mid_value,14,98,30,47,75,75,75,75.0,10.5,9.333333333333334,-12.499999999999991,1,1,0,1,1,0,0,45,Medium Risk
Customer_00143,8,2026-08-05,Standard,mid_value,10,114,15,37,100,75,75,87.5,10.4,10.5,0.952380952380949,1,1,0,0,0,0,0,0,Low Risk
Customer_00144,3,2026-08-01,Premium,high_value,17,184,24,20,100,75,100,92.5,17.0,,,0,0,0,1,0,0,0,25,Low Risk
Customer_00144,3,2026-08-02,Premium,high_value,19,206,2,37,100,100,75,95.0,18.0,17.0,-5.88235294117647,0,0,0,0,0,0,0,0,Low Risk
Customer_00144,3,2026-08-03,Premium,high_value,19,245,9,16,100,100,100,100.0,18.33333333333333,18.0,-1.8518518518518448,0,0,0,0,0,0,0,0,Low Risk
Customer_00144,3,2026-08-04,Premium,high_value,24,164,10,32,100,100,75,95.0,19.75,18.33333333333333,-7.727272727272734,0,0,0,0,0,0,0,0,Low Risk
Customer_00144,3,2026-08-05,Premium,high_value,17,168,20,31,100,75,75,87.5,19.2,19.75,2.784810126582282,0,0,0,0,0,0,0,0,Low Risk
Customer_00145,5,2026-08-01,Basic,low_value,3,44,9,18,50,100,100,75.0,3.0,,,1,1,0,0,0,0,0,0,Low Risk
Customer_00145,5,2026-08-02,Basic,low_value,4,55,14,42,75,75,75,75.0,3.5,3.0,-16.666666666666664,1,1,0,0,1,0,0,20,Low Risk
Customer_00145,5,2026-08-03,Basic,low_value,4,57,7,25,75,100,100,87.5,3.6666666666666665,3.5,-4.761904761904757,1,1,0,0,0,0,0,0,Low Risk
Customer_00145,5,2026-08-04,Basic,low_value,5,53,8,38,75,100,75,82.5,4.0,3.6666666666666665,-9.090909090909095,1,1,0,0,0,0,0,0,Low Risk
Customer_00145,5,2026-08-05,Basic,low_value,2,56,24,24,75,75,100,80.0,3.6,4.0,9.999999999999998,1,1,0,1,0,0,0,25,Low Risk
Customer_00146,6,2026-08-01,Basic,low_value,2,47,4,10,50,100,100,75.0,2.0,,,0,0,0,0,0,0,0,0,Low Risk
Customer_00146,6,2026-08-02,Basic,low_value,3,43,13,14,50,75,100,67.5,2.5,2.0,-25.0,0,0,0,0,0,0,0,0,Low Risk
Customer_00146,6,2026-08-03,Basic,low_value,2,57,10,32,75,100,75,82.5,2.333333333333333,2.5,6.666666666666661,0,0,0,0,0,0,0,0,Low Risk
Customer_00146,6,2026-08-04,Basic,low_value,4,46,17,21,50,75,100,67.5,2.75,2.333333333333333,-17.85714285714285,0,0,0,0,0,0,0,0,Low Risk
Customer_00146,6,2026-08-05,Basic,low_value,4,54,6,30,75,100,100,87.5,3.0,2.75,-9.090909090909092,0,0,0,0,0,0,0,0,Low Risk
Customer_00147,8,2026-08-01,Standard,mid_value,9,93,21,28,75,75,100,80.0,9.0,,,0,0,0,1,0,0,0,25,Low Risk
Customer_00147,8,2026-08-02,Standard,mid_value,10,86,27,47,75,75,75,75.0,9.5,9.0,-5.555555555555555,0,0,0,1,1,0,0,45,Medium Risk
Customer_00147,8,2026-08-03,Standard,mid_value,14,116,9,27,100,100,100,100.0,11.0,9.5,-15.789473684210526,0,0,0,0,0,0,0,0,Low Risk
Customer_00147,8,2026-08-04,Standard,mid_value,7,115,8,11,100,100,100,100.0,10.0,11.0,9.090909090909092,0,0,0,0,0,0,0,0,Low Risk
Customer_00147,8,2026-08-05,Standard,mid_value,5,119,3,39,100,100,75,95.0,9.0,10.0,10.0,0,0,0,0,0,0,0,0,Low Risk
Customer_00148,2,2026-08-01,Standard,mid_value,14,93,25,14,75,75,100,80.0,14.0,,,1,1,0,1,0,0,0,25,Low Risk
Customer_00148,2,2026-08-02,Standard,mid_value,12,100,24,28,100,75,100,92.5,13.0,14.0,7.142857142857142,1,1,0,1,0,0,0,25,Low Risk
Customer_00148,2,2026-08-03,Standard,mid_value,10,109,9,16,100,100,100,100.0,12.0,13.0,7.6923076923076925,1,1,0,0,0,0,0,0,Low Risk
Customer_00148,2,2026-08-04,Standard,mid_value,10,80,2,11,75,100,100,87.5,11.5,12.0,4.166666666666666,1,1,0,0,0,0,0,0,Low Risk
Customer_00148,2,2026-08-05,Standard,mid_value,13,111,20,44,100,75,75,87.5,11.8,11.5,-2.6086956521739197,1,1,0,0,1,0,0,20,Low Risk
Customer_00149,7,2026-08-01,Standard,mid_value,12,116,10,38,100,100,75,95.0,12.0,,,0,0,0,0,0,0,0,0,Low Risk
Customer_00149,7,2026-08-02,Standard,mid_value,11,97,11,31,75,75,75,75.0,11.5,12.0,4.166666666666666,0,0,0,0,0,0,0,0,Low Risk
Customer_00149,7,2026-08-03,Standard,mid_value,11,103,6,18,100,100,100,100.0,11.333333333333334,11.5,1.4492753623188357,0,0,0,0,0,0,0,0,Low Risk
Customer_00149,7,2026-08-04,Standard,mid_value,7,101,28,29,100,75,100,92.5,10.25,11.333333333333334,9.55882352941177,0,0,0,1,0,0,0,25,Low Risk
Customer_00149,7,2026-08-05,Standard,mid_value,15,86,12,42,75,75,75,75.0,11.2,10.25,-9.268292682926822,0,0,0,0,1,0,0,20,Low Risk
Customer_00150,10,2026-08-01,Standard,mid_value,11,119,1,17,100,100,100,100.0,11.0,,,1,1,0,0,0,0,0,0,Low Risk
Customer_00150,10,2026-08-02,Standard,mid_value,12,98,8,32,75,100,75,82.5,11.5,11.0,-4.545454545454546,1,1,0,0,0,0,0,0,Low Risk
Customer_00150,10,2026-08-03,Standard,mid_value,10,112,26,18,100,75,100,92.5,11.0,11.5,4.3478260869565215,1,1,0,1,0,0,0,25,Low Risk
Customer_00150,10,2026-08-04,Standard,mid_value,8,91,1,43,75,100,75,82.5,10.25,11.0,6.8181818181818175,1,1,0,0,1,0,0,20,Low Risk
Customer_00150,10,2026-08-05,Standard,mid_value,6,116,27,37,100,75,75,87.5,9.4,10.25,8.292682926829265,1,1,0,1,0,0,0,25,Low Risk
Customer_00151,4,2026-08-01,Standard,mid_value,14,94,13,10,75,75,100,80.0,14.0,,,0,0,0,0,0,0,0,0,Low Risk
Customer_00151,4,2026-08-02,Standard,mid_value,12,83,13,41,75,75,75,75.0,13.0,14.0,7.142857142857142,0,0,0,0,1,0,0,20,Low Risk
Customer_00151,4,2026-08-03,Standard,mid_value,10,106,27,41,100,75,75,87.5,12.0,13.0,7.6923076923076925,0,0,0,1,1,0,0,45,Medium Risk
Customer_00151,4,2026-08-04,Standard,mid_value,11,109,14,12,100,75,100,92.5,11.75,12.0,2.083333333333333,0,0,0,0,0,0,0,0,Low Risk
Customer_00151,4,2026-08-05,Standard,mid_value,10,118,13,36,100,75,75,87.5,11.4,11.75,2.9787234042553163,0,0,0,0,0,0,0,0,Low Risk
Customer_00152,1,2026-08-01,Basic,low_value,5,47,16,11,50,75,100,67.5,5.0,,,1,1,0,0,0,0,0,0,Low Risk
Customer_00152,1,2026-08-02,Basic,low_value,4,55,16,25,75,75,100,80.0,4.5,5.0,10.0,1,1,0,0,0,0,0,0,Low Risk
Customer_00152,1,2026-08-03,Basic,low_value,4,49,22,39,50,75,75,62.5,4.333333333333333,4.5,3.7037037037037104,1,1,0,1,0,0,0,25,Low Risk
Customer_00152,1,2026-08-04,Basic,low_value,3,48,28,10,50,75,100,67.5,4.0,4.333333333333333,7.692307692307685,1,1,0,1,0,0,0,25,Low Risk
Customer_00152,1,2026-08-05,Basic,low_value,4,58,29,32,75,75,75,75.0,4.0,4.0,0.0,1,1,0,1,0,0,0,25,Low Risk
Customer_00153,10,2026-08-01,Standard,mid_value,6,114,29,32,100,75,75,87.5,6.0,,,1,1,0,1,0,0,0,25,Low Risk
Customer_00153,10,2026-08-02,Standard,mid_value,12,96,20,27,75,75,100,80.0,9.0,6.0,-50.0,1,1,0,0,0,0,0,0,Low Risk
Customer_00153,10,2026-08-03,Standard,mid_value,5,91,9,17,75,100,100,87.5,7.666666666666667,9.0,14.814814814814811,1,1,0,0,0,0,0,0,Low Risk
Customer_00153,10,2026-08-04,Standard,mid_value,12,85,5,22,75,100,100,87.5,8.75,7.666666666666667,-14.130434782608692,1,1,0,0,0,0,0,0,Low Risk
Customer_00153,10,2026-08-05,Standard,mid_value,8,112,15,47,100,75,75,87.5,8.6,8.75,1.7142857142857182,1,1,0,0,1,0,0,20,Low Risk
Customer_00154,10,2026-08-01,Standard,mid_value,9,103,26,22,100,75,100,92.5,9.0,,,1,1,0,1,0,0,0,25,Low Risk
Customer_00154,10,2026-08-02,Standard,mid_value,12,115,23,33,100,75,75,87.5,10.5,9.0,-16.666666666666664,1,1,0,1,0,0,0,25,Low Risk
Customer_00154,10,2026-08-03,Standard,mid_value,5,102,23,26,100,75,100,92.5,8.666666666666666,10.5,17.460317460317466,1,1,0,1,0,0,0,25,Low Risk
Customer_00154,10,2026-08-04,Standard,mid_value,6,118,10,42,100,100,75,95.0,8.0,8.666666666666666,7.692307692307685,1,1,0,0,1,0,0,20,Low Risk
Customer_00154,10,2026-08-05,Standard,mid_value,13,92,22,10,75,75,100,80.0,9.0,8.0,-12.5,1,1,0,1,0,0,0,25,Low Risk
Customer_00155,5,2026-08-01,Standard,mid_value,12,94,8,49,75,100,75,82.5,12.0,,,1,1,0,0,1,0,0,20,Low Risk
Customer_00155,5,2026-08-02,Standard,mid_value,13,95,1,19,75,100,100,87.5,12.5,12.0,-4.166666666666666,1,1,0,0,0,0,0,0,Low Risk
Customer_00155,5,2026-08-03,Standard,mid_value,7,86,18,26,75,75,100,80.0,10.666666666666666,12.5,14.666666666666671,1,1,0,0,0,0,0,0,Low Risk
Customer_00155,5,2026-08-04,Standard,mid_value,6,91,26,36,75,75,75,75.0,9.5,10.666666666666666,10.937499999999996,1,1,0,1,0,0,0,25,Low Risk
Customer_00155,5,2026-08-05,Standard,mid_value,10,103,25,31,100,75,75,87.5,9.6,9.5,-1.0526315789473648,1,1,0,1,0,0,0,25,Low Risk
Customer_00156,4,2026-08-01,Standard,mid_value,11,113,6,44,100,100,75,95.0,11.0,,,0,0,0,0,1,0,0,20,Low Risk
Customer_00156,4,2026-08-02,Standard,mid_value,13,104,3,38,100,100,75,95.0,12.0,11.0,-9.090909090909092,0,0,0,0,0,0,0,0,Low Risk
Customer_00156,4,2026-08-03,Standard,mid_value,10,96,5,35,75,100,75,82.5,11.333333333333334,12.0,5.55555555555555,0,0,0,0,0,0,0,0,Low Risk
Customer_00156,4,2026-08-04,Standard,mid_value,14,117,29,37,100,75,75,87.5,12.0,11.333333333333334,-5.882352941176465,0,0,0,1,0,0,0,25,Low Risk
Customer_00156,4,2026-08-05,Standard,mid_value,11,91,0,33,75,100,75,82.5,11.8,12.0,1.6666666666666607,0,0,0,0,0,0,0,0,Low Risk
Customer_00157,9,2026-08-01,Standard,mid_value,15,95,8,47,75,100,75,82.5,15.0,,,1,1,0,0,1,0,0,20,Low Risk
Customer_00157,9,2026-08-02,Standard,mid_value,14,99,27,22,75,75,100,80.0,14.5,15.0,3.333333333333333,1,1,0,1,0,0,0,25,Low Risk
Customer_00157,9,2026-08-03,Standard,mid_value,15,109,18,17,100,75,100,92.5,14.666666666666666,14.5,-1.1494252873563178,1,1,0,0,0,0,0,0,Low Risk
Customer_00157,9,2026-08-04,Standard,mid_value,9,110,7,10,100,100,100,100.0,13.25,14.666666666666666,9.659090909090908,1,1,0,0,0,0,0,0,Low Risk
Customer_00157,9,2026-08-05,Standard,mid_value,9,97,11,47,75,75,75,75.0,12.4,13.25,6.415094339622638,1,1,0,0,1,0,0,20,Low Risk
Customer_00158,9,2026-08-01,Standard,mid_value,14,118,13,19,100,75,100,92.5,14.0,,,1,1,0,0,0,0,0,0,Low Risk
Customer_00158,9,2026-08-02,Standard,mid_value,10,84,27,22,75,75,100,80.0,12.0,14.0,14.285714285714285,1,1,0,1,0,0,0,25,Low Risk
Customer_00158,9,2026-08-03,Standard,mid_value,8,81,21,34,75,75,75,75.0,10.666666666666666,12.0,11.111111111111116,1,1,0,1,0,0,0,25,Low Risk
Customer_00158,9,2026-08-04,Standard,mid_value,13,82,16,10,75,75,100,80.0,11.25,10.666666666666666,-5.468750000000005,1,1,0,0,0,0,0,0,Low Risk
Customer_00158,9,2026-08-05,Standard,mid_value,6,101,9,27,100,100,100,100.0,10.2,11.25,9.33333333333334,1,1,0,0,0,0,0,0,Low Risk
Customer_00159,3,2026-08-01,Standard,mid_value,8,83,4,31,75,100,75,82.5,8.0,,,0,0,0,0,0,0,0,0,Low Risk
Customer_00159,3,2026-08-02,Standard,mid_value,6,99,23,27,75,75,100,80.0,7.0,8.0,12.5,0,0,0,1,0,0,0,25,Low Risk
Customer_00159,3,2026-08-03,Standard,mid_value,6,86,1,32,75,100,75,82.5,6.666666666666667,7.0,4.761904761904757,0,0,0,0,0,0,0,0,Low Risk
Customer_00159,3,2026-08-04,Standard,mid_value,10,85,26,45,75,75,75,75.0,7.5,6.666666666666667,-12.499999999999996,0,0,0,1,1,0,0,45,Medium Risk
Customer_00159,3,2026-08-05,Standard,mid_value,14,91,15,49,75,75,75,75.0,8.8,7.5,-17.333333333333343,0,0,0,0,1,0,0,20,Low Risk
Customer_00160,9,2026-08-01,Standard,mid_value,10,113,7,15,100,100,100,100.0,10.0,,,0,0,0,0,0,0,0,0,Low Risk
Customer_00160,9,2026-08-02,Standard,mid_value,11,101,27,45,100,75,75,87.5,10.5,10.0,-5.0,0,0,0,1,1,0,0,45,Medium Risk
Customer_00160,9,2026-08-03,Standard,mid_value,13,118,6,42,100,100,75,95.0,11.333333333333334,10.5,-7.936507936507942,0,0,0,0,1,0,0,20,Low Risk
Customer_00160,9,2026-08-04,Standard,mid_value,5,93,11,47,75,75,75,75.0,9.75,11.333333333333334,13.970588235294125,0,0,0,0,1,0,0,20,Low Risk
Customer_00160,9,2026-08-05,Standard,mid_value,8,115,16,21,100,75,100,92.5,9.4,9.75,3.589743589743586,0,0,0,0,0,0,0,0,Low Risk
Customer_00161,7,2026-08-01,Standard,mid_value,11,83,1,48,75,100,75,82.5,11.0,,,1,1,0,0,1,0,0,20,Low Risk
Customer_00161,7,2026-08-02,Standard,mid_value,7,92,18,14,75,75,100,80.0,9.0,11.0,18.181818181818183,1,1,0,0,0,0,0,0,Low Risk
Customer_00161,7,2026-08-03,Standard,mid_value,11,113,14,38,100,75,75,87.5,9.666666666666666,9.0,-7.407407407407401,1,1,0,0,0,0,0,0,Low Risk
Customer_00161,7,2026-08-04,Standard,mid_value,15,108,26,44,100,75,75,87.5,11.0,9.666666666666666,-13.79310344827587,1,1,0,1,1,0,0,45,Medium Risk
Customer_00161,7,2026-08-05,Standard,mid_value,13,84,5,41,75,100,75,82.5,11.4,11.0,-3.63636363636364,1,1,0,0,1,0,0,20,Low Risk
Customer_00162,9,2026-08-01,Standard,mid_value,7,109,17,27,100,75,100,92.5,7.0,,,0,0,0,0,0,0,0,0,Low Risk
Customer_00162,9,2026-08-02,Standard,mid_value,14,102,11,23,100,75,100,92.5,10.5,7.0,-50.0,0,0,0,0,0,0,0,0,Low Risk
Customer_00162,9,2026-08-03,Standard,mid_value,14,85,24,19,75,75,100,80.0,11.666666666666666,10.5,-11.111111111111104,0,0,0,1,0,0,0,25,Low Risk
Customer_00162,9,2026-08-04,Standard,mid_value,8,107,20,27,100,75,100,92.5,10.75,11.666666666666666,7.857142857142853,0,0,0,0,0,0,0,0,Low Risk
Customer_00162,9,2026-08-05,Standard,mid_value,5,116,17,34,100,75,75,87.5,9.6,10.75,10.697674418604654,0,0,0,0,0,0,0,0,Low Risk
Customer_00163,4,2026-08-01,Standard,mid_value,8,90,25,21,75,75,100,80.0,8.0,,,0,0,0,1,0,0,0,25,Low Risk
Customer_00163,4,2026-08-02,Standard,mid_value,12,106,28,34,100,75,75,87.5,10.0,8.0,-25.0,0,0,0,1,0,0,0,25,Low Risk
Customer_00163,4,2026-08-03,Standard,mid_value,12,94,7,42,75,100,75,82.5,10.666666666666666,10.0,-6.666666666666661,0,0,0,0,1,0,0,20,Low Risk
Customer_00163,4,2026-08-04,Standard,mid_value,12,86,6,47,75,100,75,82.5,11.0,10.666666666666666,-3.1250000000000053,0,0,0,0,1,0,0,20,Low Risk
Customer_00163,4,2026-08-05,Standard,mid_value,14,99,4,28,75,100,100,87.5,11.6,11.0,-5.454545454545452,0,0,0,0,0,0,0,0,Low Risk
Customer_00164,7,2026-08-01,Standard,mid_value,6,100,19,19,100,75,100,92.5,6.0,,,1,1,0,0,0,0,0,0,Low Risk
Customer_00164,7,2026-08-02,Standard,mid_value,5,112,22,13,100,75,100,92.5,5.5,6.0,8.333333333333332,1,1,0,1,0,0,0,25,Low Risk
Customer_00164,7,2026-08-03,Standard,mid_value,7,88,24,18,75,75,100,80.0,6.0,5.5,-9.090909090909092,1,1,0,1,0,0,0,25,Low Risk
Customer_00164,7,2026-08-04,Standard,mid_value,8,81,3,43,75,100,75,82.5,6.5,6.0,-8.333333333333332,1,1,0,0,1,0,0,20,Low Risk
Customer_00164,7,2026-08-05,Standard,mid_value,14,98,2,28,75,100,100,87.5,8.0,6.5,-23.07692307692308,1,1,0,0,0,0,0,0,Low Risk
Customer_00165,8,2026-08-01,Basic,low_value,3,44,16,32,50,75,75,62.5,3.0,,,1,1,0,0,0,0,0,0,Low Risk
Customer_00165,8,2026-08-02,Basic,low_value,3,51,17,26,75,75,100,80.0,3.0,3.0,0.0,1,1,0,0,0,0,0,0,Low Risk
Customer_00165,8,2026-08-03,Basic,low_value,2,49,15,33,50,75,75,62.5,2.6666666666666665,3.0,11.111111111111116,1,1,0,0,0,0,0,0,Low Risk
Customer_00165,8,2026-08-04,Basic,low_value,4,50,9,44,75,100,75,82.5,3.0,2.6666666666666665,-12.500000000000004,1,1,0,0,1,0,0,20,Low Risk
Customer_00165,8,2026-08-05,Basic,low_value,4,57,30,42,75,75,75,75.0,3.2,3.0,-6.666666666666672,1,1,0,1,1,0,0,45,Medium Risk
Customer_00166,8,2026-08-01,Standard,mid_value,12,112,9,43,100,100,75,95.0,12.0,,,0,0,0,0,1,0,0,20,Low Risk
Customer_00166,8,2026-08-02,Standard,mid_value,14,81,24,44,75,75,75,75.0,13.0,12.0,-8.333333333333332,0,0,0,1,1,0,0,45,Medium Risk
Customer_00166,8,2026-08-03,Standard,mid_value,15,92,24,47,75,75,75,75.0,13.666666666666666,13.0,-5.128205128205124,0,0,0,1,1,0,0,45,Medium Risk
Customer_00166,8,2026-08-04,Standard,mid_value,7,118,19,25,100,75,100,92.5,12.0,13.666666666666666,12.195121951219509,0,0,0,0,0,0,0,0,Low Risk
Customer_00166,8,2026-08-05,Standard,mid_value,14,97,21,34,75,75,75,75.0,12.4,12.0,-3.333333333333336,0,0,0,1,0,0,0,25,Low Risk
Customer_00167,8,2026-08-01,Standard,mid_value,7,89,5,44,75,100,75,82.5,7.0,,,1,1,0,0,1,0,0,20,Low Risk
Customer_00167,8,2026-08-02,Standard,mid_value,12,87,19,27,75,75,100,80.0,9.5,7.0,-35.714285714285715,1,1,0,0,0,0,0,0,Low Risk
Customer_00167,8,2026-08-03,Standard,mid_value,9,109,10,39,100,100,75,95.0,9.333333333333334,9.5,1.7543859649122744,1,1,0,0,0,0,0,0,Low Risk
Customer_00167,8,2026-08-04,Standard,mid_value,14,105,1,40,100,100,75,95.0,10.5,9.333333333333334,-12.499999999999991,1,1,0,0,0,0,0,0,Low Risk
Customer_00167,8,2026-08-05,Standard,mid_value,8,83,11,23,75,75,100,80.0,10.0,10.5,4.761904761904762,1,1,0,0,0,0,0,0,Low Risk
Customer_00168,6,2026-08-01,Standard,mid_value,8,95,25,16,75,75,100,80.0,8.0,,,1,1,0,1,0,0,0,25,Low Risk
Customer_00168,6,2026-08-02,Standard,mid_value,7,109,18,34,100,75,75,87.5,7.5,8.0,6.25,1,1,0,0,0,0,0,0,Low Risk
Customer_00168,6,2026-08-03,Standard,mid_value,13,102,8,33,100,100,75,95.0,9.333333333333334,7.5,-24.444444444444454,1,1,0,0,0,0,0,0,Low Risk
Customer_00168,6,2026-08-04,Standard,mid_value,10,109,20,37,100,75,75,87.5,9.5,9.333333333333334,-1.7857142857142794,1,1,0,0,0,0,0,0,Low Risk
Customer_00168,6,2026-08-05,Standard,mid_value,7,102,15,11,100,75,100,92.5,9.0,9.5,5.263157894736842,1,1,0,0,0,0,0,0,Low Risk
Customer_00169,3,2026-08-01,Premium,high_value,24,166,12,45,100,75,75,87.5,24.0,,,1,1,0,0,1,0,0,20,Low Risk
Customer_00169,3,2026-08-02,Premium,high_value,17,156,20,33,100,75,75,87.5,20.5,24.0,14.583333333333334,1,1,0,0,0,0,0,0,Low Risk
Customer_00169,3,2026-08-03,Premium,high_value,18,209,8,15,100,100,100,100.0,19.666666666666668,20.5,4.065040650406498,1,1,0,0,0,0,0,0,Low Risk
Customer_00169,3,2026-08-04,Premium,high_value,11,166,2,48,100,100,75,95.0,17.5,19.666666666666668,11.01694915254238,1,1,0,0,1,0,0,20,Low Risk
Customer_00169,3,2026-08-05,Premium,high_value,20,249,16,11,100,75,100,92.5,18.0,17.5,-2.857142857142857,1,1,0,0,0,0,0,0,Low Risk
Customer_00170,9,2026-08-01,Premium,high_value,11,224,8,27,100,100,100,100.0,11.0,,,0,0,0,0,0,0,0,0,Low Risk
Customer_00170,9,2026-08-02,Premium,high_value,20,230,16,40,100,75,75,87.5,15.5,11.0,-40.909090909090914,0,0,0,0,0,0,0,0,Low Risk
Customer_00170,9,2026-08-03,Premium,high_value,16,227,8,20,100,100,100,100.0,15.666666666666666,15.5,-1.0752688172042972,0,0,0,0,0,0,0,0,Low Risk
Customer_00170,9,2026-08-04,Premium,high_value,12,244,13,37,100,75,75,87.5,14.75,15.666666666666666,5.851063829787231,0,0,0,0,0,0,0,0,Low Risk
Customer_00170,9,2026-08-05,Premium,high_value,14,246,10,38,100,100,75,95.0,14.6,14.75,1.0169491525423753,0,0,0,0,0,0,0,0,Low Risk
Customer_00171,9,2026-08-01,Standard,mid_value,14,118,18,36,100,75,75,87.5,14.0,,,0,0,0,0,0,0,0,0,Low Risk
Customer_00171,9,2026-08-02,Standard,mid_value,12,94,19,21,75,75,100,80.0,13.0,14.0,7.142857142857142,0,0,0,0,0,0,0,0,Low Risk
Customer_00171,9,2026-08-03,Standard,mid_value,6,94,26,17,75,75,100,80.0,10.666666666666666,13.0,17.948717948717956,0,0,0,1,0,0,0,25,Low Risk
Customer_00171,9,2026-08-04,Standard,mid_value,6,89,6,19,75,100,100,87.5,9.5,10.666666666666666,10.937499999999996,0,0,0,0,0,0,0,0,Low Risk
Customer_00171,9,2026-08-05,Standard,mid_value,12,95,18,47,75,75,75,75.0,10.0,9.5,-5.263157894736842,0,0,0,0,1,0,0,20,Low Risk
Customer_00172,8,2026-08-01,Standard,mid_value,13,95,30,12,75,75,100,80.0,13.0,,,0,0,0,1,0,0,0,25,Low Risk
Customer_00172,8,2026-08-02,Standard,mid_value,15,83,11,15,75,75,100,80.0,14.0,13.0,-7.6923076923076925,0,0,0,0,0,0,0,0,Low Risk
Customer_00172,8,2026-08-03,Standard,mid_value,6,87,28,32,75,75,75,75.0,11.333333333333334,14.0,19.047619047619044,0,0,0,1,0,0,0,25,Low Risk
Customer_00172,8,2026-08-04,Standard,mid_value,9,97,28,48,75,75,75,75.0,10.75,11.333333333333334,5.147058823529417,0,0,0,1,1,0,0,45,Medium Risk
Customer_00172,8,2026-08-05,Standard,mid_value,13,107,27,13,100,75,100,92.5,11.2,10.75,-4.186046511627901,0,0,0,1,0,0,0,25,Low Risk
Customer_00173,8,2026-08-01,Standard,mid_value,7,103,6,48,100,100,75,95.0,7.0,,,0,0,0,0,1,0,0,20,Low Risk
Customer_00173,8,2026-08-02,Standard,mid_value,14,81,15,46,75,75,75,75.0,10.5,7.0,-50.0,0,0,0,0,1,0,0,20,Low Risk
Customer_00173,8,2026-08-03,Standard,mid_value,6,115,24,44,100,75,75,87.5,9.0,10.5,14.285714285714285,0,0,0,1,1,0,0,45,Medium Risk
Customer_00173,8,2026-08-04,Standard,mid_value,6,110,7,24,100,100,100,100.0,8.25,9.0,8.333333333333332,0,0,0,0,0,0,0,0,Low Risk
Customer_00173,8,2026-08-05,Standard,mid_value,5,93,15,37,75,75,75,75.0,7.6,8.25,7.878787878787883,0,0,0,0,0,0,0,0,Low Risk
Customer_00174,9,2026-08-01,Standard,mid_value,12,119,17,50,100,75,75,87.5,12.0,,,1,1,0,0,1,0,0,20,Low Risk
Customer_00174,9,2026-08-02,Standard,mid_value,14,87,15,23,75,75,100,80.0,13.0,12.0,-8.333333333333332,1,1,0,0,0,0,0,0,Low Risk
Customer_00174,9,2026-08-03,Standard,mid_value,11,88,25,25,75,75,100,80.0,12.333333333333334,13.0,5.128205128205124,1,1,0,1,0,0,0,25,Low Risk
Customer_00174,9,2026-08-04,Standard,mid_value,8,106,22,34,100,75,75,87.5,11.25,12.333333333333334,8.783783783783788,1,1,0,1,0,0,0,25,Low Risk
Customer_00174,9,2026-08-05,Standard,mid_value,12,113,3,25,100,100,100,100.0,11.4,11.25,-1.3333333333333366,1,1,0,0,0,0,0,0,Low Risk
Customer_00175,1,2026-08-01,Standard,mid_value,12,115,27,30,100,75,100,92.5,12.0,,,1,1,0,1,0,0,0,25,Low Risk
Customer_00175,1,2026-08-02,Standard,mid_value,6,96,7,14,75,100,100,87.5,9.0,12.0,25.0,1,1,0,0,0,0,0,0,Low Risk
Customer_00175,1,2026-08-03,Standard,mid_value,12,91,21,45,75,75,75,75.0,10.0,9.0,-11.11111111111111,1,1,0,1,1,0,0,45,Medium Risk
Customer_00175,1,2026-08-04,Standard,mid_value,6,86,0,24,75,100,100,87.5,9.0,10.0,10.0,1,1,0,0,0,0,0,0,Low Risk
Customer_00175,1,2026-08-05,Standard,mid_value,7,86,30,43,75,75,75,75.0,8.6,9.0,4.444444444444448,1,1,0,1,1,0,0,45,Medium Risk
Customer_00176,7,2026-08-01,Standard,mid_value,14,105,9,46,100,100,75,95.0,14.0,,,1,1,0,0,1,0,0,20,Low Risk
Customer_00176,7,2026-08-02,Standard,mid_value,14,95,18,48,75,75,75,75.0,14.0,14.0,0.0,1,1,0,0,1,0,0,20,Low Risk
Customer_00176,7,2026-08-03,Standard,mid_value,7,107,10,17,100,100,100,100.0,11.666666666666666,14.0,16.66666666666667,1,1,0,0,0,0,0,0,Low Risk
Customer_00176,7,2026-08-04,Standard,mid_value,14,111,7,44,100,100,75,95.0,12.25,11.666666666666666,-5.000000000000005,1,1,0,0,1,0,0,20,Low Risk
Customer_00176,7,2026-08-05,Standard,mid_value,6,97,12,25,75,75,100,80.0,11.0,12.25,10.20408163265306,1,1,0,0,0,0,0,0,Low Risk
Customer_00177,10,2026-08-01,Standard,mid_value,14,84,19,13,75,75,100,80.0,14.0,,,1,1,0,0,0,0,0,0,Low Risk
Customer_00177,10,2026-08-02,Standard,mid_value,11,116,27,46,100,75,75,87.5,12.5,14.0,10.714285714285714,1,1,0,1,1,0,0,45,Medium Risk
Customer_00177,10,2026-08-03,Standard,mid_value,10,116,10,29,100,100,100,100.0,11.666666666666666,12.5,6.666666666666671,1,1,0,0,0,0,0,0,Low Risk
Customer_00177,10,2026-08-04,Standard,mid_value,7,91,23,17,75,75,100,80.0,10.5,11.666666666666666,9.999999999999996,1,1,0,1,0,0,0,25,Low Risk
Customer_00177,10,2026-08-05,Standard,mid_value,12,99,26,43,75,75,75,75.0,10.8,10.5,-2.857142857142864,1,1,0,1,1,0,0,45,Medium Risk
Customer_00178,5,2026-08-01,Standard,mid_value,9,104,24,37,100,75,75,87.5,9.0,,,1,1,0,1,0,0,0,25,Low Risk
Customer_00178,5,2026-08-02,Standard,mid_value,12,114,12,17,100,75,100,92.5,10.5,9.0,-16.666666666666664,1,1,0,0,0,0,0,0,Low Risk
Customer_00178,5,2026-08-03,Standard,mid_value,13,81,23,37,75,75,75,75.0,11.333333333333334,10.5,-7.936507936507942,1,1,0,1,0,0,0,25,Low Risk
Customer_00178,5,2026-08-04,Standard,mid_value,6,83,3,48,75,100,75,82.5,10.0,11.333333333333334,11.764705882352946,1,1,0,0,1,0,0,20,Low Risk
Customer_00178,5,2026-08-05,Standard,mid_value,10,88,7,37,75,100,75,82.5,10.0,10.0,0.0,1,1,0,0,0,0,0,0,Low Risk
Customer_00179,10,2026-08-01,Standard,mid_value,6,102,27,47,100,75,75,87.5,6.0,,,0,0,0,1,1,0,0,45,Medium Risk
Customer_00179,10,2026-08-02,Standard,mid_value,11,87,29,13,75,75,100,80.0,8.5,6.0,-41.66666666666667,0,0,0,1,0,0,0,25,Low Risk
Customer_00179,10,2026-08-03,Standard,mid_value,12,106,19,12,100,75,100,92.5,9.666666666666666,8.5,-13.725490196078423,0,0,0,0,0,0,0,0,Low Risk
Customer_00179,10,2026-08-04,Standard,mid_value,11,82,26,26,75,75,100,80.0,10.0,9.666666666666666,-3.4482758620689715,0,0,0,1,0,0,0,25,Low Risk
Customer_00179,10,2026-08-05,Standard,mid_value,7,108,7,25,100,100,100,100.0,9.4,10.0,5.9999999999999964,0,0,0,0,0,0,0,0,Low Risk
Customer_00180,3,2026-08-01,Standard,mid_value,13,95,21,13,75,75,100,80.0,13.0,,,1,1,0,1,0,0,0,25,Low Risk
Customer_00180,3,2026-08-02,Standard,mid_value,10,120,24,23,100,75,100,92.5,11.5,13.0,11.538461538461538,1,1,0,1,0,0,0,25,Low Risk
Customer_00180,3,2026-08-03,Standard,mid_value,10,82,22,40,75,75,75,75.0,11.0,11.5,4.3478260869565215,1,1,0,1,0,0,0,25,Low Risk
Customer_00180,3,2026-08-04,Standard,mid_value,9,104,1,42,100,100,75,95.0,10.5,11.0,4.545454545454546,1,1,0,0,1,0,0,20,Low Risk
Customer_00180,3,2026-08-05,Standard,mid_value,14,84,29,29,75,75,100,80.0,11.2,10.5,-6.66666666666666,1,1,0,1,0,0,0,25,Low Risk
Customer_00181,1,2026-08-01,Standard,mid_value,11,94,5,49,75,100,75,82.5,11.0,,,1,1,0,0,1,0,0,20,Low Risk
Customer_00181,1,2026-08-02,Standard,mid_value,13,101,28,25,100,75,100,92.5,12.0,11.0,-9.090909090909092,1,1,0,1,0,0,0,25,Low Risk
Customer_00181,1,2026-08-03,Standard,mid_value,15,116,14,32,100,75,75,87.5,13.0,12.0,-8.333333333333332,1,1,0,0,0,0,0,0,Low Risk
Customer_00181,1,2026-08-04,Standard,mid_value,13,99,2,24,75,100,100,87.5,13.0,13.0,0.0,1,1,0,0,0,0,0,0,Low Risk
Customer_00181,1,2026-08-05,Standard,mid_value,13,107,13,35,100,75,75,87.5,13.0,13.0,0.0,1,1,0,0,0,0,0,0,Low Risk
Customer_00182,4,2026-08-01,Standard,mid_value,11,90,3,48,75,100,75,82.5,11.0,,,1,1,0,0,1,0,0,20,Low Risk
Customer_00182,4,2026-08-02,Standard,mid_value,9,112,14,38,100,75,75,87.5,10.0,11.0,9.090909090909092,1,1,0,0,0,0,0,0,Low Risk
Customer_00182,4,2026-08-03,Standard,mid_value,6,113,26,29,100,75,100,92.5,8.666666666666666,10.0,13.33333333333334,1,1,0,1,0,0,0,25,Low Risk
Customer_00182,4,2026-08-04,Standard,mid_value,7,114,22,42,100,75,75,87.5,8.25,8.666666666666666,4.807692307692301,1,1,0,1,1,0,0,45,Medium Risk
Customer_00182,4,2026-08-05,Standard,mid_value,6,94,26,25,75,75,100,80.0,7.8,8.25,5.454545454545457,1,1,0,1,0,0,0,25,Low Risk
Customer_00183,4,2026-08-01,Standard,mid_value,14,100,26,28,100,75,100,92.5,14.0,,,1,1,0,1,0,0,0,25,Low Risk
Customer_00183,4,2026-08-02,Standard,mid_value,12,119,29,36,100,75,75,87.5,13.0,14.0,7.142857142857142,1,1,0,1,0,0,0,25,Low Risk
Customer_00183,4,2026-08-03,Standard,mid_value,7,90,24,25,75,75,100,80.0,11.0,13.0,15.384615384615383,1,1,0,1,0,0,0,25,Low Risk
Customer_00183,4,2026-08-04,Standard,mid_value,12,118,15,36,100,75,75,87.5,11.25,11.0,-2.272727272727273,1,1,0,0,0,0,0,0,Low Risk
Customer_00183,4,2026-08-05,Standard,mid_value,10,113,14,22,100,75,100,92.5,11.0,11.25,2.2222222222222223,1,1,0,0,0,0,0,0,Low Risk
Customer_00184,7,2026-08-01,Standard,mid_value,8,111,22,45,100,75,75,87.5,8.0,,,0,0,0,1,1,0,0,45,Medium Risk
Customer_00184,7,2026-08-02,Standard,mid_value,11,89,17,37,75,75,75,75.0,9.5,8.0,-18.75,0,0,0,0,0,0,0,0,Low Risk
Customer_00184,7,2026-08-03,Standard,mid_value,9,95,23,37,75,75,75,75.0,9.333333333333334,9.5,1.7543859649122744,0,0,0,1,0,0,0,25,Low Risk
Customer_00184,7,2026-08-04,Standard,mid_value,10,91,20,31,75,75,75,75.0,9.5,9.333333333333334,-1.7857142857142794,0,0,0,0,0,0,0,0,Low Risk
Customer_00184,7,2026-08-05,Standard,mid_value,10,100,17,45,100,75,75,87.5,9.6,9.5,-1.0526315789473648,0,0,0,0,1,0,0,20,Low Risk
Customer_00185,9,2026-08-01,Standard,mid_value,12,108,15,28,100,75,100,92.5,12.0,,,1,1,0,0,0,0,0,0,Low Risk
Customer_00185,9,2026-08-02,Standard,mid_value,9,89,7,12,75,100,100,87.5,10.5,12.0,12.5,1,1,0,0,0,0,0,0,Low Risk
Customer_00185,9,2026-08-03,Standard,mid_value,14,112,17,11,100,75,100,92.5,11.666666666666666,10.5,-11.111111111111104,1,1,0,0,0,0,0,0,Low Risk
Customer_00185,9,2026-08-04,Standard,mid_value,5,85,10,45,75,100,75,82.5,10.0,11.666666666666666,14.285714285714285,1,1,0,0,1,0,0,20,Low Risk
Customer_00185,9,2026-08-05,Standard,mid_value,6,112,1,38,100,100,75,95.0,9.2,10.0,8.000000000000007,1,1,0,0,0,0,0,0,Low Risk
Customer_00186,3,2026-08-01,Standard,mid_value,11,112,17,49,100,75,75,87.5,11.0,,,1,1,0,0,1,0,0,20,Low Risk
Customer_00186,3,2026-08-02,Standard,mid_value,7,92,1,50,75,100,75,82.5,9.0,11.0,18.181818181818183,1,1,0,0,1,0,0,20,Low Risk
Customer_00186,3,2026-08-03,Standard,mid_value,10,91,5,41,75,100,75,82.5,9.333333333333334,9.0,-3.7037037037037104,1,1,0,0,1,0,0,20,Low Risk
Customer_00186,3,2026-08-04,Standard,mid_value,10,119,9,48,100,100,75,95.0,9.5,9.333333333333334,-1.7857142857142794,1,1,0,0,1,0,0,20,Low Risk
Customer_00186,3,2026-08-05,Standard,mid_value,5,84,10,32,75,100,75,82.5,8.6,9.5,9.47368421052632,1,1,0,0,0,0,0,0,Low Risk
Customer_00187,6,2026-08-01,Standard,mid_value,8,116,10,13,100,100,100,100.0,8.0,,,1,1,0,0,0,0,0,0,Low Risk
Customer_00187,6,2026-08-02,Standard,mid_value,10,106,12,42,100,75,75,87.5,9.0,8.0,-12.5,1,1,0,0,1,0,0,20,Low Risk
Customer_00187,6,2026-08-03,Standard,mid_value,12,105,9,29,100,100,100,100.0,10.0,9.0,-11.11111111111111,1,1,0,0,0,0,0,0,Low Risk
Customer_00187,6,2026-08-04,Standard,mid_value,12,112,15,13,100,75,100,92.5,10.5,10.0,-5.0,1,1,0,0,0,0,0,0,Low Risk
Customer_00187,6,2026-08-05,Standard,mid_value,8,93,3,29,75,100,100,87.5,10.0,10.5,4.761904761904762,1,1,0,0,0,0,0,0,Low Risk
Customer_00188,4,2026-08-01,Basic,low_value,1,42,7,35,50,100,75,70.0,1.0,,,1,1,0,0,0,0,0,0,Low Risk
Customer_00188,4,2026-08-02,Basic,low_value,4,43,25,39,50,75,75,62.5,2.5,1.0,-150.0,1,1,0,1,0,0,0,25,Low Risk
Customer_00188,4,2026-08-03,Basic,low_value,5,53,21,18,75,75,100,80.0,3.333333333333333,2.5,-33.333333333333336,1,1,0,1,0,0,0,25,Low Risk
Customer_00188,4,2026-08-04,Basic,low_value,2,44,23,16,50,75,100,67.5,3.0,3.333333333333333,10.000000000000004,1,1,0,1,0,0,0,25,Low Risk
Customer_00188,4,2026-08-05,Basic,low_value,3,58,4,23,75,100,100,87.5,3.0,3.0,0.0,1,1,0,0,0,0,0,0,Low Risk
Customer_00189,9,2026-08-01,Standard,mid_value,11,85,2,15,75,100,100,87.5,11.0,,,1,1,0,0,0,0,0,0,Low Risk
Customer_00189,9,2026-08-02,Standard,mid_value,5,103,2,39,100,100,75,95.0,8.0,11.0,27.27272727272727,1,1,0,0,0,0,0,0,Low Risk
Customer_00189,9,2026-08-03,Standard,mid_value,13,102,8,23,100,100,100,100.0,9.666666666666666,8.0,-20.833333333333325,1,1,0,0,0,0,0,0,Low Risk
Customer_00189,9,2026-08-04,Standard,mid_value,11,116,29,27,100,75,100,92.5,10.0,9.666666666666666,-3.4482758620689715,1,1,0,1,0,0,0,25,Low Risk
Customer_00189,9,2026-08-05,Standard,mid_value,9,116,29,11,100,75,100,92.5,9.8,10.0,1.999999999999993,1,1,0,1,0,0,0,25,Low Risk
Customer_00190,10,2026-08-01,Standard,mid_value,7,120,24,15,100,75,100,92.5,7.0,,,0,0,0,1,0,0,0,25,Low Risk
Customer_00190,10,2026-08-02,Standard,mid_value,10,81,19,45,75,75,75,75.0,8.5,7.0,-21.428571428571427,0,0,0,0,1,0,0,20,Low Risk
Customer_00190,10,2026-08-03,Standard,mid_value,14,94,15,34,75,75,75,75.0,10.333333333333334,8.5,-21.5686274509804,0,0,0,0,0,0,0,0,Low Risk
Customer_00190,10,2026-08-04,Standard,mid_value,10,108,29,21,100,75,100,92.5,10.25,10.333333333333334,0.8064516129032315,0,0,0,1,0,0,0,25,Low Risk
Customer_00190,10,2026-08-05,Standard,mid_value,13,117,18,19,100,75,100,92.5,10.8,10.25,-5.365853658536592,0,0,0,0,0,0,0,0,Low Risk
Customer_00191,9,2026-08-01,Standard,mid_value,5,106,25,34,100,75,75,87.5,5.0,,,1,1,0,1,0,0,0,25,Low Risk
Customer_00191,9,2026-08-02,Standard,mid_value,13,101,25,20,100,75,100,92.5,9.0,5.0,-80.0,1,1,0,1,0,0,0,25,Low Risk
Customer_00191,9,2026-08-03,Standard,mid_value,9,115,2,46,100,100,75,95.0,9.0,9.0,0.0,1,1,0,0,1,0,0,20,Low Risk
Customer_00191,9,2026-08-04,Standard,mid_value,7,113,25,48,100,75,75,87.5,8.5,9.0,5.555555555555555,1,1,0,1,1,0,0,45,Medium Risk
Customer_00191,9,2026-08-05,Standard,mid_value,9,88,4,11,75,100,100,87.5,8.6,8.5,-1.17647058823529,1,1,0,0,0,0,0,0,Low Risk
Customer_00192,4,2026-08-01,Premium,high_value,16,222,11,38,100,75,75,87.5,16.0,,,1,1,0,0,0,0,0,0,Low Risk
Customer_00192,4,2026-08-02,Premium,high_value,19,190,11,45,100,75,75,87.5,17.5,16.0,-9.375,1,1,0,0,1,0,0,20,Low Risk
Customer_00192,4,2026-08-03,Premium,high_value,22,230,19,11,100,75,100,92.5,19.0,17.5,-8.571428571428571,1,1,0,0,0,0,0,0,Low Risk
Customer_00192,4,2026-08-04,Premium,high_value,10,182,16,31,100,75,75,87.5,16.75,19.0,11.842105263157894,1,1,0,0,0,0,0,0,Low Risk
Customer_00192,4,2026-08-05,Premium,high_value,13,179,19,12,100,75,100,92.5,16.0,16.75,4.477611940298507,1,1,0,0,0,0,0,0,Low Risk
Customer_00193,4,2026-08-01,Standard,mid_value,8,98,11,36,75,75,75,75.0,8.0,,,1,1,0,0,0,0,0,0,Low Risk
Customer_00193,4,2026-08-02,Standard,mid_value,7,95,14,12,75,75,100,80.0,7.5,8.0,6.25,1,1,0,0,0,0,0,0,Low Risk
Customer_00193,4,2026-08-03,Standard,mid_value,8,101,8,16,100,100,100,100.0,7.666666666666667,7.5,-2.2222222222222263,1,1,0,0,0,0,0,0,Low Risk
Customer_00193,4,2026-08-04,Standard,mid_value,6,112,14,21,100,75,100,92.5,7.25,7.666666666666667,5.434782608695656,1,1,0,0,0,0,0,0,Low Risk
Customer_00193,4,2026-08-05,Standard,mid_value,13,104,23,29,100,75,100,92.5,8.4,7.25,-15.862068965517246,1,1,0,1,0,0,0,25,Low Risk
Customer_00194,10,2026-08-01,Standard,mid_value,13,109,1,49,100,100,75,95.0,13.0,,,0,0,0,0,1,0,0,20,Low Risk
Customer_00194,10,2026-08-02,Standard,mid_value,7,107,16,36,100,75,75,87.5,10.0,13.0,23.07692307692308,0,0,0,0,0,0,0,0,Low Risk
Customer_00194,10,2026-08-03,Standard,mid_value,5,93,6,13,75,100,100,87.5,8.333333333333334,10.0,16.66666666666666,0,0,0,0,0,0,0,0,Low Risk
Customer_00194,10,2026-08-04,Standard,mid_value,10,91,1,20,75,100,100,87.5,8.75,8.333333333333334,-4.999999999999993,0,0,0,0,0,0,0,0,Low Risk
Customer_00194,10,2026-08-05,Standard,mid_value,11,100,24,27,100,75,100,92.5,9.2,8.75,-5.142857142857134,0,0,0,1,0,0,0,25,Low Risk
Customer_00195,10,2026-08-01,Premium,high_value,23,240,5,37,100,100,75,95.0,23.0,,,1,1,0,0,0,0,0,0,Low Risk
Customer_00195,10,2026-08-02,Premium,high_value,13,218,16,33,100,75,75,87.5,18.0,23.0,21.73913043478261,1,1,0,0,0,0,0,0,Low Risk
Customer_00195,10,2026-08-03,Premium,high_value,23,219,5,46,100,100,75,95.0,19.666666666666668,18.0,-9.259259259259265,1,1,0,0,1,0,0,20,Low Risk
Customer_00195,10,2026-08-04,Premium,high_value,11,176,25,13,100,75,100,92.5,17.5,19.666666666666668,11.01694915254238,1,1,0,1,0,0,0,25,Low Risk
Customer_00195,10,2026-08-05,Premium,high_value,13,246,14,25,100,75,100,92.5,16.6,17.5,5.142857142857134,1,1,0,0,0,0,0,0,Low Risk
Customer_00196,8,2026-08-01,Standard,mid_value,7,119,27,48,100,75,75,87.5,7.0,,,1,1,0,1,1,0,0,45,Medium Risk
Customer_00196,8,2026-08-02,Standard,mid_value,10,111,11,31,100,75,75,87.5,8.5,7.0,-21.428571428571427,1,1,0,0,0,0,0,0,Low Risk
Customer_00196,8,2026-08-03,Standard,mid_value,12,81,21,46,75,75,75,75.0,9.666666666666666,8.5,-13.725490196078423,1,1,0,1,1,0,0,45,Medium Risk
Customer_00196,8,2026-08-04,Standard,mid_value,8,110,7,11,100,100,100,100.0,9.25,9.666666666666666,4.310344827586201,1,1,0,0,0,0,0,0,Low Risk
Customer_00196,8,2026-08-05,Standard,mid_value,6,114,23,27,100,75,100,92.5,8.6,9.25,7.02702702702703,1,1,0,1,0,0,0,25,Low Risk
Customer_00197,9,2026-08-01,Basic,low_value,1,49,11,22,50,75,100,67.5,1.0,,,1,1,0,0,0,0,0,0,Low Risk
Customer_00197,9,2026-08-02,Basic,low_value,5,48,13,11,50,75,100,67.5,3.0,1.0,-200.0,1,1,0,0,0,0,0,0,Low Risk
Customer_00197,9,2026-08-03,Basic,low_value,4,48,16,34,50,75,75,62.5,3.333333333333333,3.0,-11.111111111111116,1,1,0,0,0,0,0,0,Low Risk
Customer_00197,9,2026-08-04,Basic,low_value,3,42,7,26,50,100,100,75.0,3.25,3.333333333333333,2.5000000000000044,1,1,0,0,0,0,0,0,Low Risk
Customer_00197,9,2026-08-05,Basic,low_value,5,59,26,31,75,75,75,75.0,3.6,3.25,-10.769230769230772,1,1,0,1,0,0,0,25,Low Risk
Customer_00198,3,2026-08-01,Standard,mid_value,8,104,20,21,100,75,100,92.5,8.0,,,1,1,0,0,0,0,0,0,Low Risk
Customer_00198,3,2026-08-02,Standard,mid_value,13,81,27,29,75,75,100,80.0,10.5,8.0,-31.25,1,1,0,1,0,0,0,25,Low Risk
Customer_00198,3,2026-08-03,Standard,mid_value,8,102,27,20,100,75,100,92.5,9.666666666666666,10.5,7.936507936507942,1,1,0,1,0,0,0,25,Low Risk
Customer_00198,3,2026-08-04,Standard,mid_value,15,94,12,24,75,75,100,80.0,11.0,9.666666666666666,-13.79310344827587,1,1,0,0,0,0,0,0,Low Risk
Customer_00198,3,2026-08-05,Standard,mid_value,13,83,18,26,75,75,100,80.0,11.4,11.0,-3.63636363636364,1,1,0,0,0,0,0,0,Low Risk
Customer_00199,9,2026-08-01,Basic,low_value,1,53,28,31,75,75,75,75.0,1.0,,,1,1,0,1,0,0,0,25,Low Risk
Customer_00199,9,2026-08-02,Basic,low_value,5,48,10,36,50,100,75,70.0,3.0,1.0,-200.0,1,1,0,0,0,0,0,0,Low Risk
Customer_00199,9,2026-08-03,Basic,low_value,3,56,14,29,75,75,100,80.0,3.0,3.0,0.0,1,1,0,0,0,0,0,0,Low Risk
Customer_00199,9,2026-08-04,Basic,low_value,3,52,6,36,75,100,75,82.5,3.0,3.0,0.0,1,1,0,0,0,0,0,0,Low Risk
Customer_00199,9,2026-08-05,Basic,low_value,1,46,6,42,50,100,75,70.0,2.6,3.0,13.33333333333333,1,1,0,0,1,0,0,20,Low Risk
Customer_00200,5,2026-08-01,Standard,mid_value,9,119,15,49,100,75,75,87.5,9.0,,,1,1,0,0,1,0,0,20,Low Risk
Customer_00200,5,2026-08-02,Standard,mid_value,14,82,2,17,75,100,100,87.5,11.5,9.0,-27.77777777777778,1,1,0,0,0,0,0,0,Low Risk
Customer_00200,5,2026-08-03,Standard,mid_value,8,106,14,33,100,75,75,87.5,10.333333333333334,11.5,10.14492753623188,1,1,0,0,0,0,0,0,Low Risk
Customer_00200,5,2026-08-04,Standard,mid_value,11,90,6,50,75,100,75,82.5,10.5,10.333333333333334,-1.6129032258064455,1,1,0,0,1,0,0,20,Low Risk
Customer_00200,5,2026-08-05,Standard,mid_value,8,116,8,36,100,100,75,95.0,10.0,10.5,4.761904761904762,1,1,0,0,0,0,0,0,Low Risk
Customer_00201,2,2026-08-01,Standard,mid_value,8,99,4,23,75,100,100,87.5,8.0,,,1,1,0,0,0,0,0,0,Low Risk
Customer_00201,2,2026-08-02,Standard,mid_value,9,92,28,31,75,75,75,75.0,8.5,8.0,-6.25,1,1,0,1,0,0,0,25,Low Risk
Customer_00201,2,2026-08-03,Standard,mid_value,13,109,4,15,100,100,100,100.0,10.0,8.5,-17.647058823529413,1,1,0,0,0,0,0,0,Low Risk
Customer_00201,2,2026-08-04,Standard,mid_value,10,81,15,43,75,75,75,75.0,10.0,10.0,0.0,1,1,0,0,1,0,0,20,Low Risk
Customer_00201,2,2026-08-05,Standard,mid_value,6,98,27,28,75,75,100,80.0,9.2,10.0,8.000000000000007,1,1,0,1,0,0,0,25,Low Risk
Customer_00202,9,2026-08-01,Standard,mid_value,9,109,17,35,100,75,75,87.5,9.0,,,1,1,0,0,0,0,0,0,Low Risk
Customer_00202,9,2026-08-02,Standard,mid_value,13,97,3,33,75,100,75,82.5,11.0,9.0,-22.22222222222222,1,1,0,0,0,0,0,0,Low Risk
Customer_00202,9,2026-08-03,Standard,mid_value,6,89,12,12,75,75,100,80.0,9.333333333333334,11.0,15.151515151515149,1,1,0,0,0,0,0,0,Low Risk
Customer_00202,9,2026-08-04,Standard,mid_value,6,88,26,36,75,75,75,75.0,8.5,9.333333333333334,8.928571428571434,1,1,0,1,0,0,0,25,Low Risk
Customer_00202,9,2026-08-05,Standard,mid_value,9,100,21,36,100,75,75,87.5,8.6,8.5,-1.17647058823529,1,1,0,1,0,0,0,25,Low Risk
Customer_00203,5,2026-08-01,Standard,mid_value,11,103,28,16,100,75,100,92.5,11.0,,,0,0,0,1,0,0,0,25,Low Risk
Customer_00203,5,2026-08-02,Standard,mid_value,11,112,12,22,100,75,100,92.5,11.0,11.0,0.0,0,0,0,0,0,0,0,0,Low Risk
Customer_00203,5,2026-08-03,Standard,mid_value,13,114,18,17,100,75,100,92.5,11.666666666666666,11.0,-6.060606060606055,0,0,0,0,0,0,0,0,Low Risk
Customer_00203,5,2026-08-04,Standard,mid_value,10,85,18,27,75,75,100,80.0,11.25,11.666666666666666,3.5714285714285663,0,0,0,0,0,0,0,0,Low Risk
Customer_00203,5,2026-08-05,Standard,mid_value,11,108,22,22,100,75,100,92.5,11.2,11.25,0.4444444444444507,0,0,0,1,0,0,0,25,Low Risk
Customer_00204,2,2026-08-01,Standard,mid_value,11,85,26,49,75,75,75,75.0,11.0,,,1,1,0,1,1,0,0,45,Medium Risk
Customer_00204,2,2026-08-02,Standard,mid_value,10,116,29,49,100,75,75,87.5,10.5,11.0,4.545454545454546,1,1,0,1,1,0,0,45,Medium Risk
Customer_00204,2,2026-08-03,Standard,mid_value,5,82,26,36,75,75,75,75.0,8.666666666666666,10.5,17.460317460317466,1,1,0,1,0,0,0,25,Low Risk
Customer_00204,2,2026-08-04,Standard,mid_value,6,119,26,39,100,75,75,87.5,8.0,8.666666666666666,7.692307692307685,1,1,0,1,0,0,0,25,Low Risk
Customer_00204,2,2026-08-05,Standard,mid_value,14,105,20,45,100,75,75,87.5,9.2,8.0,-14.999999999999991,1,1,0,0,1,0,0,20,Low Risk
Customer_00205,6,2026-08-01,Standard,mid_value,11,96,21,12,75,75,100,80.0,11.0,,,1,1,0,1,0,0,0,25,Low Risk
Customer_00205,6,2026-08-02,Standard,mid_value,14,90,12,22,75,75,100,80.0,12.5,11.0,-13.636363636363637,1,1,0,0,0,0,0,0,Low Risk
Customer_00205,6,2026-08-03,Standard,mid_value,6,92,28,14,75,75,100,80.0,10.333333333333334,12.5,17.33333333333333,1,1,0,1,0,0,0,25,Low Risk
Customer_00205,6,2026-08-04,Standard,mid_value,7,86,19,37,75,75,75,75.0,9.5,10.333333333333334,8.064516129032263,1,1,0,0,0,0,0,0,Low Risk
Customer_00205,6,2026-08-05,Standard,mid_value,10,111,4,39,100,100,75,95.0,9.6,9.5,-1.0526315789473648,1,1,0,0,0,0,0,0,Low Risk
Customer_00206,1,2026-08-01,Standard,mid_value,6,87,24,44,75,75,75,75.0,6.0,,,0,0,0,1,1,0,0,45,Medium Risk
Customer_00206,1,2026-08-02,Standard,mid_value,13,103,24,19,100,75,100,92.5,9.5,6.0,-58.333333333333336,0,0,0,1,0,0,0,25,Low Risk
Customer_00206,1,2026-08-03,Standard,mid_value,5,98,23,34,75,75,75,75.0,8.0,9.5,15.789473684210526,0,0,0,1,0,0,0,25,Low Risk
Customer_00206,1,2026-08-04,Standard,mid_value,15,89,11,44,75,75,75,75.0,9.75,8.0,-21.875,0,0,0,0,1,0,0,20,Low Risk
Customer_00206,1,2026-08-05,Standard,mid_value,12,92,9,37,75,100,75,82.5,10.2,9.75,-4.615384615384608,0,0,0,0,0,0,0,0,Low Risk
Customer_00207,8,2026-08-01,Premium,high_value,12,197,16,21,100,75,100,92.5,12.0,,,1,1,0,0,0,0,0,0,Low Risk
Customer_00207,8,2026-08-02,Premium,high_value,22,157,10,44,100,100,75,95.0,17.0,12.0,-41.66666666666667,1,1,0,0,1,0,0,20,Low Risk
Customer_00207,8,2026-08-03,Premium,high_value,11,185,14,21,100,75,100,92.5,15.0,17.0,11.76470588235294,1,1,0,0,0,0,0,0,Low Risk
Customer_00207,8,2026-08-04,Premium,high_value,16,227,26,19,100,75,100,92.5,15.25,15.0,-1.6666666666666667,1,1,0,1,0,0,0,25,Low Risk
Customer_00207,8,2026-08-05,Premium,high_value,17,194,19,41,100,75,75,87.5,15.6,15.25,-2.2950819672131124,1,1,0,0,1,0,0,20,Low Risk
Customer_00208,8,2026-08-01,Standard,mid_value,13,105,18,46,100,75,75,87.5,13.0,,,0,0,0,0,1,0,0,20,Low Risk
Customer_00208,8,2026-08-02,Standard,mid_value,9,84,1,39,75,100,75,82.5,11.0,13.0,15.384615384615383,0,0,0,0,0,0,0,0,Low Risk
Customer_00208,8,2026-08-03,Standard,mid_value,10,92,11,33,75,75,75,75.0,10.666666666666666,11.0,3.030303030303036,0,0,0,0,0,0,0,0,Low Risk
Customer_00208,8,2026-08-04,Standard,mid_value,15,89,24,40,75,75,75,75.0,11.75,10.666666666666666,-10.156250000000004,0,0,0,1,0,0,0,25,Low Risk
Customer_00208,8,2026-08-05,Standard,mid_value,12,89,2,33,75,100,75,82.5,11.8,11.75,-0.4255319148936231,0,0,0,0,0,0,0,0,Low Risk
Customer_00209,3,2026-08-01,Premium,high_value,18,201,6,44,100,100,75,95.0,18.0,,,0,0,0,0,1,0,0,20,Low Risk
Customer_00209,3,2026-08-02,Premium,high_value,17,246,8,15,100,100,100,100.0,17.5,18.0,2.7777777777777777,0,0,0,0,0,0,0,0,Low Risk
Customer_00209,3,2026-08-03,Premium,high_value,16,176,18,36,100,75,75,87.5,17.0,17.5,2.857142857142857,0,0,0,0,0,0,0,0,Low Risk
Customer_00209,3,2026-08-04,Premium,high_value,12,244,6,43,100,100,75,95.0,15.75,17.0,7.352941176470589,0,0,0,0,1,0,0,20,Low Risk
Customer_00209,3,2026-08-05,Premium,high_value,16,185,8,39,100,100,75,95.0,15.8,15.75,-0.317460317460322,0,0,0,0,0,0,0,0,Low Risk
Customer_00210,5,2026-08-01,Standard,mid_value,9,119,24,23,100,75,100,92.5,9.0,,,1,1,0,1,0,0,0,25,Low Risk
Customer_00210,5,2026-08-02,Standard,mid_value,8,81,26,47,75,75,75,75.0,8.5,9.0,5.555555555555555,1,1,0,1,1,0,0,45,Medium Risk
Customer_00210,5,2026-08-03,Standard,mid_value,11,114,7,38,100,100,75,95.0,9.333333333333334,8.5,-9.803921568627455,1,1,0,0,0,0,0,0,Low Risk
Customer_00210,5,2026-08-04,Standard,mid_value,14,110,8,30,100,100,100,100.0,10.5,9.333333333333334,-12.499999999999991,1,1,0,0,0,0,0,0,Low Risk
Customer_00210,5,2026-08-05,Standard,mid_value,14,101,26,49,100,75,75,87.5,11.2,10.5,-6.66666666666666,1,1,0,1,1,0,0,45,Medium Risk
Customer_00211,8,2026-08-01,Basic,low_value,4,48,2,11,50,100,100,75.0,4.0,,,1,1,0,0,0,0,0,0,Low Risk
Customer_00211,8,2026-08-02,Basic,low_value,3,40,22,24,50,75,100,67.5,3.5,4.0,12.5,1,1,0,1,0,0,0,25,Low Risk
Customer_00211,8,2026-08-03,Basic,low_value,1,52,4,23,75,100,100,87.5,2.6666666666666665,3.5,23.809523809523814,1,1,0,0,0,0,0,0,Low Risk
Customer_00211,8,2026-08-04,Basic,low_value,3,42,10,44,50,100,75,70.0,2.75,2.6666666666666665,-3.1250000000000053,1,1,0,0,1,0,0,20,Low Risk
Customer_00211,8,2026-08-05,Basic,low_value,4,51,17,50,75,75,75,75.0,3.0,2.75,-9.090909090909092,1,1,0,0,1,0,0,20,Low Risk
Customer_00212,6,2026-08-01,Standard,mid_value,12,85,20,18,75,75,100,80.0,12.0,,,0,0,0,0,0,0,0,0,Low Risk
Customer_00212,6,2026-08-02,Standard,mid_value,9,83,21,43,75,75,75,75.0,10.5,12.0,12.5,0,0,0,1,1,0,0,45,Medium Risk
Customer_00212,6,2026-08-03,Standard,mid_value,13,94,22,44,75,75,75,75.0,11.333333333333334,10.5,-7.936507936507942,0,0,0,1,1,0,0,45,Medium Risk
Customer_00212,6,2026-08-04,Standard,mid_value,9,108,4,31,100,100,75,95.0,10.75,11.333333333333334,5.147058823529417,0,0,0,0,0,0,0,0,Low Risk
Customer_00212,6,2026-08-05,Standard,mid_value,12,110,17,47,100,75,75,87.5,11.0,10.75,-2.3255813953488373,0,0,0,0,1,0,0,20,Low Risk
Customer_00213,7,2026-08-01,Basic,low_value,2,45,24,25,50,75,100,67.5,2.0,,,1,1,0,1,0,0,0,25,Low Risk
Customer_00213,7,2026-08-02,Basic,low_value,1,57,15,30,75,75,100,80.0,1.5,2.0,25.0,1,1,0,0,0,0,0,0,Low Risk
Customer_00213,7,2026-08-03,Basic,low_value,1,50,18,46,75,75,75,75.0,1.3333333333333333,1.5,11.111111111111116,1,1,0,0,1,0,0,20,Low Risk
Customer_00213,7,2026-08-04,Basic,low_value,2,50,26,28,75,75,100,80.0,1.5,1.3333333333333333,-12.500000000000004,1,1,0,1,0,0,0,25,Low Risk
Customer_00213,7,2026-08-05,Basic,low_value,5,45,20,14,50,75,100,67.5,2.2,1.5,-46.66666666666668,1,1,0,0,0,0,0,0,Low Risk
Customer_00214,1,2026-08-01,Standard,mid_value,14,86,1,31,75,100,75,82.5,14.0,,,1,1,0,0,0,0,0,0,Low Risk
Customer_00214,1,2026-08-02,Standard,mid_value,12,116,22,40,100,75,75,87.5,13.0,14.0,7.142857142857142,1,1,0,1,0,0,0,25,Low Risk
Customer_00214,1,2026-08-03,Standard,mid_value,10,107,7,38,100,100,75,95.0,12.0,13.0,7.6923076923076925,1,1,0,0,0,0,0,0,Low Risk
Customer_00214,1,2026-08-04,Standard,mid_value,8,106,17,44,100,75,75,87.5,11.0,12.0,8.333333333333332,1,1,0,0,1,0,0,20,Low Risk
Customer_00214,1,2026-08-05,Standard,mid_value,14,118,14,17,100,75,100,92.5,11.6,11.0,-5.454545454545452,1,1,0,0,0,0,0,0,Low Risk
Customer_00215,3,2026-08-01,Standard,mid_value,9,116,17,16,100,75,100,92.5,9.0,,,1,1,0,0,0,0,0,0,Low Risk
Customer_00215,3,2026-08-02,Standard,mid_value,8,102,16,32,100,75,75,87.5,8.5,9.0,5.555555555555555,1,1,0,0,0,0,0,0,Low Risk
Customer_00215,3,2026-08-03,Standard,mid_value,15,91,29,34,75,75,75,75.0,10.666666666666666,8.5,-25.490196078431364,1,1,0,1,0,0,0,25,Low Risk
Customer_00215,3,2026-08-04,Standard,mid_value,11,86,7,28,75,100,100,87.5,10.75,10.666666666666666,-0.7812500000000056,1,1,0,0,0,0,0,0,Low Risk
Customer_00215,3,2026-08-05,Standard,mid_value,5,114,29,12,100,75,100,92.5,9.6,10.75,10.697674418604654,1,1,0,1,0,0,0,25,Low Risk
Customer_00216,4,2026-08-01,Standard,mid_value,15,90,11,44,75,75,75,75.0,15.0,,,1,1,0,0,1,0,0,20,Low Risk
Customer_00216,4,2026-08-02,Standard,mid_value,6,117,24,49,100,75,75,87.5,10.5,15.0,30.0,1,1,1,1,1,0,0,75,High Risk
Customer_00216,4,2026-08-03,Standard,mid_value,7,93,18,12,75,75,100,80.0,9.333333333333334,10.5,11.111111111111104,1,1,0,0,0,0,0,0,Low Risk
Customer_00216,4,2026-08-04,Standard,mid_value,9,94,22,34,75,75,75,75.0,9.25,9.333333333333334,0.8928571428571492,1,1,0,1,0,0,0,25,Low Risk
Customer_00216,4,2026-08-05,Standard,mid_value,12,114,10,19,100,100,100,100.0,9.8,9.25,-5.945945945945954,1,1,0,0,0,0,0,0,Low Risk
Customer_00217,9,2026-08-01,Standard,mid_value,10,99,3,49,75,100,75,82.5,10.0,,,0,0,0,0,1,0,0,20,Low Risk
Customer_00217,9,2026-08-02,Standard,mid_value,6,95,29,38,75,75,75,75.0,8.0,10.0,20.0,0,0,0,1,0,0,0,25,Low Risk
Customer_00217,9,2026-08-03,Standard,mid_value,8,95,30,28,75,75,100,80.0,8.0,8.0,0.0,0,0,0,1,0,0,0,25,Low Risk
Customer_00217,9,2026-08-04,Standard,mid_value,14,108,16,37,100,75,75,87.5,9.5,8.0,-18.75,0,0,0,0,0,0,0,0,Low Risk
Customer_00217,9,2026-08-05,Standard,mid_value,13,86,1,36,75,100,75,82.5,10.2,9.5,-7.368421052631572,0,0,0,0,0,0,0,0,Low Risk
Customer_00218,4,2026-08-01,Standard,mid_value,14,86,26,11,75,75,100,80.0,14.0,,,0,0,0,1,0,0,0,25,Low Risk
Customer_00218,4,2026-08-02,Standard,mid_value,13,97,1,25,75,100,100,87.5,13.5,14.0,3.571428571428571,0,0,0,0,0,0,0,0,Low Risk
Customer_00218,4,2026-08-03,Standard,mid_value,9,104,22,38,100,75,75,87.5,12.0,13.5,11.11111111111111,0,0,0,1,0,0,0,25,Low Risk
Customer_00218,4,2026-08-04,Standard,mid_value,10,83,23,26,75,75,100,80.0,11.5,12.0,4.166666666666666,0,0,0,1,0,0,0,25,Low Risk
Customer_00218,4,2026-08-05,Standard,mid_value,8,118,19,27,100,75,100,92.5,10.8,11.5,6.086956521739125,0,0,0,0,0,0,0,0,Low Risk
Customer_00219,2,2026-08-01,Standard,mid_value,11,103,1,40,100,100,75,95.0,11.0,,,1,1,0,0,0,0,0,0,Low Risk
Customer_00219,2,2026-08-02,Standard,mid_value,14,96,6,23,75,100,100,87.5,12.5,11.0,-13.636363636363637,1,1,0,0,0,0,0,0,Low Risk
Customer_00219,2,2026-08-03,Standard,mid_value,15,110,20,46,100,75,75,87.5,13.333333333333334,12.5,-6.666666666666671,1,1,0,0,1,0,0,20,Low Risk
Customer_00219,2,2026-08-04,Standard,mid_value,13,87,23,23,75,75,100,80.0,13.25,13.333333333333334,0.6250000000000043,1,1,0,1,0,0,0,25,Low Risk
Customer_00219,2,2026-08-05,Standard,mid_value,6,111,26,10,100,75,100,92.5,11.8,13.25,10.94339622641509,1,1,0,1,0,0,0,25,Low Risk
Customer_00220,4,2026-08-01,Premium,high_value,23,224,20,13,100,75,100,92.5,23.0,,,1,1,0,0,0,0,0,0,Low Risk
Customer_00220,4,2026-08-02,Premium,high_value,16,170,24,45,100,75,75,87.5,19.5,23.0,15.217391304347828,1,1,0,1,1,0,0,45,Medium Risk
Customer_00220,4,2026-08-03,Premium,high_value,19,170,23,22,100,75,100,92.5,19.33333333333333,19.5,0.8547008547008609,1,1,0,1,0,0,0,25,Low Risk
Customer_00220,4,2026-08-04,Premium,high_value,20,246,6,17,100,100,100,100.0,19.5,19.33333333333333,-0.8620689655172477,1,1,0,0,0,0,0,0,Low Risk
Customer_00220,4,2026-08-05,Premium,high_value,13,188,9,13,100,100,100,100.0,18.2,19.5,6.666666666666671,1,1,0,0,0,0,0,0,Low Risk
Customer_00221,1,2026-08-01,Standard,mid_value,12,80,9,31,75,100,75,82.5,12.0,,,1,1,0,0,0,0,0,0,Low Risk
Customer_00221,1,2026-08-02,Standard,mid_value,8,118,20,19,100,75,100,92.5,10.0,12.0,16.666666666666664,1,1,0,0,0,0,0,0,Low Risk
Customer_00221,1,2026-08-03,Standard,mid_value,14,98,27,27,75,75,100,80.0,11.333333333333334,10.0,-13.33333333333334,1,1,0,1,0,0,0,25,Low Risk
Customer_00221,1,2026-08-04,Standard,mid_value,9,99,13,15,75,75,100,80.0,10.75,11.333333333333334,5.147058823529417,1,1,0,0,0,0,0,0,Low Risk
Customer_00221,1,2026-08-05,Standard,mid_value,7,102,9,33,100,100,75,95.0,10.0,10.75,6.976744186046512,1,1,0,0,0,0,0,0,Low Risk
Customer_00222,1,2026-08-01,Standard,mid_value,15,85,7,14,75,100,100,87.5,15.0,,,0,0,0,0,0,0,0,0,Low Risk
Customer_00222,1,2026-08-02,Standard,mid_value,6,104,7,11,100,100,100,100.0,10.5,15.0,30.0,0,0,1,0,0,0,0,30,Low Risk
Customer_00222,1,2026-08-03,Standard,mid_value,13,109,3,43,100,100,75,95.0,11.333333333333334,10.5,-7.936507936507942,0,0,0,0,1,0,0,20,Low Risk
Customer_00222,1,2026-08-04,Standard,mid_value,5,107,25,36,100,75,75,87.5,9.75,11.333333333333334,13.970588235294125,0,0,0,1,0,0,0,25,Low Risk
Customer_00222,1,2026-08-05,Standard,mid_value,7,116,6,34,100,100,75,95.0,9.2,9.75,5.641025641025648,0,0,0,0,0,0,0,0,Low Risk
Customer_00223,2,2026-08-01,Standard,mid_value,15,110,3,27,100,100,100,100.0,15.0,,,0,0,0,0,0,0,0,0,Low Risk
Customer_00223,2,2026-08-02,Standard,mid_value,11,117,15,43,100,75,75,87.5,13.0,15.0,13.333333333333334,0,0,0,0,1,0,0,20,Low Risk
Customer_00223,2,2026-08-03,Standard,mid_value,11,93,1,13,75,100,100,87.5,12.333333333333334,13.0,5.128205128205124,0,0,0,0,0,0,0,0,Low Risk
Customer_00223,2,2026-08-04,Standard,mid_value,10,92,25,48,75,75,75,75.0,11.75,12.333333333333334,4.729729729729734,0,0,0,1,1,0,0,45,Medium Risk
Customer_00223,2,2026-08-05,Standard,mid_value,8,98,28,49,75,75,75,75.0,11.0,11.75,6.382978723404255,0,0,0,1,1,0,0,45,Medium Risk
Customer_00224,6,2026-08-01,Standard,mid_value,13,87,23,48,75,75,75,75.0,13.0,,,0,0,0,1,1,0,0,45,Medium Risk
Customer_00224,6,2026-08-02,Standard,mid_value,9,111,10,49,100,100,75,95.0,11.0,13.0,15.384615384615383,0,0,0,0,1,0,0,20,Low Risk
Customer_00224,6,2026-08-03,Standard,mid_value,11,106,2,30,100,100,100,100.0,11.0,11.0,0.0,0,0,0,0,0,0,0,0,Low Risk
Customer_00224,6,2026-08-04,Standard,mid_value,8,87,10,37,75,100,75,82.5,10.25,11.0,6.8181818181818175,0,0,0,0,0,0,0,0,Low Risk
Customer_00224,6,2026-08-05,Standard,mid_value,14,100,8,10,100,100,100,100.0,11.0,10.25,-7.317073170731707,0,0,0,0,0,0,0,0,Low Risk
Customer_00225,1,2026-08-01,Standard,mid_value,12,96,4,38,75,100,75,82.5,12.0,,,1,1,0,0,0,0,0,0,Low Risk
Customer_00225,1,2026-08-02,Standard,mid_value,6,116,20,50,100,75,75,87.5,9.0,12.0,25.0,1,1,0,0,1,0,0,20,Low Risk
Customer_00225,1,2026-08-03,Standard,mid_value,8,109,1,42,100,100,75,95.0,8.666666666666666,9.0,3.7037037037037104,1,1,0,0,1,0,0,20,Low Risk
Customer_00225,1,2026-08-04,Standard,mid_value,9,97,28,12,75,75,100,80.0,8.75,8.666666666666666,-0.9615384615384684,1,1,0,1,0,0,0,25,Low Risk
Customer_00225,1,2026-08-05,Standard,mid_value,11,104,14,25,100,75,100,92.5,9.2,8.75,-5.142857142857134,1,1,0,0,0,0,0,0,Low Risk
Customer_00226,1,2026-08-01,Standard,mid_value,12,111,0,20,100,100,100,100.0,12.0,,,0,0,0,0,0,0,0,0,Low Risk
Customer_00226,1,2026-08-02,Standard,mid_value,6,103,24,42,100,75,75,87.5,9.0,12.0,25.0,0,0,0,1,1,0,0,45,Medium Risk
Customer_00226,1,2026-08-03,Standard,mid_value,5,91,24,40,75,75,75,75.0,7.666666666666667,9.0,14.814814814814811,0,0,0,1,0,0,0,25,Low Risk
Customer_00226,1,2026-08-04,Standard,mid_value,5,104,22,34,100,75,75,87.5,7.0,7.666666666666667,8.695652173913047,0,0,0,1,0,0,0,25,Low Risk
Customer_00226,1,2026-08-05,Standard,mid_value,13,100,3,31,100,100,75,95.0,8.2,7.0,-17.14285714285713,0,0,0,0,0,0,0,0,Low Risk
Customer_00227,9,2026-08-01,Basic,low_value,4,41,11,13,50,75,100,67.5,4.0,,,0,0,0,0,0,0,0,0,Low Risk
Customer_00227,9,2026-08-02,Basic,low_value,4,51,14,11,75,75,100,80.0,4.0,4.0,0.0,0,0,0,0,0,0,0,0,Low Risk
Customer_00227,9,2026-08-03,Basic,low_value,5,49,29,28,50,75,100,67.5,4.333333333333333,4.0,-8.333333333333325,0,0,0,1,0,0,0,25,Low Risk
Customer_00227,9,2026-08-04,Basic,low_value,3,49,25,22,50,75,100,67.5,4.0,4.333333333333333,7.692307692307685,0,0,0,1,0,0,0,25,Low Risk
Customer_00227,9,2026-08-05,Basic,low_value,4,57,6,24,75,100,100,87.5,4.0,4.0,0.0,0,0,0,0,0,0,0,0,Low Risk
Customer_00228,2,2026-08-01,Standard,mid_value,13,85,1,43,75,100,75,82.5,13.0,,,1,1,0,0,1,0,0,20,Low Risk
Customer_00228,2,2026-08-02,Standard,mid_value,12,110,19,32,100,75,75,87.5,12.5,13.0,3.8461538461538463,1,1,0,0,0,0,0,0,Low Risk
Customer_00228,2,2026-08-03,Standard,mid_value,12,106,25,18,100,75,100,92.5,12.333333333333334,12.5,1.3333333333333286,1,1,0,1,0,0,0,25,Low Risk
Customer_00228,2,2026-08-04,Standard,mid_value,15,88,17,26,75,75,100,80.0,13.0,12.333333333333334,-5.4054054054054,1,1,0,0,0,0,0,0,Low Risk
Customer_00228,2,2026-08-05,Standard,mid_value,7,112,13,10,100,75,100,92.5,11.8,13.0,9.230769230769226,1,1,0,0,0,0,0,0,Low Risk
Customer_00229,3,2026-08-01,Standard,mid_value,15,91,11,22,75,75,100,80.0,15.0,,,1,1,0,0,0,0,0,0,Low Risk
Customer_00229,3,2026-08-02,Standard,mid_value,13,103,28,15,100,75,100,92.5,14.0,15.0,6.666666666666667,1,1,0,1,0,0,0,25,Low Risk
Customer_00229,3,2026-08-03,Standard,mid_value,12,94,14,37,75,75,75,75.0,13.333333333333334,14.0,4.761904761904757,1,1,0,0,0,0,0,0,Low Risk
Customer_00229,3,2026-08-04,Standard,mid_value,11,114,2,12,100,100,100,100.0,12.75,13.333333333333334,4.375000000000004,1,1,0,0,0,0,0,0,Low Risk
Customer_00229,3,2026-08-05,Standard,mid_value,12,112,28,49,100,75,75,87.5,12.6,12.75,1.1764705882352968,1,1,0,1,1,0,0,45,Medium Risk
Customer_00230,4,2026-08-01,Standard,mid_value,14,83,6,14,75,100,100,87.5,14.0,,,0,0,0,0,0,0,0,0,Low Risk
Customer_00230,4,2026-08-02,Standard,mid_value,10,113,21,33,100,75,75,87.5,12.0,14.0,14.285714285714285,0,0,0,1,0,0,0,25,Low Risk
Customer_00230,4,2026-08-03,Standard,mid_value,8,94,16,42,75,75,75,75.0,10.666666666666666,12.0,11.111111111111116,0,0,0,0,1,0,0,20,Low Risk
Customer_00230,4,2026-08-04,Standard,mid_value,6,109,1,36,100,100,75,95.0,9.5,10.666666666666666,10.937499999999996,0,0,0,0,0,0,0,0,Low Risk
Customer_00230,4,2026-08-05,Standard,mid_value,10,117,28,33,100,75,75,87.5,9.6,9.5,-1.0526315789473648,0,0,0,1,0,0,0,25,Low Risk
Customer_00231,9,2026-08-01,Premium,high_value,24,225,16,36,100,75,75,87.5,24.0,,,1,1,0,0,0,0,0,0,Low Risk
Customer_00231,9,2026-08-02,Premium,high_value,19,214,6,31,100,100,75,95.0,21.5,24.0,10.416666666666668,1,1,0,0,0,0,0,0,Low Risk
Customer_00231,9,2026-08-03,Premium,high_value,24,239,2,14,100,100,100,100.0,22.33333333333333,21.5,-3.875968992248057,1,1,0,0,0,0,0,0,Low Risk
Customer_00231,9,2026-08-04,Premium,high_value,20,205,14,49,100,75,75,87.5,21.75,22.33333333333333,2.6119402985074576,1,1,0,0,1,0,0,20,Low Risk
Customer_00231,9,2026-08-05,Premium,high_value,24,169,17,35,100,75,75,87.5,22.2,21.75,-2.0689655172413763,1,1,0,0,0,0,0,0,Low Risk
Customer_00232,1,2026-08-01,Standard,mid_value,8,100,14,48,100,75,75,87.5,8.0,,,1,1,0,0,1,0,0,20,Low Risk
Customer_00232,1,2026-08-02,Standard,mid_value,14,117,12,12,100,75,100,92.5,11.0,8.0,-37.5,1,1,0,0,0,0,0,0,Low Risk
Customer_00232,1,2026-08-03,Standard,mid_value,15,81,6,15,75,100,100,87.5,12.333333333333334,11.0,-12.121212121212126,1,1,0,0,0,0,0,0,Low Risk
Customer_00232,1,2026-08-04,Standard,mid_value,12,93,3,30,75,100,100,87.5,12.25,12.333333333333334,0.6756756756756804,1,1,0,0,0,0,0,0,Low Risk
Customer_00232,1,2026-08-05,Standard,mid_value,8,93,22,44,75,75,75,75.0,11.4,12.25,6.938775510204079,1,1,0,1,1,0,0,45,Medium Risk
Customer_00233,9,2026-08-01,Standard,mid_value,7,102,26,34,100,75,75,87.5,7.0,,,1,1,0,1,0,0,0,25,Low Risk
Customer_00233,9,2026-08-02,Standard,mid_value,9,100,16,23,100,75,100,92.5,8.0,7.0,-14.285714285714285,1,1,0,0,0,0,0,0,Low Risk
Customer_00233,9,2026-08-03,Standard,mid_value,9,95,27,14,75,75,100,80.0,8.333333333333334,8.0,-4.166666666666674,1,1,0,1,0,0,0,25,Low Risk
Customer_00233,9,2026-08-04,Standard,mid_value,14,107,24,25,100,75,100,92.5,9.75,8.333333333333334,-16.999999999999993,1,1,0,1,0,0,0,25,Low Risk
Customer_00233,9,2026-08-05,Standard,mid_value,7,112,11,27,100,75,100,92.5,9.2,9.75,5.641025641025648,1,1,0,0,0,0,0,0,Low Risk
Customer_00234,1,2026-08-01,Standard,mid_value,7,107,10,31,100,100,75,95.0,7.0,,,1,1,0,0,0,0,0,0,Low Risk
Customer_00234,1,2026-08-02,Standard,mid_value,6,119,24,35,100,75,75,87.5,6.5,7.0,7.142857142857142,1,1,0,1,0,0,0,25,Low Risk
Customer_00234,1,2026-08-03,Standard,mid_value,8,96,3,19,75,100,100,87.5,7.0,6.5,-7.6923076923076925,1,1,0,0,0,0,0,0,Low Risk
Customer_00234,1,2026-08-04,Standard,mid_value,13,84,15,45,75,75,75,75.0,8.5,7.0,-21.428571428571427,1,1,0,0,1,0,0,20,Low Risk
Customer_00234,1,2026-08-05,Standard,mid_value,7,97,7,45,75,100,75,82.5,8.2,8.5,3.5294117647058907,1,1,0,0,1,0,0,20,Low Risk
Customer_00235,3,2026-08-01,Standard,mid_value,6,99,27,48,75,75,75,75.0,6.0,,,1,1,0,1,1,0,0,45,Medium Risk
Customer_00235,3,2026-08-02,Standard,mid_value,12,101,4,39,100,100,75,95.0,9.0,6.0,-50.0,1,1,0,0,0,0,0,0,Low Risk
Customer_00235,3,2026-08-03,Standard,mid_value,8,98,14,19,75,75,100,80.0,8.666666666666666,9.0,3.7037037037037104,1,1,0,0,0,0,0,0,Low Risk
Customer_00235,3,2026-08-04,Standard,mid_value,7,111,27,27,100,75,100,92.5,8.25,8.666666666666666,4.807692307692301,1,1,0,1,0,0,0,25,Low Risk
Customer_00235,3,2026-08-05,Standard,mid_value,14,92,2,32,75,100,75,82.5,9.4,8.25,-13.939393939393945,1,1,0,0,0,0,0,0,Low Risk
Customer_00236,7,2026-08-01,Premium,high_value,10,222,25,47,100,75,75,87.5,10.0,,,1,1,0,1,1,0,0,45,Medium Risk
Customer_00236,7,2026-08-02,Premium,high_value,21,201,2,20,100,100,100,100.0,15.5,10.0,-55.00000000000001,1,1,0,0,0,0,0,0,Low Risk
Customer_00236,7,2026-08-03,Premium,high_value,18,224,6,15,100,100,100,100.0,16.333333333333332,15.5,-5.376344086021498,1,1,0,0,0,0,0,0,Low Risk
Customer_00236,7,2026-08-04,Premium,high_value,24,154,5,39,100,100,75,95.0,18.25,16.333333333333332,-11.734693877551027,1,1,0,0,0,0,0,0,Low Risk
Customer_00236,7,2026-08-05,Premium,high_value,10,247,13,41,100,75,75,87.5,16.6,18.25,9.04109589041095,1,1,0,0,1,0,0,20,Low Risk
Customer_00237,8,2026-08-01,Standard,mid_value,15,91,17,39,75,75,75,75.0,15.0,,,0,0,0,0,0,0,0,0,Low Risk
Customer_00237,8,2026-08-02,Standard,mid_value,7,95,1,42,75,100,75,82.5,11.0,15.0,26.666666666666668,0,0,0,0,1,0,0,20,Low Risk
Customer_00237,8,2026-08-03,Standard,mid_value,9,88,8,11,75,100,100,87.5,10.333333333333334,11.0,6.060606060606055,0,0,0,0,0,0,0,0,Low Risk
Customer_00237,8,2026-08-04,Standard,mid_value,8,100,21,48,100,75,75,87.5,9.75,10.333333333333334,5.645161290322586,0,0,0,1,1,0,0,45,Medium Risk
Customer_00237,8,2026-08-05,Standard,mid_value,8,101,3,36,100,100,75,95.0,9.4,9.75,3.589743589743586,0,0,0,0,0,0,0,0,Low Risk
Customer_00238,6,2026-08-01,Standard,mid_value,9,113,11,37,100,75,75,87.5,9.0,,,1,1,0,0,0,0,0,0,Low Risk
Customer_00238,6,2026-08-02,Standard,mid_value,14,94,15,40,75,75,75,75.0,11.5,9.0,-27.77777777777778,1,1,0,0,0,0,0,0,Low Risk
Customer_00238,6,2026-08-03,Standard,mid_value,6,111,9,32,100,100,75,95.0,9.666666666666666,11.5,15.94202898550725,1,1,0,0,0,0,0,0,Low Risk
Customer_00238,6,2026-08-04,Standard,mid_value,14,106,19,34,100,75,75,87.5,10.75,9.666666666666666,-11.206896551724146,1,1,0,0,0,0,0,0,Low Risk
Customer_00238,6,2026-08-05,Standard,mid_value,7,97,23,18,75,75,100,80.0,10.0,10.75,6.976744186046512,1,1,0,1,0,0,0,25,Low Risk
Customer_00239,8,2026-08-01,Premium,high_value,24,213,15,20,100,75,100,92.5,24.0,,,1,1,0,0,0,0,0,0,Low Risk
Customer_00239,8,2026-08-02,Premium,high_value,12,224,11,26,100,75,100,92.5,18.0,24.0,25.0,1,1,0,0,0,0,0,0,Low Risk
Customer_00239,8,2026-08-03,Premium,high_value,10,185,26,20,100,75,100,92.5,15.333333333333334,18.0,14.814814814814811,1,1,0,1,0,0,0,25,Low Risk
Customer_00239,8,2026-08-04,Premium,high_value,18,175,16,16,100,75,100,92.5,16.0,15.333333333333334,-4.347826086956517,1,1,0,0,0,0,0,0,Low Risk
Customer_00239,8,2026-08-05,Premium,high_value,12,228,19,42,100,75,75,87.5,15.2,16.0,5.000000000000004,1,1,0,0,1,0,0,20,Low Risk
Customer_00240,2,2026-08-01,Standard,mid_value,14,101,20,11,100,75,100,92.5,14.0,,,1,1,0,0,0,0,0,0,Low Risk
Customer_00240,2,2026-08-02,Standard,mid_value,9,109,19,29,100,75,100,92.5,11.5,14.0,17.857142857142858,1,1,0,0,0,0,0,0,Low Risk
Customer_00240,2,2026-08-03,Standard,mid_value,12,93,4,13,75,100,100,87.5,11.666666666666666,11.5,-1.4492753623188357,1,1,0,0,0,0,0,0,Low Risk
Customer_00240,2,2026-08-04,Standard,mid_value,9,117,21,18,100,75,100,92.5,11.0,11.666666666666666,5.714285714285709,1,1,0,1,0,0,0,25,Low Risk
Customer_00240,2,2026-08-05,Standard,mid_value,13,88,4,44,75,100,75,82.5,11.4,11.0,-3.63636363636364,1,1,0,0,1,0,0,20,Low Risk
Customer_00241,3,2026-08-01,Standard,mid_value,15,113,24,34,100,75,75,87.5,15.0,,,1,1,0,1,0,0,0,25,Low Risk
Customer_00241,3,2026-08-02,Standard,mid_value,9,101,11,21,100,75,100,92.5,12.0,15.0,20.0,1,1,0,0,0,0,0,0,Low Risk
Customer_00241,3,2026-08-03,Standard,mid_value,11,87,26,39,75,75,75,75.0,11.666666666666666,12.0,2.777777777777783,1,1,0,1,0,0,0,25,Low Risk
Customer_00241,3,2026-08-04,Standard,mid_value,14,111,2,20,100,100,100,100.0,12.25,11.666666666666666,-5.000000000000005,1,1,0,0,0,0,0,0,Low Risk
Customer_00241,3,2026-08-05,Standard,mid_value,9,91,9,17,75,100,100,87.5,11.6,12.25,5.306122448979594,1,1,0,0,0,0,0,0,Low Risk
Customer_00242,6,2026-08-01,Basic,low_value,1,52,23,20,75,75,100,80.0,1.0,,,1,1,0,1,0,0,0,25,Low Risk
Customer_00242,6,2026-08-02,Basic,low_value,3,57,26,42,75,75,75,75.0,2.0,1.0,-100.0,1,1,0,1,1,0,0,45,Medium Risk
Customer_00242,6,2026-08-03,Basic,low_value,2,41,26,42,50,75,75,62.5,2.0,2.0,0.0,1,1,0,1,1,0,0,45,Medium Risk
Customer_00242,6,2026-08-04,Basic,low_value,4,46,5,43,50,100,75,70.0,2.5,2.0,-25.0,1,1,0,0,1,0,0,20,Low Risk
Customer_00242,6,2026-08-05,Basic,low_value,3,60,3,29,75,100,100,87.5,2.6,2.5,-4.000000000000004,1,1,0,0,0,0,0,0,Low Risk
Customer_00243,7,2026-08-01,Standard,mid_value,11,106,30,44,100,75,75,87.5,11.0,,,1,1,0,1,1,0,0,45,Medium Risk
Customer_00243,7,2026-08-02,Standard,mid_value,13,112,27,38,100,75,75,87.5,12.0,11.0,-9.090909090909092,1,1,0,1,0,0,0,25,Low Risk
Customer_00243,7,2026-08-03,Standard,mid_value,13,116,12,19,100,75,100,92.5,12.333333333333334,12.0,-2.777777777777783,1,1,0,0,0,0,0,0,Low Risk
Customer_00243,7,2026-08-04,Standard,mid_value,8,102,16,45,100,75,75,87.5,11.25,12.333333333333334,8.783783783783788,1,1,0,0,1,0,0,20,Low Risk
Customer_00243,7,2026-08-05,Standard,mid_value,5,115,9,44,100,100,75,95.0,10.0,11.25,11.11111111111111,1,1,0,0,1,0,0,20,Low Risk
Customer_00244,5,2026-08-01,Standard,mid_value,10,89,16,37,75,75,75,75.0,10.0,,,0,0,0,0,0,0,0,0,Low Risk
Customer_00244,5,2026-08-02,Standard,mid_value,7,103,6,25,100,100,100,100.0,8.5,10.0,15.0,0,0,0,0,0,0,0,0,Low Risk
Customer_00244,5,2026-08-03,Standard,mid_value,13,111,3,44,100,100,75,95.0,10.0,8.5,-17.647058823529413,0,0,0,0,1,0,0,20,Low Risk
Customer_00244,5,2026-08-04,Standard,mid_value,7,93,26,39,75,75,75,75.0,9.25,10.0,7.5,0,0,0,1,0,0,0,25,Low Risk
Customer_00244,5,2026-08-05,Standard,mid_value,5,98,22,35,75,75,75,75.0,8.4,9.25,9.189189189189186,0,0,0,1,0,0,0,25,Low Risk
Customer_00245,9,2026-08-01,Standard,mid_value,7,117,29,12,100,75,100,92.5,7.0,,,0,0,0,1,0,0,0,25,Low Risk
Customer_00245,9,2026-08-02,Standard,mid_value,14,80,0,39,75,100,75,82.5,10.5,7.0,-50.0,0,0,0,0,0,0,0,0,Low Risk
Customer_00245,9,2026-08-03,Standard,mid_value,8,116,19,32,100,75,75,87.5,9.666666666666666,10.5,7.936507936507942,0,0,0,0,0,0,0,0,Low Risk
Customer_00245,9,2026-08-04,Standard,mid_value,13,84,12,36,75,75,75,75.0,10.5,9.666666666666666,-8.62068965517242,0,0,0,0,0,0,0,0,Low Risk
Customer_00245,9,2026-08-05,Standard,mid_value,14,89,22,24,75,75,100,80.0,11.2,10.5,-6.66666666666666,0,0,0,1,0,0,0,25,Low Risk
Customer_00246,5,2026-08-01,Premium,high_value,14,182,22,45,100,75,75,87.5,14.0,,,0,0,0,1,1,0,0,45,Medium Risk
Customer_00246,5,2026-08-02,Premium,high_value,21,208,25,39,100,75,75,87.5,17.5,14.0,-25.0,0,0,0,1,0,0,0,25,Low Risk
Customer_00246,5,2026-08-03,Premium,high_value,17,158,23,24,100,75,100,92.5,17.333333333333332,17.5,0.9523809523809592,0,0,0,1,0,0,0,25,Low Risk
Customer_00246,5,2026-08-04,Premium,high_value,24,199,1,20,100,100,100,100.0,19.0,17.333333333333332,-9.615384615384622,0,0,0,0,0,0,0,0,Low Risk
Customer_00246,5,2026-08-05,Premium,high_value,12,169,30,45,100,75,75,87.5,17.6,19.0,7.368421052631572,0,0,0,1,1,0,0,45,Medium Risk
Customer_00247,7,2026-08-01,Standard,mid_value,13,80,4,18,75,100,100,87.5,13.0,,,1,1,0,0,0,0,0,0,Low Risk
Customer_00247,7,2026-08-02,Standard,mid_value,6,93,28,25,75,75,100,80.0,9.5,13.0,26.923076923076923,1,1,0,1,0,0,0,25,Low Risk
Customer_00247,7,2026-08-03,Standard,mid_value,10,110,9,32,100,100,75,95.0,9.666666666666666,9.5,-1.7543859649122744,1,1,0,0,0,0,0,0,Low Risk
Customer_00247,7,2026-08-04,Standard,mid_value,10,91,28,11,75,75,100,80.0,9.75,9.666666666666666,-0.8620689655172477,1,1,0,1,0,0,0,25,Low Risk
Customer_00247,7,2026-08-05,Standard,mid_value,11,103,22,23,100,75,100,92.5,10.0,9.75,-2.564102564102564,1,1,0,1,0,0,0,25,Low Risk
Customer_00248,9,2026-08-01,Premium,high_value,12,193,22,11,100,75,100,92.5,12.0,,,1,1,0,1,0,0,0,25,Low Risk
Customer_00248,9,2026-08-02,Premium,high_value,23,163,17,14,100,75,100,92.5,17.5,12.0,-45.83333333333333,1,1,0,0,0,0,0,0,Low Risk
Customer_00248,9,2026-08-03,Premium,high_value,15,229,24,15,100,75,100,92.5,16.666666666666668,17.5,4.761904761904756,1,1,0,1,0,0,0,25,Low Risk
Customer_00248,9,2026-08-04,Premium,high_value,12,232,26,40,100,75,75,87.5,15.5,16.666666666666668,7.000000000000006,1,1,0,1,0,0,0,25,Low Risk
Customer_00248,9,2026-08-05,Premium,high_value,12,173,4,18,100,100,100,100.0,14.8,15.5,4.5161290322580605,1,1,0,0,0,0,0,0,Low Risk
Customer_00249,5,2026-08-01,Basic,low_value,3,50,17,36,75,75,75,75.0,3.0,,,1,1,0,0,0,0,0,0,Low Risk
Customer_00249,5,2026-08-02,Basic,low_value,2,44,29,27,50,75,100,67.5,2.5,3.0,16.666666666666664,1,1,0,1,0,0,0,25,Low Risk
Customer_00249,5,2026-08-03,Basic,low_value,3,41,0,17,50,100,100,75.0,2.6666666666666665,2.5,-6.666666666666661,1,1,0,0,0,0,0,0,Low Risk
Customer_00249,5,2026-08-04,Basic,low_value,4,55,30,26,75,75,100,80.0,3.0,2.6666666666666665,-12.500000000000004,1,1,0,1,0,0,0,25,Low Risk
Customer_00249,5,2026-08-05,Basic,low_value,4,46,0,45,50,100,75,70.0,3.2,3.0,-6.666666666666672,1,1,0,0,1,0,0,20,Low Risk
Customer_00250,1,2026-08-01,Premium,high_value,24,201,13,49,100,75,75,87.5,24.0,,,1,1,0,0,1,0,0,20,Low Risk
Customer_00250,1,2026-08-02,Premium,high_value,18,234,22,20,100,75,100,92.5,21.0,24.0,12.5,1,1,0,1,0,0,0,25,Low Risk
Customer_00250,1,2026-08-03,Premium,high_value,24,221,28,14,100,75,100,92.5,22.0,21.0,-4.761904761904762,1,1,0,1,0,0,0,25,Low Risk
Customer_00250,1,2026-08-04,Premium,high_value,11,205,8,28,100,100,100,100.0,19.25,22.0,12.5,1,1,0,0,0,0,0,0,Low Risk
Customer_00250,1,2026-08-05,Premium,high_value,10,196,17,17,100,75,100,92.5,17.4,19.25,9.610389610389618,1,1,0,0,0,0,0,0,Low Risk
Customer_00251,9,2026-08-01,Premium,high_value,17,201,25,38,100,75,75,87.5,17.0,,,0,0,0,1,0,0,0,25,Low Risk
Customer_00251,9,2026-08-02,Premium,high_value,22,200,10,17,100,100,100,100.0,19.5,17.0,-14.705882352941178,0,0,0,0,0,0,0,0,Low Risk
Customer_00251,9,2026-08-03,Premium,high_value,24,190,23,20,100,75,100,92.5,21.0,19.5,-7.6923076923076925,0,0,0,1,0,0,0,25,Low Risk
Customer_00251,9,2026-08-04,Premium,high_value,21,226,2,32,100,100,75,95.0,21.0,21.0,0.0,0,0,0,0,0,0,0,0,Low Risk
Customer_00251,9,2026-08-05,Premium,high_value,13,199,30,42,100,75,75,87.5,19.4,21.0,7.619047619047626,0,0,0,1,1,0,0,45,Medium Risk
Customer_00252,10,2026-08-01,Basic,low_value,2,54,21,15,75,75,100,80.0,2.0,,,1,1,0,1,0,0,0,25,Low Risk
Customer_00252,10,2026-08-02,Basic,low_value,3,44,18,41,50,75,75,62.5,2.5,2.0,-25.0,1,1,0,0,1,0,0,20,Low Risk
Customer_00252,10,2026-08-03,Basic,low_value,1,45,24,35,50,75,75,62.5,2.0,2.5,20.0,1,1,0,1,0,0,0,25,Low Risk
Customer_00252,10,2026-08-04,Basic,low_value,1,49,3,13,50,100,100,75.0,1.75,2.0,12.5,1,1,0,0,0,0,0,0,Low Risk
Customer_00252,10,2026-08-05,Basic,low_value,1,47,16,33,50,75,75,62.5,1.6,1.75,8.571428571428566,1,1,0,0,0,0,0,0,Low Risk
Customer_00253,7,2026-08-01,Standard,mid_value,13,93,30,38,75,75,75,75.0,13.0,,,0,0,0,1,0,0,0,25,Low Risk
Customer_00253,7,2026-08-02,Standard,mid_value,13,110,8,22,100,100,100,100.0,13.0,13.0,0.0,0,0,0,0,0,0,0,0,Low Risk
Customer_00253,7,2026-08-03,Standard,mid_value,7,82,4,46,75,100,75,82.5,11.0,13.0,15.384615384615383,0,0,0,0,1,0,0,20,Low Risk
Customer_00253,7,2026-08-04,Standard,mid_value,9,118,29,25,100,75,100,92.5,10.5,11.0,4.545454545454546,0,0,0,1,0,0,0,25,Low Risk
Customer_00253,7,2026-08-05,Standard,mid_value,10,82,6,26,75,100,100,87.5,10.4,10.5,0.952380952380949,0,0,0,0,0,0,0,0,Low Risk
Customer_00254,6,2026-08-01,Standard,mid_value,12,116,29,34,100,75,75,87.5,12.0,,,0,0,0,1,0,0,0,25,Low Risk
Customer_00254,6,2026-08-02,Standard,mid_value,11,82,27,19,75,75,100,80.0,11.5,12.0,4.166666666666666,0,0,0,1,0,0,0,25,Low Risk
Customer_00254,6,2026-08-03,Standard,mid_value,10,84,21,14,75,75,100,80.0,11.0,11.5,4.3478260869565215,0,0,0,1,0,0,0,25,Low Risk
Customer_00254,6,2026-08-04,Standard,mid_value,5,119,1,14,100,100,100,100.0,9.5,11.0,13.636363636363637,0,0,0,0,0,0,0,0,Low Risk
Customer_00254,6,2026-08-05,Standard,mid_value,8,104,22,23,100,75,100,92.5,9.2,9.5,3.157894736842113,0,0,0,1,0,0,0,25,Low Risk
Customer_00255,7,2026-08-01,Standard,mid_value,11,94,15,26,75,75,100,80.0,11.0,,,1,1,0,0,0,0,0,0,Low Risk
Customer_00255,7,2026-08-02,Standard,mid_value,15,114,15,35,100,75,75,87.5,13.0,11.0,-18.181818181818183,1,1,0,0,0,0,0,0,Low Risk
Customer_00255,7,2026-08-03,Standard,mid_value,12,118,22,38,100,75,75,87.5,12.666666666666666,13.0,2.5641025641025683,1,1,0,1,0,0,0,25,Low Risk
Customer_00255,7,2026-08-04,Standard,mid_value,12,90,18,29,75,75,100,80.0,12.5,12.666666666666666,1.315789473684206,1,1,0,0,0,0,0,0,Low Risk
Customer_00255,7,2026-08-05,Standard,mid_value,10,94,11,49,75,75,75,75.0,12.0,12.5,4.0,1,1,0,0,1,0,0,20,Low Risk
Customer_00256,5,2026-08-01,Standard,mid_value,5,87,15,10,75,75,100,80.0,5.0,,,1,1,0,0,0,0,0,0,Low Risk
Customer_00256,5,2026-08-02,Standard,mid_value,14,81,0,14,75,100,100,87.5,9.5,5.0,-90.0,1,1,0,0,0,0,0,0,Low Risk
Customer_00256,5,2026-08-03,Standard,mid_value,7,107,10,13,100,100,100,100.0,8.666666666666666,9.5,8.77192982456141,1,1,0,0,0,0,0,0,Low Risk
Customer_00256,5,2026-08-04,Standard,mid_value,12,84,13,26,75,75,100,80.0,9.5,8.666666666666666,-9.615384615384622,1,1,0,0,0,0,0,0,Low Risk
Customer_00256,5,2026-08-05,Standard,mid_value,8,84,29,49,75,75,75,75.0,9.2,9.5,3.157894736842113,1,1,0,1,1,0,0,45,Medium Risk
Customer_00257,2,2026-08-01,Standard,mid_value,10,108,19,45,100,75,75,87.5,10.0,,,1,1,0,0,1,0,0,20,Low Risk
Customer_00257,2,2026-08-02,Standard,mid_value,8,104,18,36,100,75,75,87.5,9.0,10.0,10.0,1,1,0,0,0,0,0,0,Low Risk
Customer_00257,2,2026-08-03,Standard,mid_value,13,111,17,42,100,75,75,87.5,10.333333333333334,9.0,-14.814814814814822,1,1,0,0,1,0,0,20,Low Risk
Customer_00257,2,2026-08-04,Standard,mid_value,14,93,21,22,75,75,100,80.0,11.25,10.333333333333334,-8.870967741935477,1,1,0,1,0,0,0,25,Low Risk
Customer_00257,2,2026-08-05,Standard,mid_value,6,119,11,19,100,75,100,92.5,10.2,11.25,9.33333333333334,1,1,0,0,0,0,0,0,Low Risk
Customer_00258,8,2026-08-01,Standard,mid_value,13,81,17,45,75,75,75,75.0,13.0,,,1,1,0,0,1,0,0,20,Low Risk
Customer_00258,8,2026-08-02,Standard,mid_value,13,113,5,29,100,100,100,100.0,13.0,13.0,0.0,1,1,0,0,0,0,0,0,Low Risk
Customer_00258,8,2026-08-03,Standard,mid_value,8,84,30,14,75,75,100,80.0,11.333333333333334,13.0,12.820512820512816,1,1,0,1,0,0,0,25,Low Risk
Customer_00258,8,2026-08-04,Standard,mid_value,11,102,26,11,100,75,100,92.5,11.25,11.333333333333334,0.735294117647064,1,1,0,1,0,0,0,25,Low Risk
Customer_00258,8,2026-08-05,Standard,mid_value,15,106,27,37,100,75,75,87.5,12.0,11.25,-6.666666666666667,1,1,0,1,0,0,0,25,Low Risk
Customer_00259,3,2026-08-01,Standard,mid_value,9,105,7,29,100,100,100,100.0,9.0,,,1,1,0,0,0,0,0,0,Low Risk
Customer_00259,3,2026-08-02,Standard,mid_value,15,120,20,35,100,75,75,87.5,12.0,9.0,-33.33333333333333,1,1,0,0,0,0,0,0,Low Risk
Customer_00259,3,2026-08-03,Standard,mid_value,13,92,24,40,75,75,75,75.0,12.333333333333334,12.0,-2.777777777777783,1,1,0,1,0,0,0,25,Low Risk
Customer_00259,3,2026-08-04,Standard,mid_value,13,100,0,43,100,100,75,95.0,12.5,12.333333333333334,-1.3513513513513469,1,1,0,0,1,0,0,20,Low Risk
Customer_00259,3,2026-08-05,Standard,mid_value,10,116,28,42,100,75,75,87.5,12.0,12.5,4.0,1,1,0,1,1,0,0,45,Medium Risk
Customer_00260,9,2026-08-01,Standard,mid_value,8,111,24,35,100,75,75,87.5,8.0,,,0,0,0,1,0,0,0,25,Low Risk
Customer_00260,9,2026-08-02,Standard,mid_value,8,108,1,39,100,100,75,95.0,8.0,8.0,0.0,0,0,0,0,0,0,0,0,Low Risk
Customer_00260,9,2026-08-03,Standard,mid_value,10,85,25,46,75,75,75,75.0,8.666666666666666,8.0,-8.333333333333325,0,0,0,1,1,0,0,45,Medium Risk
Customer_00260,9,2026-08-04,Standard,mid_value,11,90,21,31,75,75,75,75.0,9.25,8.666666666666666,-6.730769230769237,0,0,0,1,0,0,0,25,Low Risk
Customer_00260,9,2026-08-05,Standard,mid_value,10,93,8,50,75,100,75,82.5,9.4,9.25,-1.6216216216216257,0,0,0,0,1,0,0,20,Low Risk
Customer_00261,9,2026-08-01,Standard,mid_value,8,87,20,26,75,75,100,80.0,8.0,,,1,1,0,0,0,0,0,0,Low Risk
Customer_00261,9,2026-08-02,Standard,mid_value,10,98,15,37,75,75,75,75.0,9.0,8.0,-12.5,1,1,0,0,0,0,0,0,Low Risk
Customer_00261,9,2026-08-03,Standard,mid_value,7,87,1,16,75,100,100,87.5,8.333333333333334,9.0,7.407407407407401,1,1,0,0,0,0,0,0,Low Risk
Customer_00261,9,2026-08-04,Standard,mid_value,8,81,22,40,75,75,75,75.0,8.25,8.333333333333334,1.0000000000000069,1,1,0,1,0,0,0,25,Low Risk
Customer_00261,9,2026-08-05,Standard,mid_value,13,80,6,35,75,100,75,82.5,9.2,8.25,-11.515151515151508,1,1,0,0,0,0,0,0,Low Risk
Customer_00262,10,2026-08-01,Standard,mid_value,14,94,10,48,75,100,75,82.5,14.0,,,0,0,0,0,1,0,0,20,Low Risk
Customer_00262,10,2026-08-02,Standard,mid_value,8,88,1,49,75,100,75,82.5,11.0,14.0,21.428571428571427,0,0,0,0,1,0,0,20,Low Risk
Customer_00262,10,2026-08-03,Standard,mid_value,7,102,17,14,100,75,100,92.5,9.666666666666666,11.0,12.121212121212126,0,0,0,0,0,0,0,0,Low Risk
Customer_00262,10,2026-08-04,Standard,mid_value,15,92,3,48,75,100,75,82.5,11.0,9.666666666666666,-13.79310344827587,0,0,0,0,1,0,0,20,Low Risk
Customer_00262,10,2026-08-05,Standard,mid_value,9,109,5,34,100,100,75,95.0,10.6,11.0,3.63636363636364,0,0,0,0,0,0,0,0,Low Risk
Customer_00263,7,2026-08-01,Premium,high_value,21,231,17,31,100,75,75,87.5,21.0,,,1,1,0,0,0,0,0,0,Low Risk
Customer_00263,7,2026-08-02,Premium,high_value,18,180,15,39,100,75,75,87.5,19.5,21.0,7.142857142857142,1,1,0,0,0,0,0,0,Low Risk
Customer_00263,7,2026-08-03,Premium,high_value,16,242,1,23,100,100,100,100.0,18.33333333333333,19.5,5.982905982905988,1,1,0,0,0,0,0,0,Low Risk
Customer_00263,7,2026-08-04,Premium,high_value,12,175,26,38,100,75,75,87.5,16.75,18.33333333333333,8.636363636363631,1,1,0,1,0,0,0,25,Low Risk
Customer_00263,7,2026-08-05,Premium,high_value,25,235,18,13,100,75,100,92.5,18.4,16.75,-9.850746268656708,1,1,0,0,0,0,0,0,Low Risk
Customer_00264,2,2026-08-01,Standard,mid_value,6,84,7,27,75,100,100,87.5,6.0,,,1,1,0,0,0,0,0,0,Low Risk
Customer_00264,2,2026-08-02,Standard,mid_value,6,83,20,17,75,75,100,80.0,6.0,6.0,0.0,1,1,0,0,0,0,0,0,Low Risk
Customer_00264,2,2026-08-03,Standard,mid_value,9,81,9,39,75,100,75,82.5,7.0,6.0,-16.666666666666664,1,1,0,0,0,0,0,0,Low Risk
Customer_00264,2,2026-08-04,Standard,mid_value,14,103,17,16,100,75,100,92.5,8.75,7.0,-25.0,1,1,0,0,0,0,0,0,Low Risk
Customer_00264,2,2026-08-05,Standard,mid_value,10,83,24,30,75,75,100,80.0,9.0,8.75,-2.857142857142857,1,1,0,1,0,0,0,25,Low Risk
Customer_00265,3,2026-08-01,Premium,high_value,13,187,7,34,100,100,75,95.0,13.0,,,0,0,0,0,0,0,0,0,Low Risk
Customer_00265,3,2026-08-02,Premium,high_value,13,183,22,14,100,75,100,92.5,13.0,13.0,0.0,0,0,0,1,0,0,0,25,Low Risk
Customer_00265,3,2026-08-03,Premium,high_value,16,225,13,25,100,75,100,92.5,14.0,13.0,-7.6923076923076925,0,0,0,0,0,0,0,0,Low Risk
Customer_00265,3,2026-08-04,Premium,high_value,20,223,25,27,100,75,100,92.5,15.5,14.0,-10.714285714285714,0,0,0,1,0,0,0,25,Low Risk
Customer_00265,3,2026-08-05,Premium,high_value,23,234,12,45,100,75,75,87.5,17.0,15.5,-9.67741935483871,0,0,0,0,1,0,0,20,Low Risk
Customer_00266,3,2026-08-01,Standard,mid_value,12,109,21,43,100,75,75,87.5,12.0,,,0,0,0,1,1,0,0,45,Medium Risk
Customer_00266,3,2026-08-02,Standard,mid_value,11,105,23,21,100,75,100,92.5,11.5,12.0,4.166666666666666,0,0,0,1,0,0,0,25,Low Risk
Customer_00266,3,2026-08-03,Standard,mid_value,6,119,11,26,100,75,100,92.5,9.666666666666666,11.5,15.94202898550725,0,0,0,0,0,0,0,0,Low Risk
Customer_00266,3,2026-08-04,Standard,mid_value,7,98,9,47,75,100,75,82.5,9.0,9.666666666666666,6.896551724137925,0,0,0,0,1,0,0,20,Low Risk
Customer_00266,3,2026-08-05,Standard,mid_value,14,87,27,32,75,75,75,75.0,10.0,9.0,-11.11111111111111,0,0,0,1,0,0,0,25,Low Risk
Customer_00267,2,2026-08-01,Standard,mid_value,13,104,15,15,100,75,100,92.5,13.0,,,0,0,0,0,0,0,0,0,Low Risk
Customer_00267,2,2026-08-02,Standard,mid_value,7,83,7,31,75,100,75,82.5,10.0,13.0,23.07692307692308,0,0,0,0,0,0,0,0,Low Risk
Customer_00267,2,2026-08-03,Standard,mid_value,12,105,14,43,100,75,75,87.5,10.666666666666666,10.0,-6.666666666666661,0,0,0,0,1,0,0,20,Low Risk
Customer_00267,2,2026-08-04,Standard,mid_value,7,108,14,32,100,75,75,87.5,9.75,10.666666666666666,8.593749999999995,0,0,0,0,0,0,0,0,Low Risk
Customer_00267,2,2026-08-05,Standard,mid_value,11,116,10,37,100,100,75,95.0,10.0,9.75,-2.564102564102564,0,0,0,0,0,0,0,0,Low Risk
Customer_00268,5,2026-08-01,Standard,mid_value,14,83,21,14,75,75,100,80.0,14.0,,,1,1,0,1,0,0,0,25,Low Risk
Customer_00268,5,2026-08-02,Standard,mid_value,11,88,23,18,75,75,100,80.0,12.5,14.0,10.714285714285714,1,1,0,1,0,0,0,25,Low Risk
Customer_00268,5,2026-08-03,Standard,mid_value,8,110,1,31,100,100,75,95.0,11.0,12.5,12.0,1,1,0,0,0,0,0,0,Low Risk
Customer_00268,5,2026-08-04,Standard,mid_value,6,107,13,41,100,75,75,87.5,9.75,11.0,11.363636363636363,1,1,0,0,1,0,0,20,Low Risk
Customer_00268,5,2026-08-05,Standard,mid_value,13,83,3,18,75,100,100,87.5,10.4,9.75,-6.666666666666671,1,1,0,0,0,0,0,0,Low Risk
Customer_00269,7,2026-08-01,Standard,mid_value,10,113,26,43,100,75,75,87.5,10.0,,,1,1,0,1,1,0,0,45,Medium Risk
Customer_00269,7,2026-08-02,Standard,mid_value,15,110,1,30,100,100,100,100.0,12.5,10.0,-25.0,1,1,0,0,0,0,0,0,Low Risk
Customer_00269,7,2026-08-03,Standard,mid_value,11,92,20,16,75,75,100,80.0,12.0,12.5,4.0,1,1,0,0,0,0,0,0,Low Risk
Customer_00269,7,2026-08-04,Standard,mid_value,8,81,23,31,75,75,75,75.0,11.0,12.0,8.333333333333332,1,1,0,1,0,0,0,25,Low Risk
Customer_00269,7,2026-08-05,Standard,mid_value,6,110,26,43,100,75,75,87.5,10.0,11.0,9.090909090909092,1,1,0,1,1,0,0,45,Medium Risk
Customer_00270,4,2026-08-01,Standard,mid_value,12,111,11,12,100,75,100,92.5,12.0,,,0,0,0,0,0,0,0,0,Low Risk
Customer_00270,4,2026-08-02,Standard,mid_value,11,115,26,17,100,75,100,92.5,11.5,12.0,4.166666666666666,0,0,0,1,0,0,0,25,Low Risk
Customer_00270,4,2026-08-03,Standard,mid_value,12,102,12,11,100,75,100,92.5,11.666666666666666,11.5,-1.4492753623188357,0,0,0,0,0,0,0,0,Low Risk
Customer_00270,4,2026-08-04,Standard,mid_value,9,81,15,41,75,75,75,75.0,11.0,11.666666666666666,5.714285714285709,0,0,0,0,1,0,0,20,Low Risk
Customer_00270,4,2026-08-05,Standard,mid_value,7,98,15,33,75,75,75,75.0,10.2,11.0,7.27272727272728,0,0,0,0,0,0,0,0,Low Risk
Customer_00271,4,2026-08-01,Standard,mid_value,14,103,12,23,100,75,100,92.5,14.0,,,0,0,0,0,0,0,0,0,Low Risk
Customer_00271,4,2026-08-02,Standard,mid_value,12,98,25,46,75,75,75,75.0,13.0,14.0,7.142857142857142,0,0,0,1,1,0,0,45,Medium Risk
Customer_00271,4,2026-08-03,Standard,mid_value,12,94,10,49,75,100,75,82.5,12.666666666666666,13.0,2.5641025641025683,0,0,0,0,1,0,0,20,Low Risk
Customer_00271,4,2026-08-04,Standard,mid_value,13,84,13,29,75,75,100,80.0,12.75,12.666666666666666,-0.65789473684211,0,0,0,0,0,0,0,0,Low Risk
Customer_00271,4,2026-08-05,Standard,mid_value,6,80,6,10,75,100,100,87.5,11.4,12.75,10.588235294117643,0,0,0,0,0,0,0,0,Low Risk
Customer_00272,10,2026-08-01,Basic,low_value,1,45,7,30,50,100,100,75.0,1.0,,,1,1,0,0,0,0,0,0,Low Risk
Customer_00272,10,2026-08-02,Basic,low_value,3,47,6,41,50,100,75,70.0,2.0,1.0,-100.0,1,1,0,0,1,0,0,20,Low Risk
Customer_00272,10,2026-08-03,Basic,low_value,3,46,12,40,50,75,75,62.5,2.333333333333333,2.0,-16.666666666666675,1,1,0,0,0,0,0,0,Low Risk
Customer_00272,10,2026-08-04,Basic,low_value,4,47,20,39,50,75,75,62.5,2.75,2.333333333333333,-17.85714285714285,1,1,0,0,0,0,0,0,Low Risk
Customer_00272,10,2026-08-05,Basic,low_value,2,41,12,37,50,75,75,62.5,2.6,2.75,5.454545454545452,1,1,0,0,0,0,0,0,Low Risk
Customer_00273,2,2026-08-01,Standard,mid_value,7,100,12,15,100,75,100,92.5,7.0,,,1,1,0,0,0,0,0,0,Low Risk
Customer_00273,2,2026-08-02,Standard,mid_value,7,81,15,20,75,75,100,80.0,7.0,7.0,0.0,1,1,0,0,0,0,0,0,Low Risk
Customer_00273,2,2026-08-03,Standard,mid_value,7,103,22,36,100,75,75,87.5,7.0,7.0,0.0,1,1,0,1,0,0,0,25,Low Risk
Customer_00273,2,2026-08-04,Standard,mid_value,10,88,15,43,75,75,75,75.0,7.75,7.0,-10.714285714285714,1,1,0,0,1,0,0,20,Low Risk
Customer_00273,2,2026-08-05,Standard,mid_value,9,95,23,32,75,75,75,75.0,8.0,7.75,-3.225806451612903,1,1,0,1,0,0,0,25,Low Risk
Customer_00274,5,2026-08-01,Premium,high_value,22,191,20,39,100,75,75,87.5,22.0,,,1,1,0,0,0,0,0,0,Low Risk
Customer_00274,5,2026-08-02,Premium,high_value,14,243,23,13,100,75,100,92.5,18.0,22.0,18.181818181818183,1,1,0,1,0,0,0,25,Low Risk
Customer_00274,5,2026-08-03,Premium,high_value,14,242,20,36,100,75,75,87.5,16.666666666666668,18.0,7.407407407407401,1,1,0,0,0,0,0,0,Low Risk
Customer_00274,5,2026-08-04,Premium,high_value,10,166,16,13,100,75,100,92.5,15.0,16.666666666666668,10.000000000000004,1,1,0,0,0,0,0,0,Low Risk
Customer_00274,5,2026-08-05,Premium,high_value,12,161,25,15,100,75,100,92.5,14.4,15.0,3.999999999999997,1,1,0,1,0,0,0,25,Low Risk
Customer_00275,10,2026-08-01,Standard,mid_value,7,100,26,23,100,75,100,92.5,7.0,,,1,1,0,1,0,0,0,25,Low Risk
Customer_00275,10,2026-08-02,Standard,mid_value,14,95,14,10,75,75,100,80.0,10.5,7.0,-50.0,1,1,0,0,0,0,0,0,Low Risk
Customer_00275,10,2026-08-03,Standard,mid_value,15,119,18,26,100,75,100,92.5,12.0,10.5,-14.285714285714285,1,1,0,0,0,0,0,0,Low Risk
Customer_00275,10,2026-08-04,Standard,mid_value,13,106,2,41,100,100,75,95.0,12.25,12.0,-2.083333333333333,1,1,0,0,1,0,0,20,Low Risk
Customer_00275,10,2026-08-05,Standard,mid_value,6,91,5,28,75,100,100,87.5,11.0,12.25,10.20408163265306,1,1,0,0,0,0,0,0,Low Risk
Customer_00276,4,2026-08-01,Standard,mid_value,14,99,0,50,75,100,75,82.5,14.0,,,0,0,0,0,1,0,0,20,Low Risk
Customer_00276,4,2026-08-02,Standard,mid_value,14,102,20,15,100,75,100,92.5,14.0,14.0,0.0,0,0,0,0,0,0,0,0,Low Risk
Customer_00276,4,2026-08-03,Standard,mid_value,11,92,25,25,75,75,100,80.0,13.0,14.0,7.142857142857142,0,0,0,1,0,0,0,25,Low Risk
Customer_00276,4,2026-08-04,Standard,mid_value,8,100,3,22,100,100,100,100.0,11.75,13.0,9.615384615384617,0,0,0,0,0,0,0,0,Low Risk
Customer_00276,4,2026-08-05,Standard,mid_value,14,93,9,31,75,100,75,82.5,12.2,11.75,-3.8297872340425463,0,0,0,0,0,0,0,0,Low Risk
Customer_00277,9,2026-08-01,Standard,mid_value,11,93,9,48,75,100,75,82.5,11.0,,,1,1,0,0,1,0,0,20,Low Risk
Customer_00277,9,2026-08-02,Standard,mid_value,9,81,1,24,75,100,100,87.5,10.0,11.0,9.090909090909092,1,1,0,0,0,0,0,0,Low Risk
Customer_00277,9,2026-08-03,Standard,mid_value,5,104,22,39,100,75,75,87.5,8.333333333333334,10.0,16.66666666666666,1,1,0,1,0,0,0,25,Low Risk
Customer_00277,9,2026-08-04,Standard,mid_value,10,111,3,47,100,100,75,95.0,8.75,8.333333333333334,-4.999999999999993,1,1,0,0,1,0,0,20,Low Risk
Customer_00277,9,2026-08-05,Standard,mid_value,9,111,7,30,100,100,100,100.0,8.8,8.75,-0.5714285714285796,1,1,0,0,0,0,0,0,Low Risk
Customer_00278,4,2026-08-01,Standard,mid_value,6,90,5,30,75,100,100,87.5,6.0,,,0,0,0,0,0,0,0,0,Low Risk
Customer_00278,4,2026-08-02,Standard,mid_value,11,82,9,25,75,100,100,87.5,8.5,6.0,-41.66666666666667,0,0,0,0,0,0,0,0,Low Risk
Customer_00278,4,2026-08-03,Standard,mid_value,7,113,11,26,100,75,100,92.5,8.0,8.5,5.88235294117647,0,0,0,0,0,0,0,0,Low Risk
Customer_00278,4,2026-08-04,Standard,mid_value,9,103,3,44,100,100,75,95.0,8.25,8.0,-3.125,0,0,0,0,1,0,0,20,Low Risk
Customer_00278,4,2026-08-05,Standard,mid_value,7,104,19,17,100,75,100,92.5,8.0,8.25,3.0303030303030303,0,0,0,0,0,0,0,0,Low Risk
Customer_00279,7,2026-08-01,Standard,mid_value,14,88,28,47,75,75,75,75.0,14.0,,,0,0,0,1,1,0,0,45,Medium Risk
Customer_00279,7,2026-08-02,Standard,mid_value,11,90,4,48,75,100,75,82.5,12.5,14.0,10.714285714285714,0,0,0,0,1,0,0,20,Low Risk
Customer_00279,7,2026-08-03,Standard,mid_value,6,86,18,30,75,75,100,80.0,10.333333333333334,12.5,17.33333333333333,0,0,0,0,0,0,0,0,Low Risk
Customer_00279,7,2026-08-04,Standard,mid_value,5,117,9,20,100,100,100,100.0,9.0,10.333333333333334,12.903225806451616,0,0,0,0,0,0,0,0,Low Risk
Customer_00279,7,2026-08-05,Standard,mid_value,9,102,29,46,100,75,75,87.5,9.0,9.0,0.0,0,0,0,1,1,0,0,45,Medium Risk
Customer_00280,7,2026-08-01,Standard,mid_value,13,90,22,25,75,75,100,80.0,13.0,,,0,0,0,1,0,0,0,25,Low Risk
Customer_00280,7,2026-08-02,Standard,mid_value,6,115,19,22,100,75,100,92.5,9.5,13.0,26.923076923076923,0,0,0,0,0,0,0,0,Low Risk
Customer_00280,7,2026-08-03,Standard,mid_value,13,111,9,30,100,100,100,100.0,10.666666666666666,9.5,-12.28070175438596,0,0,0,0,0,0,0,0,Low Risk
Customer_00280,7,2026-08-04,Standard,mid_value,15,109,13,46,100,75,75,87.5,11.75,10.666666666666666,-10.156250000000004,0,0,0,0,1,0,0,20,Low Risk
Customer_00280,7,2026-08-05,Standard,mid_value,12,116,24,10,100,75,100,92.5,11.8,11.75,-0.4255319148936231,0,0,0,1,0,0,0,25,Low Risk
Customer_00281,6,2026-08-01,Premium,high_value,14,162,11,27,100,75,100,92.5,14.0,,,1,1,0,0,0,0,0,0,Low Risk
Customer_00281,6,2026-08-02,Premium,high_value,23,203,19,30,100,75,100,92.5,18.5,14.0,-32.142857142857146,1,1,0,0,0,0,0,0,Low Risk
Customer_00281,6,2026-08-03,Premium,high_value,18,164,29,45,100,75,75,87.5,18.33333333333333,18.5,0.9009009009009074,1,1,0,1,1,0,0,45,Medium Risk
Customer_00281,6,2026-08-04,Premium,high_value,19,175,28,43,100,75,75,87.5,18.5,18.33333333333333,-0.9090909090909156,1,1,0,1,1,0,0,45,Medium Risk
Customer_00281,6,2026-08-05,Premium,high_value,15,244,24,30,100,75,100,92.5,17.8,18.5,3.78378378378378,1,1,0,1,0,0,0,25,Low Risk
Customer_00282,7,2026-08-01,Standard,mid_value,14,108,6,44,100,100,75,95.0,14.0,,,1,1,0,0,1,0,0,20,Low Risk
Customer_00282,7,2026-08-02,Standard,mid_value,6,93,1,22,75,100,100,87.5,10.0,14.0,28.57142857142857,1,1,0,0,0,0,0,0,Low Risk
Customer_00282,7,2026-08-03,Standard,mid_value,12,90,29,19,75,75,100,80.0,10.666666666666666,10.0,-6.666666666666661,1,1,0,1,0,0,0,25,Low Risk
Customer_00282,7,2026-08-04,Standard,mid_value,13,100,23,42,100,75,75,87.5,11.25,10.666666666666666,-5.468750000000005,1,1,0,1,1,0,0,45,Medium Risk
Customer_00282,7,2026-08-05,Standard,mid_value,12,96,16,20,75,75,100,80.0,11.4,11.25,-1.3333333333333366,1,1,0,0,0,0,0,0,Low Risk
Customer_00283,5,2026-08-01,Standard,mid_value,12,119,7,39,100,100,75,95.0,12.0,,,1,1,0,0,0,0,0,0,Low Risk
Customer_00283,5,2026-08-02,Standard,mid_value,8,112,28,23,100,75,100,92.5,10.0,12.0,16.666666666666664,1,1,0,1,0,0,0,25,Low Risk
Customer_00283,5,2026-08-03,Standard,mid_value,15,111,25,16,100,75,100,92.5,11.666666666666666,10.0,-16.66666666666666,1,1,0,1,0,0,0,25,Low Risk
Customer_00283,5,2026-08-04,Standard,mid_value,14,96,1,14,75,100,100,87.5,12.25,11.666666666666666,-5.000000000000005,1,1,0,0,0,0,0,0,Low Risk
Customer_00283,5,2026-08-05,Standard,mid_value,11,103,29,25,100,75,100,92.5,12.0,12.25,2.0408163265306123,1,1,0,1,0,0,0,25,Low Risk
Customer_00284,10,2026-08-01,Standard,mid_value,8,100,13,41,100,75,75,87.5,8.0,,,0,0,0,0,1,0,0,20,Low Risk
Customer_00284,10,2026-08-02,Standard,mid_value,6,85,4,39,75,100,75,82.5,7.0,8.0,12.5,0,0,0,0,0,0,0,0,Low Risk
Customer_00284,10,2026-08-03,Standard,mid_value,14,116,24,14,100,75,100,92.5,9.333333333333334,7.0,-33.33333333333334,0,0,0,1,0,0,0,25,Low Risk
Customer_00284,10,2026-08-04,Standard,mid_value,7,86,20,37,75,75,75,75.0,8.75,9.333333333333334,6.250000000000005,0,0,0,0,0,0,0,0,Low Risk
Customer_00284,10,2026-08-05,Standard,mid_value,7,117,23,48,100,75,75,87.5,8.4,8.75,3.999999999999996,0,0,0,1,1,0,0,45,Medium Risk
Customer_00285,7,2026-08-01,Standard,mid_value,11,113,8,42,100,100,75,95.0,11.0,,,0,0,0,0,1,0,0,20,Low Risk
Customer_00285,7,2026-08-02,Standard,mid_value,13,103,7,45,100,100,75,95.0,12.0,11.0,-9.090909090909092,0,0,0,0,1,0,0,20,Low Risk
Customer_00285,7,2026-08-03,Standard,mid_value,15,110,11,33,100,75,75,87.5,13.0,12.0,-8.333333333333332,0,0,0,0,0,0,0,0,Low Risk
Customer_00285,7,2026-08-04,Standard,mid_value,6,83,3,44,75,100,75,82.5,11.25,13.0,13.461538461538462,0,0,0,0,1,0,0,20,Low Risk
Customer_00285,7,2026-08-05,Standard,mid_value,12,113,7,12,100,100,100,100.0,11.4,11.25,-1.3333333333333366,0,0,0,0,0,0,0,0,Low Risk
Customer_00286,10,2026-08-01,Standard,mid_value,5,110,0,46,100,100,75,95.0,5.0,,,1,1,0,0,1,0,0,20,Low Risk
Customer_00286,10,2026-08-02,Standard,mid_value,13,117,12,44,100,75,75,87.5,9.0,5.0,-80.0,1,1,0,0,1,0,0,20,Low Risk
Customer_00286,10,2026-08-03,Standard,mid_value,9,119,26,36,100,75,75,87.5,9.0,9.0,0.0,1,1,0,1,0,0,0,25,Low Risk
Customer_00286,10,2026-08-04,Standard,mid_value,6,118,11,25,100,75,100,92.5,8.25,9.0,8.333333333333332,1,1,0,0,0,0,0,0,Low Risk
Customer_00286,10,2026-08-05,Standard,mid_value,13,115,27,10,100,75,100,92.5,9.2,8.25,-11.515151515151508,1,1,0,1,0,0,0,25,Low Risk
Customer_00287,4,2026-08-01,Standard,mid_value,11,99,26,41,75,75,75,75.0,11.0,,,1,1,0,1,1,0,0,45,Medium Risk
Customer_00287,4,2026-08-02,Standard,mid_value,6,110,3,47,100,100,75,95.0,8.5,11.0,22.727272727272727,1,1,0,0,1,0,0,20,Low Risk
Customer_00287,4,2026-08-03,Standard,mid_value,10,103,29,46,100,75,75,87.5,9.0,8.5,-5.88235294117647,1,1,0,1,1,0,0,45,Medium Risk
Customer_00287,4,2026-08-04,Standard,mid_value,11,93,1,26,75,100,100,87.5,9.5,9.0,-5.555555555555555,1,1,0,0,0,0,0,0,Low Risk
Customer_00287,4,2026-08-05,Standard,mid_value,11,87,14,19,75,75,100,80.0,9.8,9.5,-3.157894736842113,1,1,0,0,0,0,0,0,Low Risk
Customer_00288,10,2026-08-01,Standard,mid_value,8,113,24,17,100,75,100,92.5,8.0,,,0,0,0,1,0,0,0,25,Low Risk
Customer_00288,10,2026-08-02,Standard,mid_value,10,118,9,50,100,100,75,95.0,9.0,8.0,-12.5,0,0,0,0,1,0,0,20,Low Risk
Customer_00288,10,2026-08-03,Standard,mid_value,13,89,24,25,75,75,100,80.0,10.333333333333334,9.0,-14.814814814814822,0,0,0,1,0,0,0,25,Low Risk
Customer_00288,10,2026-08-04,Standard,mid_value,10,103,18,45,100,75,75,87.5,10.25,10.333333333333334,0.8064516129032315,0,0,0,0,1,0,0,20,Low Risk
Customer_00288,10,2026-08-05,Standard,mid_value,12,111,6,46,100,100,75,95.0,10.6,10.25,-3.41463414634146,0,0,0,0,1,0,0,20,Low Risk
Customer_00289,3,2026-08-01,Basic,low_value,5,40,12,35,50,75,75,62.5,5.0,,,1,1,0,0,0,0,0,0,Low Risk
Customer_00289,3,2026-08-02,Basic,low_value,2,44,21,47,50,75,75,62.5,3.5,5.0,30.0,1,1,1,1,1,0,0,75,High Risk
Customer_00289,3,2026-08-03,Basic,low_value,4,43,28,42,50,75,75,62.5,3.6666666666666665,3.5,-4.761904761904757,1,1,0,1,1,0,0,45,Medium Risk
Customer_00289,3,2026-08-04,Basic,low_value,2,46,28,23,50,75,100,67.5,3.25,3.6666666666666665,11.36363636363636,1,1,0,1,0,0,0,25,Low Risk
Customer_00289,3,2026-08-05,Basic,low_value,1,55,29,10,75,75,100,80.0,2.8,3.25,13.846153846153852,1,1,0,1,0,0,0,25,Low Risk
Customer_00290,3,2026-08-01,Basic,low_value,4,52,5,13,75,100,100,87.5,4.0,,,0,0,0,0,0,0,0,0,Low Risk
Customer_00290,3,2026-08-02,Basic,low_value,1,55,1,29,75,100,100,87.5,2.5,4.0,37.5,0,0,1,0,0,0,0,30,Low Risk
Customer_00290,3,2026-08-03,Basic,low_value,4,40,7,47,50,100,75,70.0,3.0,2.5,-20.0,0,0,0,0,1,0,0,20,Low Risk
Customer_00290,3,2026-08-04,Basic,low_value,1,52,17,43,75,75,75,75.0,2.5,3.0,16.666666666666664,0,0,0,0,1,0,0,20,Low Risk
Customer_00290,3,2026-08-05,Basic,low_value,4,53,1,23,75,100,100,87.5,2.8,2.5,-11.999999999999991,0,0,0,0,0,0,0,0,Low Risk
Customer_00291,10,2026-08-01,Standard,mid_value,12,87,12,49,75,75,75,75.0,12.0,,,1,1,0,0,1,0,0,20,Low Risk
Customer_00291,10,2026-08-02,Standard,mid_value,12,116,13,32,100,75,75,87.5,12.0,12.0,0.0,1,1,0,0,0,0,0,0,Low Risk
Customer_00291,10,2026-08-03,Standard,mid_value,7,113,1,13,100,100,100,100.0,10.333333333333334,12.0,13.888888888888884,1,1,0,0,0,0,0,0,Low Risk
Customer_00291,10,2026-08-04,Standard,mid_value,8,80,10,15,75,100,100,87.5,9.75,10.333333333333334,5.645161290322586,1,1,0,0,0,0,0,0,Low Risk
Customer_00291,10,2026-08-05,Standard,mid_value,9,83,20,47,75,75,75,75.0,9.6,9.75,1.538461538461542,1,1,0,0,1,0,0,20,Low Risk
Customer_00292,1,2026-08-01,Premium,high_value,16,246,26,48,100,75,75,87.5,16.0,,,1,1,0,1,1,0,0,45,Medium Risk
Customer_00292,1,2026-08-02,Premium,high_value,18,236,26,32,100,75,75,87.5,17.0,16.0,-6.25,1,1,0,1,0,0,0,25,Low Risk
Customer_00292,1,2026-08-03,Premium,high_value,22,199,18,43,100,75,75,87.5,18.666666666666668,17.0,-9.803921568627455,1,1,0,0,1,0,0,20,Low Risk
Customer_00292,1,2026-08-04,Premium,high_value,25,210,7,10,100,100,100,100.0,20.25,18.666666666666668,-8.48214285714285,1,1,0,0,0,0,0,0,Low Risk
Customer_00292,1,2026-08-05,Premium,high_value,13,211,11,49,100,75,75,87.5,18.8,20.25,7.16049382716049,1,1,0,0,1,0,0,20,Low Risk
Customer_00293,7,2026-08-01,Premium,high_value,18,179,22,20,100,75,100,92.5,18.0,,,0,0,0,1,0,0,0,25,Low Risk
Customer_00293,7,2026-08-02,Premium,high_value,25,226,3,11,100,100,100,100.0,21.5,18.0,-19.444444444444446,0,0,0,0,0,0,0,0,Low Risk
Customer_00293,7,2026-08-03,Premium,high_value,16,178,26,26,100,75,100,92.5,19.666666666666668,21.5,8.52713178294573,0,0,0,1,0,0,0,25,Low Risk
Customer_00293,7,2026-08-04,Premium,high_value,14,212,19,34,100,75,75,87.5,18.25,19.666666666666668,7.20338983050848,0,0,0,0,0,0,0,0,Low Risk
Customer_00293,7,2026-08-05,Premium,high_value,10,151,20,26,100,75,100,92.5,16.6,18.25,9.04109589041095,0,0,0,0,0,0,0,0,Low Risk
Customer_00294,7,2026-08-01,Premium,high_value,13,167,29,46,100,75,75,87.5,13.0,,,0,0,0,1,1,0,0,45,Medium Risk
Customer_00294,7,2026-08-02,Premium,high_value,11,162,12,35,100,75,75,87.5,12.0,13.0,7.6923076923076925,0,0,0,0,0,0,0,0,Low Risk
Customer_00294,7,2026-08-03,Premium,high_value,17,162,28,46,100,75,75,87.5,13.666666666666666,12.0,-13.888888888888884,0,0,0,1,1,0,0,45,Medium Risk
Customer_00294,7,2026-08-04,Premium,high_value,14,219,29,47,100,75,75,87.5,13.75,13.666666666666666,-0.6097560975609799,0,0,0,1,1,0,0,45,Medium Risk
Customer_00294,7,2026-08-05,Premium,high_value,25,225,1,32,100,100,75,95.0,16.0,13.75,-16.363636363636363,0,0,0,0,0,0,0,0,Low Risk
Customer_00295,7,2026-08-01,Standard,mid_value,9,111,29,43,100,75,75,87.5,9.0,,,1,1,0,1,1,0,0,45,Medium Risk
Customer_00295,7,2026-08-02,Standard,mid_value,12,88,21,18,75,75,100,80.0,10.5,9.0,-16.666666666666664,1,1,0,1,0,0,0,25,Low Risk
Customer_00295,7,2026-08-03,Standard,mid_value,14,89,25,37,75,75,75,75.0,11.666666666666666,10.5,-11.111111111111104,1,1,0,1,0,0,0,25,Low Risk
Customer_00295,7,2026-08-04,Standard,mid_value,13,103,3,14,100,100,100,100.0,12.0,11.666666666666666,-2.857142857142862,1,1,0,0,0,0,0,0,Low Risk
Customer_00295,7,2026-08-05,Standard,mid_value,7,118,7,22,100,100,100,100.0,11.0,12.0,8.333333333333332,1,1,0,0,0,0,0,0,Low Risk
Customer_00296,9,2026-08-01,Premium,high_value,21,154,6,23,100,100,100,100.0,21.0,,,1,1,0,0,0,0,0,0,Low Risk
Customer_00296,9,2026-08-02,Premium,high_value,13,182,28,17,100,75,100,92.5,17.0,21.0,19.047619047619047,1,1,0,1,0,0,0,25,Low Risk
Customer_00296,9,2026-08-03,Premium,high_value,25,244,21,48,100,75,75,87.5,19.666666666666668,17.0,-15.68627450980393,1,1,0,1,1,0,0,45,Medium Risk
Customer_00296,9,2026-08-04,Premium,high_value,12,166,13,47,100,75,75,87.5,17.75,19.666666666666668,9.745762711864412,1,1,0,0,1,0,0,20,Low Risk
Customer_00296,9,2026-08-05,Premium,high_value,22,213,8,35,100,100,75,95.0,18.6,17.75,-4.788732394366205,1,1,0,0,0,0,0,0,Low Risk
Customer_00297,7,2026-08-01,Premium,high_value,19,244,28,23,100,75,100,92.5,19.0,,,1,1,0,1,0,0,0,25,Low Risk
Customer_00297,7,2026-08-02,Premium,high_value,11,229,17,25,100,75,100,92.5,15.0,19.0,21.052631578947366,1,1,0,0,0,0,0,0,Low Risk
Customer_00297,7,2026-08-03,Premium,high_value,21,215,29,42,100,75,75,87.5,17.0,15.0,-13.333333333333334,1,1,0,1,1,0,0,45,Medium Risk
Customer_00297,7,2026-08-04,Premium,high_value,23,160,2,11,100,100,100,100.0,18.5,17.0,-8.823529411764707,1,1,0,0,0,0,0,0,Low Risk
Customer_00297,7,2026-08-05,Premium,high_value,16,171,8,41,100,100,75,95.0,18.0,18.5,2.702702702702702,1,1,0,0,1,0,0,20,Low Risk
Customer_00298,7,2026-08-01,Premium,high_value,18,208,18,32,100,75,75,87.5,18.0,,,0,0,0,0,0,0,0,0,Low Risk
Customer_00298,7,2026-08-02,Premium,high_value,15,234,28,11,100,75,100,92.5,16.5,18.0,8.333333333333332,0,0,0,1,0,0,0,25,Low Risk
Customer_00298,7,2026-08-03,Premium,high_value,22,167,21,20,100,75,100,92.5,18.33333333333333,16.5,-11.111111111111104,0,0,0,1,0,0,0,25,Low Risk
Customer_00298,7,2026-08-04,Premium,high_value,25,173,21,27,100,75,100,92.5,20.0,18.33333333333333,-9.0909090909091,0,0,0,1,0,0,0,25,Low Risk
Customer_00298,7,2026-08-05,Premium,high_value,13,172,21,48,100,75,75,87.5,18.6,20.0,6.999999999999992,0,0,0,1,1,0,0,45,Medium Risk
Customer_00299,8,2026-08-01,Premium,high_value,13,189,4,31,100,100,75,95.0,13.0,,,0,0,0,0,0,0,0,0,Low Risk
Customer_00299,8,2026-08-02,Premium,high_value,21,228,8,29,100,100,100,100.0,17.0,13.0,-30.76923076923077,0,0,0,0,0,0,0,0,Low Risk
Customer_00299,8,2026-08-03,Premium,high_value,20,180,10,18,100,100,100,100.0,18.0,17.0,-5.88235294117647,0,0,0,0,0,0,0,0,Low Risk
Customer_00299,8,2026-08-04,Premium,high_value,10,230,13,39,100,75,75,87.5,16.0,18.0,11.11111111111111,0,0,0,0,0,0,0,0,Low Risk
Customer_00299,8,2026-08-05,Premium,high_value,19,248,30,11,100,75,100,92.5,16.6,16.0,-3.750000000000009,0,0,0,1,0,0,0,25,Low Risk
Customer_00300,1,2026-08-01,Premium,high_value,11,226,10,24,100,100,100,100.0,11.0,,,0,0,0,0,0,0,0,0,Low Risk
Customer_00300,1,2026-08-02,Premium,high_value,19,154,26,18,100,75,100,92.5,15.0,11.0,-36.36363636363637,0,0,0,1,0,0,0,25,Low Risk
Customer_00300,1,2026-08-03,Premium,high_value,25,152,11,33,100,75,75,87.5,18.33333333333333,15.0,-22.22222222222221,0,0,0,0,0,0,0,0,Low Risk
Customer_00300,1,2026-08-04,Premium,high_value,21,166,9,33,100,100,75,95.0,19.0,18.33333333333333,-3.636363636363643,0,0,0,0,0,0,0,0,Low Risk
Customer_00300,1,2026-08-05,Premium,high_value,18,219,14,28,100,75,100,92.5,18.8,19.0,1.0526315789473648,0,0,0,0,0,0,0,0,Low Risk
Customer_00301,4,2026-08-01,Standard,mid_value,6,89,28,21,75,75,100,80.0,6.0,,,1,1,0,1,0,0,0,25,Low Risk
Customer_00301,4,2026-08-02,Standard,mid_value,8,99,3,24,75,100,100,87.5,7.0,6.0,-16.666666666666664,1,1,0,0,0,0,0,0,Low Risk
Customer_00301,4,2026-08-03,Standard,mid_value,14,95,24,35,75,75,75,75.0,9.333333333333334,7.0,-33.33333333333334,1,1,0,1,0,0,0,25,Low Risk
Customer_00301,4,2026-08-04,Standard,mid_value,12,95,28,19,75,75,100,80.0,10.0,9.333333333333334,-7.142857142857135,1,1,0,1,0,0,0,25,Low Risk
Customer_00301,4,2026-08-05,Standard,mid_value,6,97,11,31,75,75,75,75.0,9.2,10.0,8.000000000000007,1,1,0,0,0,0,0,0,Low Risk
Customer_00302,6,2026-08-01,Premium,high_value,25,186,9,36,100,100,75,95.0,25.0,,,1,1,0,0,0,0,0,0,Low Risk
Customer_00302,6,2026-08-02,Premium,high_value,15,212,28,32,100,75,75,87.5,20.0,25.0,20.0,1,1,0,1,0,0,0,25,Low Risk
Customer_00302,6,2026-08-03,Premium,high_value,22,202,4,38,100,100,75,95.0,20.666666666666668,20.0,-3.33333333333334,1,1,0,0,0,0,0,0,Low Risk
Customer_00302,6,2026-08-04,Premium,high_value,22,250,7,11,100,100,100,100.0,21.0,20.666666666666668,-1.6129032258064455,1,1,0,0,0,0,0,0,Low Risk
Customer_00302,6,2026-08-05,Premium,high_value,23,236,12,42,100,75,75,87.5,21.4,21.0,-1.904761904761898,1,1,0,0,1,0,0,20,Low Risk
Customer_00303,1,2026-08-01,Premium,high_value,22,157,22,23,100,75,100,92.5,22.0,,,1,1,0,1,0,0,0,25,Low Risk
Customer_00303,1,2026-08-02,Premium,high_value,12,189,28,38,100,75,75,87.5,17.0,22.0,22.727272727272727,1,1,0,1,0,0,0,25,Low Risk
Customer_00303,1,2026-08-03,Premium,high_value,25,215,12,13,100,75,100,92.5,19.666666666666668,17.0,-15.68627450980393,1,1,0,0,0,0,0,0,Low Risk
Customer_00303,1,2026-08-04,Premium,high_value,24,215,4,28,100,100,100,100.0,20.75,19.666666666666668,-5.50847457627118,1,1,0,0,0,0,0,0,Low Risk
Customer_00303,1,2026-08-05,Premium,high_value,14,219,17,35,100,75,75,87.5,19.4,20.75,6.5060240963855485,1,1,0,0,0,0,0,0,Low Risk
Customer_00304,8,2026-08-01,Premium,high_value,12,215,20,26,100,75,100,92.5,12.0,,,0,0,0,0,0,0,0,0,Low Risk
Customer_00304,8,2026-08-02,Premium,high_value,20,218,15,34,100,75,75,87.5,16.0,12.0,-33.33333333333333,0,0,0,0,0,0,0,0,Low Risk
Customer_00304,8,2026-08-03,Premium,high_value,23,177,11,31,100,75,75,87.5,18.33333333333333,16.0,-14.583333333333323,0,0,0,0,0,0,0,0,Low Risk
Customer_00304,8,2026-08-04,Premium,high_value,11,193,15,25,100,75,100,92.5,16.5,18.33333333333333,9.999999999999991,0,0,0,0,0,0,0,0,Low Risk
Customer_00304,8,2026-08-05,Premium,high_value,23,243,10,29,100,100,100,100.0,17.8,16.5,-7.878787878787883,0,0,0,0,0,0,0,0,Low Risk
Customer_00305,6,2026-08-01,Premium,high_value,19,186,19,18,100,75,100,92.5,19.0,,,1,1,0,0,0,0,0,0,Low Risk
Customer_00305,6,2026-08-02,Premium,high_value,19,172,6,19,100,100,100,100.0,19.0,19.0,0.0,1,1,0,0,0,0,0,0,Low Risk
Customer_00305,6,2026-08-03,Premium,high_value,23,169,29,40,100,75,75,87.5,20.33333333333333,19.0,-7.017543859649117,1,1,0,1,0,0,0,25,Low Risk
Customer_00305,6,2026-08-04,Premium,high_value,10,249,27,39,100,75,75,87.5,17.75,20.33333333333333,12.70491803278688,1,1,0,1,0,0,0,25,Low Risk
Customer_00305,6,2026-08-05,Premium,high_value,14,177,25,25,100,75,100,92.5,17.0,17.75,4.225352112676056,1,1,0,1,0,0,0,25,Low Risk
Customer_00306,3,2026-08-01,Premium,high_value,12,177,13,26,100,75,100,92.5,12.0,,,0,0,0,0,0,0,0,0,Low Risk
Customer_00306,3,2026-08-02,Premium,high_value,23,177,24,40,100,75,75,87.5,17.5,12.0,-45.83333333333333,0,0,0,1,0,0,0,25,Low Risk
Customer_00306,3,2026-08-03,Premium,high_value,16,204,17,26,100,75,100,92.5,17.0,17.5,2.857142857142857,0,0,0,0,0,0,0,0,Low Risk
Customer_00306,3,2026-08-04,Premium,high_value,19,235,30,25,100,75,100,92.5,17.5,17.0,-2.941176470588235,0,0,0,1,0,0,0,25,Low Risk
Customer_00306,3,2026-08-05,Premium,high_value,16,202,3,11,100,100,100,100.0,17.2,17.5,1.7142857142857182,0,0,0,0,0,0,0,0,Low Risk
Customer_00307,9,2026-08-01,Premium,high_value,19,214,4,48,100,100,75,95.0,19.0,,,0,0,0,0,1,0,0,20,Low Risk
Customer_00307,9,2026-08-02,Premium,high_value,16,203,5,45,100,100,75,95.0,17.5,19.0,7.894736842105263,0,0,0,0,1,0,0,20,Low Risk
Customer_00307,9,2026-08-03,Premium,high_value,15,208,6,22,100,100,100,100.0,16.666666666666668,17.5,4.761904761904756,0,0,0,0,0,0,0,0,Low Risk
Customer_00307,9,2026-08-04,Premium,high_value,22,181,29,21,100,75,100,92.5,18.0,16.666666666666668,-7.999999999999992,0,0,0,1,0,0,0,25,Low Risk
Customer_00307,9,2026-08-05,Premium,high_value,14,225,13,45,100,75,75,87.5,17.2,18.0,4.444444444444448,0,0,0,0,1,0,0,20,Low Risk
Customer_00308,10,2026-08-01,Premium,high_value,17,233,6,42,100,100,75,95.0,17.0,,,1,1,0,0,1,0,0,20,Low Risk
Customer_00308,10,2026-08-02,Premium,high_value,24,244,24,36,100,75,75,87.5,20.5,17.0,-20.588235294117645,1,1,0,1,0,0,0,25,Low Risk
Customer_00308,10,2026-08-03,Premium,high_value,21,219,21,50,100,75,75,87.5,20.666666666666668,20.5,-0.8130081300813066,1,1,0,1,1,0,0,45,Medium Risk
Customer_00308,10,2026-08-04,Premium,high_value,17,158,7,18,100,100,100,100.0,19.75,20.666666666666668,4.435483870967747,1,1,0,0,0,0,0,0,Low Risk
Customer_00308,10,2026-08-05,Premium,high_value,11,195,30,20,100,75,100,92.5,18.0,19.75,8.860759493670885,1,1,0,1,0,0,0,25,Low Risk
Customer_00309,10,2026-08-01,Premium,high_value,21,187,9,17,100,100,100,100.0,21.0,,,0,0,0,0,0,0,0,0,Low Risk
Customer_00309,10,2026-08-02,Premium,high_value,23,158,12,50,100,75,75,87.5,22.0,21.0,-4.761904761904762,0,0,0,0,1,0,0,20,Low Risk
Customer_00309,10,2026-08-03,Premium,high_value,22,171,11,27,100,75,100,92.5,22.0,22.0,0.0,0,0,0,0,0,0,0,0,Low Risk
Customer_00309,10,2026-08-04,Premium,high_value,13,206,4,29,100,100,100,100.0,19.75,22.0,10.227272727272728,0,0,0,0,0,0,0,0,Low Risk
Customer_00309,10,2026-08-05,Premium,high_value,14,243,13,17,100,75,100,92.5,18.6,19.75,5.822784810126575,0,0,0,0,0,0,0,0,Low Risk
Customer_00310,4,2026-08-01,Premium,high_value,14,172,22,11,100,75,100,92.5,14.0,,,1,1,0,1,0,0,0,25,Low Risk
Customer_00310,4,2026-08-02,Premium,high_value,20,249,7,36,100,100,75,95.0,17.0,14.0,-21.428571428571427,1,1,0,0,0,0,0,0,Low Risk
Customer_00310,4,2026-08-03,Premium,high_value,24,193,13,16,100,75,100,92.5,19.33333333333333,17.0,-13.725490196078423,1,1,0,0,0,0,0,0,Low Risk
Customer_00310,4,2026-08-04,Premium,high_value,16,220,1,39,100,100,75,95.0,18.5,19.33333333333333,4.310344827586201,1,1,0,0,0,0,0,0,Low Risk
Customer_00310,4,2026-08-05,Premium,high_value,24,219,25,13,100,75,100,92.5,19.6,18.5,-5.945945945945954,1,1,0,1,0,0,0,25,Low Risk
Customer_00311,9,2026-08-01,Standard,mid_value,14,104,14,42,100,75,75,87.5,14.0,,,0,0,0,0,1,0,0,20,Low Risk
Customer_00311,9,2026-08-02,Standard,mid_value,6,81,22,45,75,75,75,75.0,10.0,14.0,28.57142857142857,0,0,0,1,1,0,0,45,Medium Risk
Customer_00311,9,2026-08-03,Standard,mid_value,10,111,15,29,100,75,100,92.5,10.0,10.0,0.0,0,0,0,0,0,0,0,0,Low Risk
Customer_00311,9,2026-08-04,Standard,mid_value,8,100,18,23,100,75,100,92.5,9.5,10.0,5.0,0,0,0,0,0,0,0,0,Low Risk
Customer_00311,9,2026-08-05,Standard,mid_value,12,114,18,19,100,75,100,92.5,10.0,9.5,-5.263157894736842,0,0,0,0,0,0,0,0,Low Risk
Customer_00312,2,2026-08-01,Premium,high_value,20,184,26,36,100,75,75,87.5,20.0,,,1,1,0,1,0,0,0,25,Low Risk
Customer_00312,2,2026-08-02,Premium,high_value,23,157,21,38,100,75,75,87.5,21.5,20.0,-7.5,1,1,0,1,0,0,0,25,Low Risk
Customer_00312,2,2026-08-03,Premium,high_value,22,155,27,31,100,75,75,87.5,21.666666666666668,21.5,-0.775193798449618,1,1,0,1,0,0,0,25,Low Risk
Customer_00312,2,2026-08-04,Premium,high_value,10,177,4,25,100,100,100,100.0,18.75,21.666666666666668,13.461538461538469,1,1,0,0,0,0,0,0,Low Risk
Customer_00312,2,2026-08-05,Premium,high_value,12,165,20,16,100,75,100,92.5,17.4,18.75,7.200000000000008,1,1,0,0,0,0,0,0,Low Risk
Customer_00313,8,2026-08-01,Standard,mid_value,9,90,24,11,75,75,100,80.0,9.0,,,1,1,0,1,0,0,0,25,Low Risk
Customer_00313,8,2026-08-02,Standard,mid_value,7,102,30,34,100,75,75,87.5,8.0,9.0,11.11111111111111,1,1,0,1,0,0,0,25,Low Risk
Customer_00313,8,2026-08-03,Standard,mid_value,10,91,18,43,75,75,75,75.0,8.666666666666666,8.0,-8.333333333333325,1,1,0,0,1,0,0,20,Low Risk
Customer_00313,8,2026-08-04,Standard,mid_value,11,81,12,48,75,75,75,75.0,9.25,8.666666666666666,-6.730769230769237,1,1,0,0,1,0,0,20,Low Risk
Customer_00313,8,2026-08-05,Standard,mid_value,15,96,5,38,75,100,75,82.5,10.4,9.25,-12.432432432432435,1,1,0,0,0,0,0,0,Low Risk
Customer_00314,2,2026-08-01,Standard,mid_value,10,102,12,40,100,75,75,87.5,10.0,,,1,1,0,0,0,0,0,0,Low Risk
Customer_00314,2,2026-08-02,Standard,mid_value,9,81,25,42,75,75,75,75.0,9.5,10.0,5.0,1,1,0,1,1,0,0,45,Medium Risk
Customer_00314,2,2026-08-03,Standard,mid_value,7,117,14,39,100,75,75,87.5,8.666666666666666,9.5,8.77192982456141,1,1,0,0,0,0,0,0,Low Risk
Customer_00314,2,2026-08-04,Standard,mid_value,13,116,17,33,100,75,75,87.5,9.75,8.666666666666666,-12.500000000000009,1,1,0,0,0,0,0,0,Low Risk
Customer_00314,2,2026-08-05,Standard,mid_value,13,101,10,35,100,100,75,95.0,10.4,9.75,-6.666666666666671,1,1,0,0,0,0,0,0,Low Risk
Customer_00315,5,2026-08-01,Premium,high_value,24,210,26,36,100,75,75,87.5,24.0,,,1,1,0,1,0,0,0,25,Low Risk
Customer_00315,5,2026-08-02,Premium,high_value,21,176,9,31,100,100,75,95.0,22.5,24.0,6.25,1,1,0,0,0,0,0,0,Low Risk
Customer_00315,5,2026-08-03,Premium,high_value,25,184,10,10,100,100,100,100.0,23.33333333333333,22.5,-3.703703703703699,1,1,0,0,0,0,0,0,Low Risk
Customer_00315,5,2026-08-04,Premium,high_value,17,246,6,27,100,100,100,100.0,21.75,23.33333333333333,6.785714285714281,1,1,0,0,0,0,0,0,Low Risk
Customer_00315,5,2026-08-05,Premium,high_value,17,183,29,26,100,75,100,92.5,20.8,21.75,4.36781609195402,1,1,0,1,0,0,0,25,Low Risk
Customer_00316,4,2026-08-01,Standard,mid_value,13,95,8,23,75,100,100,87.5,13.0,,,0,0,0,0,0,0,0,0,Low Risk
Customer_00316,4,2026-08-02,Standard,mid_value,8,100,12,11,100,75,100,92.5,10.5,13.0,19.230769230769237,0,0,0,0,0,0,0,0,Low Risk
Customer_00316,4,2026-08-03,Standard,mid_value,8,84,27,28,75,75,100,80.0,9.666666666666666,10.5,7.936507936507942,0,0,0,1,0,0,0,25,Low Risk
Customer_00316,4,2026-08-04,Standard,mid_value,13,115,17,24,100,75,100,92.5,10.5,9.666666666666666,-8.62068965517242,0,0,0,0,0,0,0,0,Low Risk
Customer_00316,4,2026-08-05,Standard,mid_value,13,84,14,29,75,75,100,80.0,11.0,10.5,-4.761904761904762,0,0,0,0,0,0,0,0,Low Risk
Customer_00317,6,2026-08-01,Standard,mid_value,5,95,1,26,75,100,100,87.5,5.0,,,0,0,0,0,0,0,0,0,Low Risk
Customer_00317,6,2026-08-02,Standard,mid_value,13,118,3,24,100,100,100,100.0,9.0,5.0,-80.0,0,0,0,0,0,0,0,0,Low Risk
Customer_00317,6,2026-08-03,Standard,mid_value,12,112,10,11,100,100,100,100.0,10.0,9.0,-11.11111111111111,0,0,0,0,0,0,0,0,Low Risk
Customer_00317,6,2026-08-04,Standard,mid_value,7,82,0,39,75,100,75,82.5,9.25,10.0,7.5,0,0,0,0,0,0,0,0,Low Risk
Customer_00317,6,2026-08-05,Standard,mid_value,6,88,4,46,75,100,75,82.5,8.6,9.25,7.02702702702703,0,0,0,0,1,0,0,20,Low Risk
Customer_00318,5,2026-08-01,Basic,low_value,3,52,20,41,75,75,75,75.0,3.0,,,0,0,0,0,1,0,0,20,Low Risk
Customer_00318,5,2026-08-02,Basic,low_value,3,49,15,42,50,75,75,62.5,3.0,3.0,0.0,0,0,0,0,1,0,0,20,Low Risk
Customer_00318,5,2026-08-03,Basic,low_value,4,44,27,23,50,75,100,67.5,3.333333333333333,3.0,-11.111111111111116,0,0,0,1,0,0,0,25,Low Risk
Customer_00318,5,2026-08-04,Basic,low_value,2,44,8,22,50,100,100,75.0,3.0,3.333333333333333,10.000000000000004,0,0,0,0,0,0,0,0,Low Risk
Customer_00318,5,2026-08-05,Basic,low_value,2,44,2,30,50,100,100,75.0,2.8,3.0,6.666666666666672,0,0,0,0,0,0,0,0,Low Risk
Customer_00319,5,2026-08-01,Basic,low_value,1,48,17,23,50,75,100,67.5,1.0,,,1,1,0,0,0,0,0,0,Low Risk
Customer_00319,5,2026-08-02,Basic,low_value,4,43,1,42,50,100,75,70.0,2.5,1.0,-150.0,1,1,0,0,1,0,0,20,Low Risk
Customer_00319,5,2026-08-03,Basic,low_value,3,43,17,42,50,75,75,62.5,2.6666666666666665,2.5,-6.666666666666661,1,1,0,0,1,0,0,20,Low Risk
Customer_00319,5,2026-08-04,Basic,low_value,3,41,28,41,50,75,75,62.5,2.75,2.6666666666666665,-3.1250000000000053,1,1,0,1,1,0,0,45,Medium Risk
Customer_00319,5,2026-08-05,Basic,low_value,3,55,2,42,75,100,75,82.5,2.8,2.75,-1.818181818181812,1,1,0,0,1,0,0,20,Low Risk
Customer_00320,10,2026-08-01,Premium,high_value,10,177,12,34,100,75,75,87.5,10.0,,,1,1,0,0,0,0,0,0,Low Risk
Customer_00320,10,2026-08-02,Premium,high_value,18,151,26,20,100,75,100,92.5,14.0,10.0,-40.0,1,1,0,1,0,0,0,25,Low Risk
Customer_00320,10,2026-08-03,Premium,high_value,23,169,24,12,100,75,100,92.5,17.0,14.0,-21.428571428571427,1,1,0,1,0,0,0,25,Low Risk
Customer_00320,10,2026-08-04,Premium,high_value,25,202,7,18,100,100,100,100.0,19.0,17.0,-11.76470588235294,1,1,0,0,0,0,0,0,Low Risk
Customer_00320,10,2026-08-05,Premium,high_value,18,231,16,30,100,75,100,92.5,18.8,19.0,1.0526315789473648,1,1,0,0,0,0,0,0,Low Risk
Customer_00321,2,2026-08-01,Premium,high_value,16,153,15,16,100,75,100,92.5,16.0,,,1,1,0,0,0,0,0,0,Low Risk
Customer_00321,2,2026-08-02,Premium,high_value,16,174,15,49,100,75,75,87.5,16.0,16.0,0.0,1,1,0,0,1,0,0,20,Low Risk
Customer_00321,2,2026-08-03,Premium,high_value,18,235,24,14,100,75,100,92.5,16.666666666666668,16.0,-4.166666666666674,1,1,0,1,0,0,0,25,Low Risk
Customer_00321,2,2026-08-04,Premium,high_value,25,213,23,48,100,75,75,87.5,18.75,16.666666666666668,-12.499999999999991,1,1,0,1,1,0,0,45,Medium Risk
Customer_00321,2,2026-08-05,Premium,high_value,10,160,16,35,100,75,75,87.5,17.0,18.75,9.333333333333334,1,1,0,0,0,0,0,0,Low Risk
Customer_00322,6,2026-08-01,Standard,mid_value,11,98,16,47,75,75,75,75.0,11.0,,,1,1,0,0,1,0,0,20,Low Risk
Customer_00322,6,2026-08-02,Standard,mid_value,8,111,12,43,100,75,75,87.5,9.5,11.0,13.636363636363637,1,1,0,0,1,0,0,20,Low Risk
Customer_00322,6,2026-08-03,Standard,mid_value,14,109,15,40,100,75,75,87.5,11.0,9.5,-15.789473684210526,1,1,0,0,0,0,0,0,Low Risk
Customer_00322,6,2026-08-04,Standard,mid_value,11,107,11,26,100,75,100,92.5,11.0,11.0,0.0,1,1,0,0,0,0,0,0,Low Risk
Customer_00322,6,2026-08-05,Standard,mid_value,10,87,14,24,75,75,100,80.0,10.8,11.0,1.818181818181812,1,1,0,0,0,0,0,0,Low Risk
Customer_00323,1,2026-08-01,Standard,mid_value,9,102,28,22,100,75,100,92.5,9.0,,,1,1,0,1,0,0,0,25,Low Risk
Customer_00323,1,2026-08-02,Standard,mid_value,9,92,29,16,75,75,100,80.0,9.0,9.0,0.0,1,1,0,1,0,0,0,25,Low Risk
Customer_00323,1,2026-08-03,Standard,mid_value,13,112,13,32,100,75,75,87.5,10.333333333333334,9.0,-14.814814814814822,1,1,0,0,0,0,0,0,Low Risk
Customer_00323,1,2026-08-04,Standard,mid_value,6,120,7,14,100,100,100,100.0,9.25,10.333333333333334,10.48387096774194,1,1,0,0,0,0,0,0,Low Risk
Customer_00323,1,2026-08-05,Standard,mid_value,8,94,4,35,75,100,75,82.5,9.0,9.25,2.702702702702702,1,1,0,0,0,0,0,0,Low Risk
Customer_00324,9,2026-08-01,Premium,high_value,18,165,19,45,100,75,75,87.5,18.0,,,1,1,0,0,1,0,0,20,Low Risk
Customer_00324,9,2026-08-02,Premium,high_value,13,229,22,16,100,75,100,92.5,15.5,18.0,13.88888888888889,1,1,0,1,0,0,0,25,Low Risk
Customer_00324,9,2026-08-03,Premium,high_value,23,217,8,46,100,100,75,95.0,18.0,15.5,-16.129032258064516,1,1,0,0,1,0,0,20,Low Risk
Customer_00324,9,2026-08-04,Premium,high_value,18,202,4,29,100,100,100,100.0,18.0,18.0,0.0,1,1,0,0,0,0,0,0,Low Risk
Customer_00324,9,2026-08-05,Premium,high_value,20,215,17,33,100,75,75,87.5,18.4,18.0,-2.2222222222222143,1,1,0,0,0,0,0,0,Low Risk
Customer_00325,3,2026-08-01,Standard,mid_value,7,112,14,46,100,75,75,87.5,7.0,,,1,1,0,0,1,0,0,20,Low Risk
Customer_00325,3,2026-08-02,Standard,mid_value,13,111,0,48,100,100,75,95.0,10.0,7.0,-42.85714285714285,1,1,0,0,1,0,0,20,Low Risk
Customer_00325,3,2026-08-03,Standard,mid_value,14,98,7,22,75,100,100,87.5,11.333333333333334,10.0,-13.33333333333334,1,1,0,0,0,0,0,0,Low Risk
Customer_00325,3,2026-08-04,Standard,mid_value,5,116,2,40,100,100,75,95.0,9.75,11.333333333333334,13.970588235294125,1,1,0,0,0,0,0,0,Low Risk
Customer_00325,3,2026-08-05,Standard,mid_value,8,114,14,16,100,75,100,92.5,9.4,9.75,3.589743589743586,1,1,0,0,0,0,0,0,Low Risk
Customer_00326,5,2026-08-01,Basic,low_value,1,59,21,34,75,75,75,75.0,1.0,,,0,0,0,1,0,0,0,25,Low Risk
Customer_00326,5,2026-08-02,Basic,low_value,5,52,13,17,75,75,100,80.0,3.0,1.0,-200.0,0,0,0,0,0,0,0,0,Low Risk
Customer_00326,5,2026-08-03,Basic,low_value,1,57,21,36,75,75,75,75.0,2.333333333333333,3.0,22.222222222222214,0,0,0,1,0,0,0,25,Low Risk
Customer_00326,5,2026-08-04,Basic,low_value,5,54,21,29,75,75,100,80.0,3.0,2.333333333333333,-28.57142857142857,0,0,0,1,0,0,0,25,Low Risk
Customer_00326,5,2026-08-05,Basic,low_value,3,50,4,10,75,100,100,87.5,3.0,3.0,0.0,0,0,0,0,0,0,0,0,Low Risk
Customer_00327,8,2026-08-01,Premium,high_value,17,199,21,32,100,75,75,87.5,17.0,,,1,1,0,1,0,0,0,25,Low Risk
Customer_00327,8,2026-08-02,Premium,high_value,24,233,23,17,100,75,100,92.5,20.5,17.0,-20.588235294117645,1,1,0,1,0,0,0,25,Low Risk
Customer_00327,8,2026-08-03,Premium,high_value,24,234,16,49,100,75,75,87.5,21.666666666666668,20.5,-5.691056910569111,1,1,0,0,1,0,0,20,Low Risk
Customer_00327,8,2026-08-04,Premium,high_value,13,165,19,26,100,75,100,92.5,19.5,21.666666666666668,10.000000000000004,1,1,0,0,0,0,0,0,Low Risk
Customer_00327,8,2026-08-05,Premium,high_value,21,163,1,46,100,100,75,95.0,19.8,19.5,-1.538461538461542,1,1,0,0,1,0,0,20,Low Risk
Customer_00328,5,2026-08-01,Premium,high_value,23,198,23,21,100,75,100,92.5,23.0,,,1,1,0,1,0,0,0,25,Low Risk
Customer_00328,5,2026-08-02,Premium,high_value,21,189,14,40,100,75,75,87.5,22.0,23.0,4.3478260869565215,1,1,0,0,0,0,0,0,Low Risk
Customer_00328,5,2026-08-03,Premium,high_value,16,223,14,40,100,75,75,87.5,20.0,22.0,9.090909090909092,1,1,0,0,0,0,0,0,Low Risk
Customer_00328,5,2026-08-04,Premium,high_value,19,217,24,30,100,75,100,92.5,19.75,20.0,1.25,1,1,0,1,0,0,0,25,Low Risk
Customer_00328,5,2026-08-05,Premium,high_value,12,203,14,33,100,75,75,87.5,18.2,19.75,7.8481012658227876,1,1,0,0,0,0,0,0,Low Risk
Customer_00329,4,2026-08-01,Standard,mid_value,9,114,11,21,100,75,100,92.5,9.0,,,1,1,0,0,0,0,0,0,Low Risk
Customer_00329,4,2026-08-02,Standard,mid_value,11,91,15,43,75,75,75,75.0,10.0,9.0,-11.11111111111111,1,1,0,0,1,0,0,20,Low Risk
Customer_00329,4,2026-08-03,Standard,mid_value,5,111,24,35,100,75,75,87.5,8.333333333333334,10.0,16.66666666666666,1,1,0,1,0,0,0,25,Low Risk
Customer_00329,4,2026-08-04,Standard,mid_value,13,95,13,36,75,75,75,75.0,9.5,8.333333333333334,-13.999999999999991,1,1,0,0,0,0,0,0,Low Risk
Customer_00329,4,2026-08-05,Standard,mid_value,10,98,25,43,75,75,75,75.0,9.6,9.5,-1.0526315789473648,1,1,0,1,1,0,0,45,Medium Risk
Customer_00330,2,2026-08-01,Basic,low_value,3,51,16,24,75,75,100,80.0,3.0,,,0,0,0,0,0,0,0,0,Low Risk
Customer_00330,2,2026-08-02,Basic,low_value,3,53,16,50,75,75,75,75.0,3.0,3.0,0.0,0,0,0,0,1,0,0,20,Low Risk
Customer_00330,2,2026-08-03,Basic,low_value,2,41,14,40,50,75,75,62.5,2.6666666666666665,3.0,11.111111111111116,0,0,0,0,0,0,0,0,Low Risk
Customer_00330,2,2026-08-04,Basic,low_value,5,46,14,20,50,75,100,67.5,3.25,2.6666666666666665,-21.875000000000007,0,0,0,0,0,0,0,0,Low Risk
Customer_00330,2,2026-08-05,Basic,low_value,3,51,13,34,75,75,75,75.0,3.2,3.25,1.538461538461533,0,0,0,0,0,0,0,0,Low Risk
Customer_00331,6,2026-08-01,Standard,mid_value,14,101,16,26,100,75,100,92.5,14.0,,,0,0,0,0,0,0,0,0,Low Risk
Customer_00331,6,2026-08-02,Standard,mid_value,15,93,15,24,75,75,100,80.0,14.5,14.0,-3.571428571428571,0,0,0,0,0,0,0,0,Low Risk
Customer_00331,6,2026-08-03,Standard,mid_value,9,101,13,46,100,75,75,87.5,12.666666666666666,14.5,12.643678160919544,0,0,0,0,1,0,0,20,Low Risk
Customer_00331,6,2026-08-04,Standard,mid_value,5,104,27,23,100,75,100,92.5,10.75,12.666666666666666,15.131578947368418,0,0,0,1,0,0,0,25,Low Risk
Customer_00331,6,2026-08-05,Standard,mid_value,8,87,5,14,75,100,100,87.5,10.2,10.75,5.116279069767449,0,0,0,0,0,0,0,0,Low Risk
Customer_00332,5,2026-08-01,Premium,high_value,15,151,25,45,100,75,75,87.5,15.0,,,0,0,0,1,1,0,0,45,Medium Risk
Customer_00332,5,2026-08-02,Premium,high_value,22,246,11,44,100,75,75,87.5,18.5,15.0,-23.33333333333333,0,0,0,0,1,0,0,20,Low Risk
Customer_00332,5,2026-08-03,Premium,high_value,14,244,19,13,100,75,100,92.5,17.0,18.5,8.108108108108109,0,0,0,0,0,0,0,0,Low Risk
Customer_00332,5,2026-08-04,Premium,high_value,18,177,21,27,100,75,100,92.5,17.25,17.0,-1.4705882352941175,0,0,0,1,0,0,0,25,Low Risk
Customer_00332,5,2026-08-05,Premium,high_value,16,193,3,30,100,100,100,100.0,17.0,17.25,1.4492753623188406,0,0,0,0,0,0,0,0,Low Risk
Customer_00333,4,2026-08-01,Premium,high_value,11,246,14,49,100,75,75,87.5,11.0,,,1,1,0,0,1,0,0,20,Low Risk
Customer_00333,4,2026-08-02,Premium,high_value,13,165,20,23,100,75,100,92.5,12.0,11.0,-9.090909090909092,1,1,0,0,0,0,0,0,Low Risk
Customer_00333,4,2026-08-03,Premium,high_value,13,232,28,30,100,75,100,92.5,12.333333333333334,12.0,-2.777777777777783,1,1,0,1,0,0,0,25,Low Risk
Customer_00333,4,2026-08-04,Premium,high_value,22,219,29,24,100,75,100,92.5,14.75,12.333333333333334,-19.59459459459459,1,1,0,1,0,0,0,25,Low Risk
Customer_00333,4,2026-08-05,Premium,high_value,25,237,10,43,100,100,75,95.0,16.8,14.75,-13.898305084745768,1,1,0,0,1,0,0,20,Low Risk
Customer_00334,7,2026-08-01,Premium,high_value,21,196,18,34,100,75,75,87.5,21.0,,,0,0,0,0,0,0,0,0,Low Risk
Customer_00334,7,2026-08-02,Premium,high_value,13,167,0,14,100,100,100,100.0,17.0,21.0,19.047619047619047,0,0,0,0,0,0,0,0,Low Risk
Customer_00334,7,2026-08-03,Premium,high_value,25,243,7,12,100,100,100,100.0,19.666666666666668,17.0,-15.68627450980393,0,0,0,0,0,0,0,0,Low Risk
Customer_00334,7,2026-08-04,Premium,high_value,14,221,6,46,100,100,75,95.0,18.25,19.666666666666668,7.20338983050848,0,0,0,0,1,0,0,20,Low Risk
Customer_00334,7,2026-08-05,Premium,high_value,24,250,15,16,100,75,100,92.5,19.4,18.25,-6.301369863013691,0,0,0,0,0,0,0,0,Low Risk
Customer_00335,4,2026-08-01,Premium,high_value,17,189,27,12,100,75,100,92.5,17.0,,,1,1,0,1,0,0,0,25,Low Risk
Customer_00335,4,2026-08-02,Premium,high_value,12,179,18,10,100,75,100,92.5,14.5,17.0,14.705882352941178,1,1,0,0,0,0,0,0,Low Risk
Customer_00335,4,2026-08-03,Premium,high_value,19,207,3,28,100,100,100,100.0,16.0,14.5,-10.344827586206897,1,1,0,0,0,0,0,0,Low Risk
Customer_00335,4,2026-08-04,Premium,high_value,23,184,1,20,100,100,100,100.0,17.75,16.0,-10.9375,1,1,0,0,0,0,0,0,Low Risk
Customer_00335,4,2026-08-05,Premium,high_value,16,161,15,22,100,75,100,92.5,17.4,17.75,1.971830985915501,1,1,0,0,0,0,0,0,Low Risk
Customer_00336,1,2026-08-01,Standard,mid_value,8,113,20,29,100,75,100,92.5,8.0,,,1,1,0,0,0,0,0,0,Low Risk
Customer_00336,1,2026-08-02,Standard,mid_value,10,105,22,35,100,75,75,87.5,9.0,8.0,-12.5,1,1,0,1,0,0,0,25,Low Risk
Customer_00336,1,2026-08-03,Standard,mid_value,7,103,8,46,100,100,75,95.0,8.333333333333334,9.0,7.407407407407401,1,1,0,0,1,0,0,20,Low Risk
Customer_00336,1,2026-08-04,Standard,mid_value,11,114,14,33,100,75,75,87.5,9.0,8.333333333333334,-7.999999999999992,1,1,0,0,0,0,0,0,Low Risk
Customer_00336,1,2026-08-05,Standard,mid_value,10,83,24,29,75,75,100,80.0,9.2,9.0,-2.2222222222222143,1,1,0,1,0,0,0,25,Low Risk
Customer_00337,4,2026-08-01,Standard,mid_value,15,87,15,13,75,75,100,80.0,15.0,,,1,1,0,0,0,0,0,0,Low Risk
Customer_00337,4,2026-08-02,Standard,mid_value,12,90,19,30,75,75,100,80.0,13.5,15.0,10.0,1,1,0,0,0,0,0,0,Low Risk
Customer_00337,4,2026-08-03,Standard,mid_value,14,105,3,36,100,100,75,95.0,13.666666666666666,13.5,-1.2345679012345634,1,1,0,0,0,0,0,0,Low Risk
Customer_00337,4,2026-08-04,Standard,mid_value,9,83,3,45,75,100,75,82.5,12.5,13.666666666666666,8.536585365853655,1,1,0,0,1,0,0,20,Low Risk
Customer_00337,4,2026-08-05,Standard,mid_value,14,118,9,23,100,100,100,100.0,12.8,12.5,-2.4000000000000057,1,1,0,0,0,0,0,0,Low Risk
Customer_00338,6,2026-08-01,Premium,high_value,20,185,29,39,100,75,75,87.5,20.0,,,1,1,0,1,0,0,0,25,Low Risk
Customer_00338,6,2026-08-02,Premium,high_value,25,171,0,12,100,100,100,100.0,22.5,20.0,-12.5,1,1,0,0,0,0,0,0,Low Risk
Customer_00338,6,2026-08-03,Premium,high_value,17,176,21,47,100,75,75,87.5,20.666666666666668,22.5,8.148148148148143,1,1,0,1,1,0,0,45,Medium Risk
Customer_00338,6,2026-08-04,Premium,high_value,19,230,16,45,100,75,75,87.5,20.25,20.666666666666668,2.01612903225807,1,1,0,0,1,0,0,20,Low Risk
Customer_00338,6,2026-08-05,Premium,high_value,19,163,6,18,100,100,100,100.0,20.0,20.25,1.2345679012345678,1,1,0,0,0,0,0,0,Low Risk
Customer_00339,8,2026-08-01,Premium,high_value,17,247,2,15,100,100,100,100.0,17.0,,,0,0,0,0,0,0,0,0,Low Risk
Customer_00339,8,2026-08-02,Premium,high_value,10,227,18,35,100,75,75,87.5,13.5,17.0,20.588235294117645,0,0,0,0,0,0,0,0,Low Risk
Customer_00339,8,2026-08-03,Premium,high_value,21,170,9,10,100,100,100,100.0,16.0,13.5,-18.51851851851852,0,0,0,0,0,0,0,0,Low Risk
Customer_00339,8,2026-08-04,Premium,high_value,22,189,5,41,100,100,75,95.0,17.5,16.0,-9.375,0,0,0,0,1,0,0,20,Low Risk
Customer_00339,8,2026-08-05,Premium,high_value,22,184,6,31,100,100,75,95.0,18.4,17.5,-5.142857142857134,0,0,0,0,0,0,0,0,Low Risk
Customer_00340,6,2026-08-01,Premium,high_value,15,164,16,20,100,75,100,92.5,15.0,,,1,1,0,0,0,0,0,0,Low Risk
Customer_00340,6,2026-08-02,Premium,high_value,23,232,11,35,100,75,75,87.5,19.0,15.0,-26.666666666666668,1,1,0,0,0,0,0,0,Low Risk
Customer_00340,6,2026-08-03,Premium,high_value,10,223,11,44,100,75,75,87.5,16.0,19.0,15.789473684210526,1,1,0,0,1,0,0,20,Low Risk
Customer_00340,6,2026-08-04,Premium,high_value,21,191,23,19,100,75,100,92.5,17.25,16.0,-7.8125,1,1,0,1,0,0,0,25,Low Risk
Customer_00340,6,2026-08-05,Premium,high_value,25,226,22,29,100,75,100,92.5,18.8,17.25,-8.985507246376816,1,1,0,1,0,0,0,25,Low Risk
Customer_00341,1,2026-08-01,Premium,high_value,11,175,16,39,100,75,75,87.5,11.0,,,0,0,0,0,0,0,0,0,Low Risk
Customer_00341,1,2026-08-02,Premium,high_value,11,246,23,47,100,75,75,87.5,11.0,11.0,0.0,0,0,0,1,1,0,0,45,Medium Risk
Customer_00341,1,2026-08-03,Premium,high_value,22,233,24,35,100,75,75,87.5,14.666666666666666,11.0,-33.33333333333333,0,0,0,1,0,0,0,25,Low Risk
Customer_00341,1,2026-08-04,Premium,high_value,18,173,3,17,100,100,100,100.0,15.5,14.666666666666666,-5.681818181818186,0,0,0,0,0,0,0,0,Low Risk
Customer_00341,1,2026-08-05,Premium,high_value,12,192,29,20,100,75,100,92.5,14.8,15.5,4.5161290322580605,0,0,0,1,0,0,0,25,Low Risk
Customer_00342,8,2026-08-01,Premium,high_value,16,239,29,33,100,75,75,87.5,16.0,,,0,0,0,1,0,0,0,25,Low Risk
Customer_00342,8,2026-08-02,Premium,high_value,22,212,6,47,100,100,75,95.0,19.0,16.0,-18.75,0,0,0,0,1,0,0,20,Low Risk
Customer_00342,8,2026-08-03,Premium,high_value,13,219,21,10,100,75,100,92.5,17.0,19.0,10.526315789473683,0,0,0,1,0,0,0,25,Low Risk
Customer_00342,8,2026-08-04,Premium,high_value,22,247,23,27,100,75,100,92.5,18.25,17.0,-7.352941176470589,0,0,0,1,0,0,0,25,Low Risk
Customer_00342,8,2026-08-05,Premium,high_value,24,197,2,37,100,100,75,95.0,19.4,18.25,-6.301369863013691,0,0,0,0,0,0,0,0,Low Risk
Customer_00343,2,2026-08-01,Basic,low_value,3,54,1,12,75,100,100,87.5,3.0,,,1,1,0,0,0,0,0,0,Low Risk
Customer_00343,2,2026-08-02,Basic,low_value,3,60,1,44,75,100,75,82.5,3.0,3.0,0.0,1,1,0,0,1,0,0,20,Low Risk
Customer_00343,2,2026-08-03,Basic,low_value,1,47,27,20,50,75,100,67.5,2.333333333333333,3.0,22.222222222222214,1,1,0,1,0,0,0,25,Low Risk
Customer_00343,2,2026-08-04,Basic,low_value,2,46,26,36,50,75,75,62.5,2.25,2.333333333333333,3.5714285714285774,1,1,0,1,0,0,0,25,Low Risk
Customer_00343,2,2026-08-05,Basic,low_value,5,44,26,46,50,75,75,62.5,2.8,2.25,-24.44444444444444,1,1,0,1,1,0,0,45,Medium Risk
Customer_00344,8,2026-08-01,Premium,high_value,19,246,18,46,100,75,75,87.5,19.0,,,0,0,0,0,1,0,0,20,Low Risk
Customer_00344,8,2026-08-02,Premium,high_value,13,248,14,31,100,75,75,87.5,16.0,19.0,15.789473684210526,0,0,0,0,0,0,0,0,Low Risk
Customer_00344,8,2026-08-03,Premium,high_value,11,248,10,48,100,100,75,95.0,14.333333333333334,16.0,10.416666666666664,0,0,0,0,1,0,0,20,Low Risk
Customer_00344,8,2026-08-04,Premium,high_value,18,155,12,28,100,75,100,92.5,15.25,14.333333333333334,-6.395348837209299,0,0,0,0,0,0,0,0,Low Risk
Customer_00344,8,2026-08-05,Premium,high_value,12,213,1,45,100,100,75,95.0,14.6,15.25,4.262295081967215,0,0,0,0,1,0,0,20,Low Risk
Customer_00345,1,2026-08-01,Premium,high_value,22,220,6,34,100,100,75,95.0,22.0,,,1,1,0,0,0,0,0,0,Low Risk
Customer_00345,1,2026-08-02,Premium,high_value,13,238,8,17,100,100,100,100.0,17.5,22.0,20.454545454545457,1,1,0,0,0,0,0,0,Low Risk
Customer_00345,1,2026-08-03,Premium,high_value,13,173,7,14,100,100,100,100.0,16.0,17.5,8.571428571428571,1,1,0,0,0,0,0,0,Low Risk
Customer_00345,1,2026-08-04,Premium,high_value,24,242,19,38,100,75,75,87.5,18.0,16.0,-12.5,1,1,0,0,0,0,0,0,Low Risk
Customer_00345,1,2026-08-05,Premium,high_value,19,206,5,41,100,100,75,95.0,18.2,18.0,-1.1111111111111072,1,1,0,0,1,0,0,20,Low Risk
Customer_00346,1,2026-08-01,Standard,mid_value,7,107,19,21,100,75,100,92.5,7.0,,,0,0,0,0,0,0,0,0,Low Risk
Customer_00346,1,2026-08-02,Standard,mid_value,10,119,8,47,100,100,75,95.0,8.5,7.0,-21.428571428571427,0,0,0,0,1,0,0,20,Low Risk
Customer_00346,1,2026-08-03,Standard,mid_value,6,108,20,32,100,75,75,87.5,7.666666666666667,8.5,9.803921568627448,0,0,0,0,0,0,0,0,Low Risk
Customer_00346,1,2026-08-04,Standard,mid_value,15,118,3,13,100,100,100,100.0,9.5,7.666666666666667,-23.913043478260864,0,0,0,0,0,0,0,0,Low Risk
Customer_00346,1,2026-08-05,Standard,mid_value,7,108,14,28,100,75,100,92.5,9.0,9.5,5.263157894736842,0,0,0,0,0,0,0,0,Low Risk
Customer_00347,4,2026-08-01,Premium,high_value,19,202,18,27,100,75,100,92.5,19.0,,,1,1,0,0,0,0,0,0,Low Risk
Customer_00347,4,2026-08-02,Premium,high_value,11,173,16,44,100,75,75,87.5,15.0,19.0,21.052631578947366,1,1,0,0,1,0,0,20,Low Risk
Customer_00347,4,2026-08-03,Premium,high_value,10,170,11,19,100,75,100,92.5,13.333333333333334,15.0,11.111111111111107,1,1,0,0,0,0,0,0,Low Risk
Customer_00347,4,2026-08-04,Premium,high_value,18,226,11,44,100,75,75,87.5,14.5,13.333333333333334,-8.749999999999995,1,1,0,0,1,0,0,20,Low Risk
Customer_00347,4,2026-08-05,Premium,high_value,20,209,17,38,100,75,75,87.5,15.6,14.5,-7.5862068965517215,1,1,0,0,0,0,0,0,Low Risk
Customer_00348,4,2026-08-01,Premium,high_value,23,195,23,29,100,75,100,92.5,23.0,,,1,1,0,1,0,0,0,25,Low Risk
Customer_00348,4,2026-08-02,Premium,high_value,17,222,4,11,100,100,100,100.0,20.0,23.0,13.043478260869565,1,1,0,0,0,0,0,0,Low Risk
Customer_00348,4,2026-08-03,Premium,high_value,16,232,2,38,100,100,75,95.0,18.666666666666668,20.0,6.666666666666661,1,1,0,0,0,0,0,0,Low Risk
Customer_00348,4,2026-08-04,Premium,high_value,23,236,21,40,100,75,75,87.5,19.75,18.666666666666668,-5.803571428571422,1,1,0,1,0,0,0,25,Low Risk
Customer_00348,4,2026-08-05,Premium,high_value,16,195,2,38,100,100,75,95.0,19.0,19.75,3.79746835443038,1,1,0,0,0,0,0,0,Low Risk
Customer_00349,10,2026-08-01,Premium,high_value,25,175,15,33,100,75,75,87.5,25.0,,,1,1,0,0,0,0,0,0,Low Risk
Customer_00349,10,2026-08-02,Premium,high_value,16,197,24,28,100,75,100,92.5,20.5,25.0,18.0,1,1,0,1,0,0,0,25,Low Risk
Customer_00349,10,2026-08-03,Premium,high_value,19,189,27,11,100,75,100,92.5,20.0,20.5,2.4390243902439024,1,1,0,1,0,0,0,25,Low Risk
Customer_00349,10,2026-08-04,Premium,high_value,23,239,4,25,100,100,100,100.0,20.75,20.0,-3.75,1,1,0,0,0,0,0,0,Low Risk
Customer_00349,10,2026-08-05,Premium,high_value,24,174,20,32,100,75,75,87.5,21.4,20.75,-3.132530120481921,1,1,0,0,0,0,0,0,Low Risk
Customer_00350,5,2026-08-01,Premium,high_value,16,207,19,14,100,75,100,92.5,16.0,,,0,0,0,0,0,0,0,0,Low Risk
Customer_00350,5,2026-08-02,Premium,high_value,20,240,15,12,100,75,100,92.5,18.0,16.0,-12.5,0,0,0,0,0,0,0,0,Low Risk
Customer_00350,5,2026-08-03,Premium,high_value,18,164,20,35,100,75,75,87.5,18.0,18.0,0.0,0,0,0,0,0,0,0,0,Low Risk
Customer_00350,5,2026-08-04,Premium,high_value,13,153,3,39,100,100,75,95.0,16.75,18.0,6.944444444444445,0,0,0,0,0,0,0,0,Low Risk
Customer_00350,5,2026-08-05,Premium,high_value,17,187,7,35,100,100,75,95.0,16.8,16.75,-0.2985074626865714,0,0,0,0,0,0,0,0,Low Risk
Customer_00351,7,2026-08-01,Premium,high_value,21,159,1,29,100,100,100,100.0,21.0,,,1,1,0,0,0,0,0,0,Low Risk
Customer_00351,7,2026-08-02,Premium,high_value,24,221,11,45,100,75,75,87.5,22.5,21.0,-7.142857142857142,1,1,0,0,1,0,0,20,Low Risk
Customer_00351,7,2026-08-03,Premium,high_value,11,160,9,27,100,100,100,100.0,18.666666666666668,22.5,17.03703703703703,1,1,0,0,0,0,0,0,Low Risk
Customer_00351,7,2026-08-04,Premium,high_value,21,217,7,34,100,100,75,95.0,19.25,18.666666666666668,-3.1249999999999933,1,1,0,0,0,0,0,0,Low Risk
Customer_00351,7,2026-08-05,Premium,high_value,20,226,26,29,100,75,100,92.5,19.4,19.25,-0.7792207792207718,1,1,0,1,0,0,0,25,Low Risk
Customer_00352,10,2026-08-01,Premium,high_value,18,236,21,14,100,75,100,92.5,18.0,,,0,0,0,1,0,0,0,25,Low Risk
Customer_00352,10,2026-08-02,Premium,high_value,21,158,14,42,100,75,75,87.5,19.5,18.0,-8.333333333333332,0,0,0,0,1,0,0,20,Low Risk
Customer_00352,10,2026-08-03,Premium,high_value,25,154,1,42,100,100,75,95.0,21.33333333333333,19.5,-9.401709401709397,0,0,0,0,1,0,0,20,Low Risk
Customer_00352,10,2026-08-04,Premium,high_value,18,237,21,36,100,75,75,87.5,20.5,21.33333333333333,3.9062499999999942,0,0,0,1,0,0,0,25,Low Risk
Customer_00352,10,2026-08-05,Premium,high_value,13,228,22,29,100,75,100,92.5,19.0,20.5,7.317073170731707,0,0,0,1,0,0,0,25,Low Risk
Customer_00353,4,2026-08-01,Premium,high_value,24,213,21,42,100,75,75,87.5,24.0,,,0,0,0,1,1,0,0,45,Medium Risk
Customer_00353,4,2026-08-02,Premium,high_value,17,192,23,15,100,75,100,92.5,20.5,24.0,14.583333333333334,0,0,0,1,0,0,0,25,Low Risk
Customer_00353,4,2026-08-03,Premium,high_value,25,213,27,15,100,75,100,92.5,22.0,20.5,-7.317073170731707,0,0,0,1,0,0,0,25,Low Risk
Customer_00353,4,2026-08-04,Premium,high_value,14,175,12,46,100,75,75,87.5,20.0,22.0,9.090909090909092,0,0,0,0,1,0,0,20,Low Risk
Customer_00353,4,2026-08-05,Premium,high_value,13,176,27,23,100,75,100,92.5,18.6,20.0,6.999999999999992,0,0,0,1,0,0,0,25,Low Risk
Customer_00354,4,2026-08-01,Premium,high_value,24,208,15,21,100,75,100,92.5,24.0,,,0,0,0,0,0,0,0,0,Low Risk
Customer_00354,4,2026-08-02,Premium,high_value,18,227,27,34,100,75,75,87.5,21.0,24.0,12.5,0,0,0,1,0,0,0,25,Low Risk
Customer_00354,4,2026-08-03,Premium,high_value,10,237,30,25,100,75,100,92.5,17.333333333333332,21.0,17.460317460317466,0,0,0,1,0,0,0,25,Low Risk
Customer_00354,4,2026-08-04,Premium,high_value,23,157,15,29,100,75,100,92.5,18.75,17.333333333333332,-8.17307692307693,0,0,0,0,0,0,0,0,Low Risk
Customer_00354,4,2026-08-05,Premium,high_value,11,177,23,27,100,75,100,92.5,17.2,18.75,8.266666666666671,0,0,0,1,0,0,0,25,Low Risk
Customer_00355,10,2026-08-01,Premium,high_value,25,154,3,21,100,100,100,100.0,25.0,,,1,1,0,0,0,0,0,0,Low Risk
Customer_00355,10,2026-08-02,Premium,high_value,20,242,1,11,100,100,100,100.0,22.5,25.0,10.0,1,1,0,0,0,0,0,0,Low Risk
Customer_00355,10,2026-08-03,Premium,high_value,13,229,20,31,100,75,75,87.5,19.33333333333333,22.5,14.07407407407408,1,1,0,0,0,0,0,0,Low Risk
Customer_00355,10,2026-08-04,Premium,high_value,12,214,16,41,100,75,75,87.5,17.5,19.33333333333333,9.48275862068965,1,1,0,0,1,0,0,20,Low Risk
Customer_00355,10,2026-08-05,Premium,high_value,18,216,15,48,100,75,75,87.5,17.6,17.5,-0.5714285714285796,1,1,0,0,1,0,0,20,Low Risk
Customer_00356,4,2026-08-01,Premium,high_value,24,188,9,30,100,100,100,100.0,24.0,,,1,1,0,0,0,0,0,0,Low Risk
Customer_00356,4,2026-08-02,Premium,high_value,24,153,19,29,100,75,100,92.5,24.0,24.0,0.0,1,1,0,0,0,0,0,0,Low Risk
Customer_00356,4,2026-08-03,Premium,high_value,17,222,25,14,100,75,100,92.5,21.666666666666668,24.0,9.722222222222216,1,1,0,1,0,0,0,25,Low Risk
Customer_00356,4,2026-08-04,Premium,high_value,18,163,10,50,100,100,75,95.0,20.75,21.666666666666668,4.230769230769236,1,1,0,0,1,0,0,20,Low Risk
Customer_00356,4,2026-08-05,Premium,high_value,24,204,18,23,100,75,100,92.5,21.4,20.75,-3.132530120481921,1,1,0,0,0,0,0,0,Low Risk
Customer_00357,10,2026-08-01,Premium,high_value,12,177,17,37,100,75,75,87.5,12.0,,,0,0,0,0,0,0,0,0,Low Risk
Customer_00357,10,2026-08-02,Premium,high_value,24,177,14,37,100,75,75,87.5,18.0,12.0,-50.0,0,0,0,0,0,0,0,0,Low Risk
Customer_00357,10,2026-08-03,Premium,high_value,19,239,13,41,100,75,75,87.5,18.33333333333333,18.0,-1.8518518518518448,0,0,0,0,1,0,0,20,Low Risk
Customer_00357,10,2026-08-04,Premium,high_value,13,231,19,45,100,75,75,87.5,17.0,18.33333333333333,7.272727272727267,0,0,0,0,1,0,0,20,Low Risk
Customer_00357,10,2026-08-05,Premium,high_value,25,166,17,14,100,75,100,92.5,18.6,17.0,-9.41176470588236,0,0,0,0,0,0,0,0,Low Risk
Customer_00358,7,2026-08-01,Premium,high_value,12,245,18,36,100,75,75,87.5,12.0,,,0,0,0,0,0,0,0,0,Low Risk
Customer_00358,7,2026-08-02,Premium,high_value,17,218,22,45,100,75,75,87.5,14.5,12.0,-20.833333333333336,0,0,0,1,1,0,0,45,Medium Risk
Customer_00358,7,2026-08-03,Premium,high_value,24,186,23,31,100,75,75,87.5,17.666666666666668,14.5,-21.839080459770123,0,0,0,1,0,0,0,25,Low Risk
Customer_00358,7,2026-08-04,Premium,high_value,14,154,3,36,100,100,75,95.0,16.75,17.666666666666668,5.1886792452830255,0,0,0,0,0,0,0,0,Low Risk
Customer_00358,7,2026-08-05,Premium,high_value,16,250,29,34,100,75,75,87.5,16.6,16.75,0.8955223880596931,0,0,0,1,0,0,0,25,Low Risk
Customer_00359,7,2026-08-01,Premium,high_value,25,240,9,16,100,100,100,100.0,25.0,,,1,1,0,0,0,0,0,0,Low Risk
Customer_00359,7,2026-08-02,Premium,high_value,11,243,14,31,100,75,75,87.5,18.0,25.0,28.000000000000004,1,1,0,0,0,0,0,0,Low Risk
Customer_00359,7,2026-08-03,Premium,high_value,25,189,26,28,100,75,100,92.5,20.33333333333333,18.0,-12.962962962962957,1,1,0,1,0,0,0,25,Low Risk
Customer_00359,7,2026-08-04,Premium,high_value,18,170,27,26,100,75,100,92.5,19.75,20.33333333333333,2.868852459016388,1,1,0,1,0,0,0,25,Low Risk
Customer_00359,7,2026-08-05,Premium,high_value,16,206,23,41,100,75,75,87.5,19.0,19.75,3.79746835443038,1,1,0,1,1,0,0,45,Medium Risk
Customer_00360,4,2026-08-01,Premium,high_value,17,211,19,22,100,75,100,92.5,17.0,,,1,1,0,0,0,0,0,0,Low Risk
Customer_00360,4,2026-08-02,Premium,high_value,13,238,18,19,100,75,100,92.5,15.0,17.0,11.76470588235294,1,1,0,0,0,0,0,0,Low Risk
Customer_00360,4,2026-08-03,Premium,high_value,22,154,1,10,100,100,100,100.0,17.333333333333332,15.0,-15.555555555555548,1,1,0,0,0,0,0,0,Low Risk
Customer_00360,4,2026-08-04,Premium,high_value,11,220,11,49,100,75,75,87.5,15.75,17.333333333333332,9.134615384615378,1,1,0,0,1,0,0,20,Low Risk
Customer_00360,4,2026-08-05,Premium,high_value,15,248,2,41,100,100,75,95.0,15.6,15.75,0.9523809523809548,1,1,0,0,1,0,0,20,Low Risk
Customer_00361,3,2026-08-01,Premium,high_value,11,177,10,37,100,100,75,95.0,11.0,,,1,1,0,0,0,0,0,0,Low Risk
Customer_00361,3,2026-08-02,Premium,high_value,23,161,11,29,100,75,100,92.5,17.0,11.0,-54.54545454545454,1,1,0,0,0,0,0,0,Low Risk
Customer_00361,3,2026-08-03,Premium,high_value,19,242,16,15,100,75,100,92.5,17.666666666666668,17.0,-3.9215686274509873,1,1,0,0,0,0,0,0,Low Risk
Customer_00361,3,2026-08-04,Premium,high_value,15,243,18,42,100,75,75,87.5,17.0,17.666666666666668,3.773584905660384,1,1,0,0,1,0,0,20,Low Risk
Customer_00361,3,2026-08-05,Premium,high_value,13,187,8,43,100,100,75,95.0,16.2,17.0,4.70588235294118,1,1,0,0,1,0,0,20,Low Risk
Customer_00362,5,2026-08-01,Premium,high_value,21,231,24,46,100,75,75,87.5,21.0,,,1,1,0,1,1,0,0,45,Medium Risk
Customer_00362,5,2026-08-02,Premium,high_value,20,180,4,45,100,100,75,95.0,20.5,21.0,2.380952380952381,1,1,0,0,1,0,0,20,Low Risk
Customer_00362,5,2026-08-03,Premium,high_value,15,182,19,49,100,75,75,87.5,18.666666666666668,20.5,8.943089430894304,1,1,0,0,1,0,0,20,Low Risk
Customer_00362,5,2026-08-04,Premium,high_value,20,210,16,10,100,75,100,92.5,19.0,18.666666666666668,-1.7857142857142794,1,1,0,0,0,0,0,0,Low Risk
Customer_00362,5,2026-08-05,Premium,high_value,12,174,24,27,100,75,100,92.5,17.6,19.0,7.368421052631572,1,1,0,1,0,0,0,25,Low Risk
Customer_00363,9,2026-08-01,Premium,high_value,25,164,7,41,100,100,75,95.0,25.0,,,0,0,0,0,1,0,0,20,Low Risk
Customer_00363,9,2026-08-02,Premium,high_value,15,217,5,39,100,100,75,95.0,20.0,25.0,20.0,0,0,0,0,0,0,0,0,Low Risk
Customer_00363,9,2026-08-03,Premium,high_value,21,195,27,30,100,75,100,92.5,20.33333333333333,20.0,-1.6666666666666607,0,0,0,1,0,0,0,25,Low Risk
Customer_00363,9,2026-08-04,Premium,high_value,17,201,18,21,100,75,100,92.5,19.5,20.33333333333333,4.098360655737699,0,0,0,0,0,0,0,0,Low Risk
Customer_00363,9,2026-08-05,Premium,high_value,16,170,22,19,100,75,100,92.5,18.8,19.5,3.589743589743586,0,0,0,1,0,0,0,25,Low Risk
Customer_00364,5,2026-08-01,Premium,high_value,23,163,18,20,100,75,100,92.5,23.0,,,0,0,0,0,0,0,0,0,Low Risk
Customer_00364,5,2026-08-02,Premium,high_value,22,184,5,44,100,100,75,95.0,22.5,23.0,2.1739130434782608,0,0,0,0,1,0,0,20,Low Risk
Customer_00364,5,2026-08-03,Premium,high_value,17,174,14,43,100,75,75,87.5,20.666666666666668,22.5,8.148148148148143,0,0,0,0,1,0,0,20,Low Risk
Customer_00364,5,2026-08-04,Premium,high_value,10,202,17,34,100,75,75,87.5,18.0,20.666666666666668,12.903225806451616,0,0,0,0,0,0,0,0,Low Risk
Customer_00364,5,2026-08-05,Premium,high_value,13,175,10,31,100,100,75,95.0,17.0,18.0,5.555555555555555,0,0,0,0,0,0,0,0,Low Risk
Customer_00365,2,2026-08-01,Premium,high_value,22,175,25,13,100,75,100,92.5,22.0,,,1,1,0,1,0,0,0,25,Low Risk
Customer_00365,2,2026-08-02,Premium,high_value,24,152,11,47,100,75,75,87.5,23.0,22.0,-4.545454545454546,1,1,0,0,1,0,0,20,Low Risk
Customer_00365,2,2026-08-03,Premium,high_value,15,171,17,48,100,75,75,87.5,20.33333333333333,23.0,11.59420289855073,1,1,0,0,1,0,0,20,Low Risk
Customer_00365,2,2026-08-04,Premium,high_value,16,194,6,48,100,100,75,95.0,19.25,20.33333333333333,5.327868852459011,1,1,0,0,1,0,0,20,Low Risk
Customer_00365,2,2026-08-05,Premium,high_value,13,175,1,44,100,100,75,95.0,18.0,19.25,6.493506493506493,1,1,0,0,1,0,0,20,Low Risk
Customer_00366,7,2026-08-01,Standard,mid_value,9,120,12,38,100,75,75,87.5,9.0,,,1,1,0,0,0,0,0,0,Low Risk
Customer_00366,7,2026-08-02,Standard,mid_value,13,92,26,49,75,75,75,75.0,11.0,9.0,-22.22222222222222,1,1,0,1,1,0,0,45,Medium Risk
Customer_00366,7,2026-08-03,Standard,mid_value,8,94,2,27,75,100,100,87.5,10.0,11.0,9.090909090909092,1,1,0,0,0,0,0,0,Low Risk
Customer_00366,7,2026-08-04,Standard,mid_value,6,83,27,12,75,75,100,80.0,9.0,10.0,10.0,1,1,0,1,0,0,0,25,Low Risk
Customer_00366,7,2026-08-05,Standard,mid_value,15,96,5,45,75,100,75,82.5,10.2,9.0,-13.333333333333323,1,1,0,0,1,0,0,20,Low Risk
Customer_00367,8,2026-08-01,Premium,high_value,19,208,29,28,100,75,100,92.5,19.0,,,1,1,0,1,0,0,0,25,Low Risk
Customer_00367,8,2026-08-02,Premium,high_value,10,193,16,50,100,75,75,87.5,14.5,19.0,23.684210526315788,1,1,0,0,1,0,0,20,Low Risk
Customer_00367,8,2026-08-03,Premium,high_value,21,204,17,21,100,75,100,92.5,16.666666666666668,14.5,-14.942528735632193,1,1,0,0,0,0,0,0,Low Risk
Customer_00367,8,2026-08-04,Premium,high_value,19,245,4,39,100,100,75,95.0,17.25,16.666666666666668,-3.499999999999993,1,1,0,0,0,0,0,0,Low Risk
Customer_00367,8,2026-08-05,Premium,high_value,15,158,18,26,100,75,100,92.5,16.8,17.25,2.608695652173909,1,1,0,0,0,0,0,0,Low Risk
Customer_00368,9,2026-08-01,Premium,high_value,22,225,14,14,100,75,100,92.5,22.0,,,1,1,0,0,0,0,0,0,Low Risk
Customer_00368,9,2026-08-02,Premium,high_value,20,162,17,25,100,75,100,92.5,21.0,22.0,4.545454545454546,1,1,0,0,0,0,0,0,Low Risk
Customer_00368,9,2026-08-03,Premium,high_value,17,160,3,45,100,100,75,95.0,19.666666666666668,21.0,6.349206349206344,1,1,0,0,1,0,0,20,Low Risk
Customer_00368,9,2026-08-04,Premium,high_value,19,161,5,39,100,100,75,95.0,19.5,19.666666666666668,0.8474576271186499,1,1,0,0,0,0,0,0,Low Risk
Customer_00368,9,2026-08-05,Premium,high_value,19,207,26,49,100,75,75,87.5,19.4,19.5,0.5128205128205201,1,1,0,1,1,0,0,45,Medium Risk
Customer_00369,8,2026-08-01,Premium,high_value,12,179,22,44,100,75,75,87.5,12.0,,,0,0,0,1,1,0,0,45,Medium Risk
Customer_00369,8,2026-08-02,Premium,high_value,22,193,13,31,100,75,75,87.5,17.0,12.0,-41.66666666666667,0,0,0,0,0,0,0,0,Low Risk
Customer_00369,8,2026-08-03,Premium,high_value,21,223,16,22,100,75,100,92.5,18.33333333333333,17.0,-7.843137254901953,0,0,0,0,0,0,0,0,Low Risk
Customer_00369,8,2026-08-04,Premium,high_value,23,174,2,28,100,100,100,100.0,19.5,18.33333333333333,-6.3636363636363695,0,0,0,0,0,0,0,0,Low Risk
Customer_00369,8,2026-08-05,Premium,high_value,23,176,13,23,100,75,100,92.5,20.2,19.5,-3.589743589743586,0,0,0,0,0,0,0,0,Low Risk
Customer_00370,3,2026-08-01,Premium,high_value,11,249,13,14,100,75,100,92.5,11.0,,,1,1,0,0,0,0,0,0,Low Risk
Customer_00370,3,2026-08-02,Premium,high_value,20,162,5,37,100,100,75,95.0,15.5,11.0,-40.909090909090914,1,1,0,0,0,0,0,0,Low Risk
Customer_00370,3,2026-08-03,Premium,high_value,18,243,5,22,100,100,100,100.0,16.333333333333332,15.5,-5.376344086021498,1,1,0,0,0,0,0,0,Low Risk
Customer_00370,3,2026-08-04,Premium,high_value,18,159,9,37,100,100,75,95.0,16.75,16.333333333333332,-2.551020408163273,1,1,0,0,0,0,0,0,Low Risk
Customer_00370,3,2026-08-05,Premium,high_value,18,157,28,33,100,75,75,87.5,17.0,16.75,-1.4925373134328357,1,1,0,1,0,0,0,25,Low Risk
Customer_00371,4,2026-08-01,Premium,high_value,18,180,14,44,100,75,75,87.5,18.0,,,1,1,0,0,1,0,0,20,Low Risk
Customer_00371,4,2026-08-02,Premium,high_value,21,162,23,19,100,75,100,92.5,19.5,18.0,-8.333333333333332,1,1,0,1,0,0,0,25,Low Risk
Customer_00371,4,2026-08-03,Premium,high_value,12,185,5,41,100,100,75,95.0,17.0,19.5,12.82051282051282,1,1,0,0,1,0,0,20,Low Risk
Customer_00371,4,2026-08-04,Premium,high_value,22,225,17,13,100,75,100,92.5,18.25,17.0,-7.352941176470589,1,1,0,0,0,0,0,0,Low Risk
Customer_00371,4,2026-08-05,Premium,high_value,23,162,29,16,100,75,100,92.5,19.2,18.25,-5.205479452054791,1,1,0,1,0,0,0,25,Low Risk
Customer_00372,9,2026-08-01,Premium,high_value,14,158,26,14,100,75,100,92.5,14.0,,,1,1,0,1,0,0,0,25,Low Risk
Customer_00372,9,2026-08-02,Premium,high_value,15,204,11,45,100,75,75,87.5,14.5,14.0,-3.571428571428571,1,1,0,0,1,0,0,20,Low Risk
Customer_00372,9,2026-08-03,Premium,high_value,25,198,4,50,100,100,75,95.0,18.0,14.5,-24.13793103448276,1,1,0,0,1,0,0,20,Low Risk
Customer_00372,9,2026-08-04,Premium,high_value,14,181,0,24,100,100,100,100.0,17.0,18.0,5.555555555555555,1,1,0,0,0,0,0,0,Low Risk
Customer_00372,9,2026-08-05,Premium,high_value,21,214,21,33,100,75,75,87.5,17.8,17.0,-4.70588235294118,1,1,0,1,0,0,0,25,Low Risk
Customer_00373,6,2026-08-01,Standard,mid_value,12,85,18,45,75,75,75,75.0,12.0,,,1,1,0,0,1,0,0,20,Low Risk
Customer_00373,6,2026-08-02,Standard,mid_value,5,96,0,32,75,100,75,82.5,8.5,12.0,29.166666666666668,1,1,0,0,0,0,0,0,Low Risk
Customer_00373,6,2026-08-03,Standard,mid_value,14,111,13,11,100,75,100,92.5,10.333333333333334,8.5,-21.5686274509804,1,1,0,0,0,0,0,0,Low Risk
Customer_00373,6,2026-08-04,Standard,mid_value,11,118,19,45,100,75,75,87.5,10.5,10.333333333333334,-1.6129032258064455,1,1,0,0,1,0,0,20,Low Risk
Customer_00373,6,2026-08-05,Standard,mid_value,7,86,19,42,75,75,75,75.0,9.8,10.5,6.66666666666666,1,1,0,0,1,0,0,20,Low Risk
Customer_00374,4,2026-08-01,Premium,high_value,17,190,8,30,100,100,100,100.0,17.0,,,0,0,0,0,0,0,0,0,Low Risk
Customer_00374,4,2026-08-02,Premium,high_value,19,177,21,36,100,75,75,87.5,18.0,17.0,-5.88235294117647,0,0,0,1,0,0,0,25,Low Risk
Customer_00374,4,2026-08-03,Premium,high_value,24,185,24,34,100,75,75,87.5,20.0,18.0,-11.11111111111111,0,0,0,1,0,0,0,25,Low Risk
Customer_00374,4,2026-08-04,Premium,high_value,19,179,29,23,100,75,100,92.5,19.75,20.0,1.25,0,0,0,1,0,0,0,25,Low Risk
Customer_00374,4,2026-08-05,Premium,high_value,24,230,30,46,100,75,75,87.5,20.6,19.75,-4.303797468354437,0,0,0,1,1,0,0,45,Medium Risk
Customer_00375,1,2026-08-01,Premium,high_value,23,198,29,15,100,75,100,92.5,23.0,,,1,1,0,1,0,0,0,25,Low Risk
Customer_00375,1,2026-08-02,Premium,high_value,12,240,18,12,100,75,100,92.5,17.5,23.0,23.91304347826087,1,1,0,0,0,0,0,0,Low Risk
Customer_00375,1,2026-08-03,Premium,high_value,22,245,28,19,100,75,100,92.5,19.0,17.5,-8.571428571428571,1,1,0,1,0,0,0,25,Low Risk
Customer_00375,1,2026-08-04,Premium,high_value,11,180,17,37,100,75,75,87.5,17.0,19.0,10.526315789473683,1,1,0,0,0,0,0,0,Low Risk
Customer_00375,1,2026-08-05,Premium,high_value,25,194,4,12,100,100,100,100.0,18.6,17.0,-9.41176470588236,1,1,0,0,0,0,0,0,Low Risk
Customer_00376,4,2026-08-01,Premium,high_value,22,225,21,50,100,75,75,87.5,22.0,,,1,1,0,1,1,0,0,45,Medium Risk
Customer_00376,4,2026-08-02,Premium,high_value,18,196,8,21,100,100,100,100.0,20.0,22.0,9.090909090909092,1,1,0,0,0,0,0,0,Low Risk
Customer_00376,4,2026-08-03,Premium,high_value,14,186,1,36,100,100,75,95.0,18.0,20.0,10.0,1,1,0,0,0,0,0,0,Low Risk
Customer_00376,4,2026-08-04,Premium,high_value,21,219,24,12,100,75,100,92.5,18.75,18.0,-4.166666666666666,1,1,0,1,0,0,0,25,Low Risk
Customer_00376,4,2026-08-05,Premium,high_value,14,192,30,49,100,75,75,87.5,17.8,18.75,5.066666666666663,1,1,0,1,1,0,0,45,Medium Risk
Customer_00377,5,2026-08-01,Premium,high_value,14,245,19,15,100,75,100,92.5,14.0,,,1,1,0,0,0,0,0,0,Low Risk
Customer_00377,5,2026-08-02,Premium,high_value,21,225,8,27,100,100,100,100.0,17.5,14.0,-25.0,1,1,0,0,0,0,0,0,Low Risk
Customer_00377,5,2026-08-03,Premium,high_value,17,235,25,49,100,75,75,87.5,17.333333333333332,17.5,0.9523809523809592,1,1,0,1,1,0,0,45,Medium Risk
Customer_00377,5,2026-08-04,Premium,high_value,14,206,11,48,100,75,75,87.5,16.5,17.333333333333332,4.807692307692301,1,1,0,0,1,0,0,20,Low Risk
Customer_00377,5,2026-08-05,Premium,high_value,13,228,23,45,100,75,75,87.5,15.8,16.5,4.242424242424238,1,1,0,1,1,0,0,45,Medium Risk
Customer_00378,7,2026-08-01,Premium,high_value,20,206,20,12,100,75,100,92.5,20.0,,,1,1,0,0,0,0,0,0,Low Risk
Customer_00378,7,2026-08-02,Premium,high_value,11,175,2,37,100,100,75,95.0,15.5,20.0,22.5,1,1,0,0,0,0,0,0,Low Risk
Customer_00378,7,2026-08-03,Premium,high_value,18,170,26,21,100,75,100,92.5,16.333333333333332,15.5,-5.376344086021498,1,1,0,1,0,0,0,25,Low Risk
Customer_00378,7,2026-08-04,Premium,high_value,11,160,1,46,100,100,75,95.0,15.0,16.333333333333332,8.163265306122442,1,1,0,0,1,0,0,20,Low Risk
Customer_00378,7,2026-08-05,Premium,high_value,13,228,5,19,100,100,100,100.0,14.6,15.0,2.6666666666666687,1,1,0,0,0,0,0,0,Low Risk
Customer_00379,5,2026-08-01,Standard,mid_value,10,118,10,17,100,100,100,100.0,10.0,,,1,1,0,0,0,0,0,0,Low Risk
Customer_00379,5,2026-08-02,Standard,mid_value,10,120,15,22,100,75,100,92.5,10.0,10.0,0.0,1,1,0,0,0,0,0,0,Low Risk
Customer_00379,5,2026-08-03,Standard,mid_value,13,111,26,16,100,75,100,92.5,11.0,10.0,-10.0,1,1,0,1,0,0,0,25,Low Risk
Customer_00379,5,2026-08-04,Standard,mid_value,13,99,16,37,75,75,75,75.0,11.5,11.0,-4.545454545454546,1,1,0,0,0,0,0,0,Low Risk
Customer_00379,5,2026-08-05,Standard,mid_value,12,89,28,15,75,75,100,80.0,11.6,11.5,-0.8695652173913012,1,1,0,1,0,0,0,25,Low Risk
Customer_00380,6,2026-08-01,Premium,high_value,12,211,3,17,100,100,100,100.0,12.0,,,0,0,0,0,0,0,0,0,Low Risk
Customer_00380,6,2026-08-02,Premium,high_value,16,220,2,22,100,100,100,100.0,14.0,12.0,-16.666666666666664,0,0,0,0,0,0,0,0,Low Risk
Customer_00380,6,2026-08-03,Premium,high_value,21,174,10,11,100,100,100,100.0,16.333333333333332,14.0,-16.666666666666657,0,0,0,0,0,0,0,0,Low Risk
Customer_00380,6,2026-08-04,Premium,high_value,14,185,10,22,100,100,100,100.0,15.75,16.333333333333332,3.571428571428564,0,0,0,0,0,0,0,0,Low Risk
Customer_00380,6,2026-08-05,Premium,high_value,10,216,14,40,100,75,75,87.5,14.6,15.75,7.301587301587303,0,0,0,0,0,0,0,0,Low Risk
Customer_00381,5,2026-08-01,Premium,high_value,15,170,29,16,100,75,100,92.5,15.0,,,1,1,0,1,0,0,0,25,Low Risk
Customer_00381,5,2026-08-02,Premium,high_value,23,160,13,28,100,75,100,92.5,19.0,15.0,-26.666666666666668,1,1,0,0,0,0,0,0,Low Risk
Customer_00381,5,2026-08-03,Premium,high_value,24,215,5,35,100,100,75,95.0,20.666666666666668,19.0,-8.77192982456141,1,1,0,0,0,0,0,0,Low Risk
Customer_00381,5,2026-08-04,Premium,high_value,25,166,21,27,100,75,100,92.5,21.75,20.666666666666668,-5.241935483870962,1,1,0,1,0,0,0,25,Low Risk
Customer_00381,5,2026-08-05,Premium,high_value,23,222,4,50,100,100,75,95.0,22.0,21.75,-1.1494252873563218,1,1,0,0,1,0,0,20,Low Risk
Customer_00382,10,2026-08-01,Premium,high_value,22,172,4,24,100,100,100,100.0,22.0,,,0,0,0,0,0,0,0,0,Low Risk
Customer_00382,10,2026-08-02,Premium,high_value,17,206,7,32,100,100,75,95.0,19.5,22.0,11.363636363636363,0,0,0,0,0,0,0,0,Low Risk
Customer_00382,10,2026-08-03,Premium,high_value,25,211,16,19,100,75,100,92.5,21.33333333333333,19.5,-9.401709401709397,0,0,0,0,0,0,0,0,Low Risk
Customer_00382,10,2026-08-04,Premium,high_value,25,154,6,48,100,100,75,95.0,22.25,21.33333333333333,-4.296875000000005,0,0,0,0,1,0,0,20,Low Risk
Customer_00382,10,2026-08-05,Premium,high_value,20,228,26,15,100,75,100,92.5,21.8,22.25,2.0224719101123565,0,0,0,1,0,0,0,25,Low Risk
Customer_00383,7,2026-08-01,Premium,high_value,18,206,15,28,100,75,100,92.5,18.0,,,0,0,0,0,0,0,0,0,Low Risk
Customer_00383,7,2026-08-02,Premium,high_value,16,153,17,42,100,75,75,87.5,17.0,18.0,5.555555555555555,0,0,0,0,1,0,0,20,Low Risk
Customer_00383,7,2026-08-03,Premium,high_value,11,208,12,42,100,75,75,87.5,15.0,17.0,11.76470588235294,0,0,0,0,1,0,0,20,Low Risk
Customer_00383,7,2026-08-04,Premium,high_value,24,208,21,24,100,75,100,92.5,17.25,15.0,-15.0,0,0,0,1,0,0,0,25,Low Risk
Customer_00383,7,2026-08-05,Premium,high_value,15,246,22,37,100,75,75,87.5,16.8,17.25,2.608695652173909,0,0,0,1,0,0,0,25,Low Risk
Customer_00384,8,2026-08-01,Premium,high_value,11,153,17,34,100,75,75,87.5,11.0,,,1,1,0,0,0,0,0,0,Low Risk
Customer_00384,8,2026-08-02,Premium,high_value,14,211,18,24,100,75,100,92.5,12.5,11.0,-13.636363636363637,1,1,0,0,0,0,0,0,Low Risk
Customer_00384,8,2026-08-03,Premium,high_value,24,226,18,19,100,75,100,92.5,16.333333333333332,12.5,-30.666666666666657,1,1,0,0,0,0,0,0,Low Risk
Customer_00384,8,2026-08-04,Premium,high_value,23,187,25,15,100,75,100,92.5,18.0,16.333333333333332,-10.20408163265307,1,1,0,1,0,0,0,25,Low Risk
Customer_00384,8,2026-08-05,Premium,high_value,17,154,22,15,100,75,100,92.5,17.8,18.0,1.1111111111111072,1,1,0,1,0,0,0,25,Low Risk
Customer_00385,4,2026-08-01,Premium,high_value,18,215,29,24,100,75,100,92.5,18.0,,,1,1,0,1,0,0,0,25,Low Risk
Customer_00385,4,2026-08-02,Premium,high_value,15,238,11,38,100,75,75,87.5,16.5,18.0,8.333333333333332,1,1,0,0,0,0,0,0,Low Risk
Customer_00385,4,2026-08-03,Premium,high_value,15,201,20,47,100,75,75,87.5,16.0,16.5,3.0303030303030303,1,1,0,0,1,0,0,20,Low Risk
Customer_00385,4,2026-08-04,Premium,high_value,15,194,4,35,100,100,75,95.0,15.75,16.0,1.5625,1,1,0,0,0,0,0,0,Low Risk
Customer_00385,4,2026-08-05,Premium,high_value,17,181,21,26,100,75,100,92.5,16.0,15.75,-1.5873015873015872,1,1,0,1,0,0,0,25,Low Risk
Customer_00386,8,2026-08-01,Premium,high_value,23,172,30,18,100,75,100,92.5,23.0,,,0,0,0,1,0,0,0,25,Low Risk
Customer_00386,8,2026-08-02,Premium,high_value,14,207,29,39,100,75,75,87.5,18.5,23.0,19.565217391304348,0,0,0,1,0,0,0,25,Low Risk
Customer_00386,8,2026-08-03,Premium,high_value,19,156,4,37,100,100,75,95.0,18.666666666666668,18.5,-0.9009009009009074,0,0,0,0,0,0,0,0,Low Risk
Customer_00386,8,2026-08-04,Premium,high_value,23,246,21,41,100,75,75,87.5,19.75,18.666666666666668,-5.803571428571422,0,0,0,1,1,0,0,45,Medium Risk
Customer_00386,8,2026-08-05,Premium,high_value,17,167,13,11,100,75,100,92.5,19.2,19.75,2.784810126582282,0,0,0,0,0,0,0,0,Low Risk
Customer_00387,2,2026-08-01,Standard,mid_value,13,82,19,33,75,75,75,75.0,13.0,,,0,0,0,0,0,0,0,0,Low Risk
Customer_00387,2,2026-08-02,Standard,mid_value,6,106,15,49,100,75,75,87.5,9.5,13.0,26.923076923076923,0,0,0,0,1,0,0,20,Low Risk
Customer_00387,2,2026-08-03,Standard,mid_value,7,106,27,49,100,75,75,87.5,8.666666666666666,9.5,8.77192982456141,0,0,0,1,1,0,0,45,Medium Risk
Customer_00387,2,2026-08-04,Standard,mid_value,13,99,28,10,75,75,100,80.0,9.75,8.666666666666666,-12.500000000000009,0,0,0,1,0,0,0,25,Low Risk
Customer_00387,2,2026-08-05,Standard,mid_value,8,90,13,44,75,75,75,75.0,9.4,9.75,3.589743589743586,0,0,0,0,1,0,0,20,Low Risk
Customer_00388,8,2026-08-01,Premium,high_value,15,204,6,25,100,100,100,100.0,15.0,,,1,1,0,0,0,0,0,0,Low Risk
Customer_00388,8,2026-08-02,Premium,high_value,15,174,24,14,100,75,100,92.5,15.0,15.0,0.0,1,1,0,1,0,0,0,25,Low Risk
Customer_00388,8,2026-08-03,Premium,high_value,24,236,17,11,100,75,100,92.5,18.0,15.0,-20.0,1,1,0,0,0,0,0,0,Low Risk
Customer_00388,8,2026-08-04,Premium,high_value,24,187,5,48,100,100,75,95.0,19.5,18.0,-8.333333333333332,1,1,0,0,1,0,0,20,Low Risk
Customer_00388,8,2026-08-05,Premium,high_value,22,218,16,24,100,75,100,92.5,20.0,19.5,-2.564102564102564,1,1,0,0,0,0,0,0,Low Risk
Customer_00389,10,2026-08-01,Standard,mid_value,12,102,29,36,100,75,75,87.5,12.0,,,1,1,0,1,0,0,0,25,Low Risk
Customer_00389,10,2026-08-02,Standard,mid_value,14,86,14,33,75,75,75,75.0,13.0,12.0,-8.333333333333332,1,1,0,0,0,0,0,0,Low Risk
Customer_00389,10,2026-08-03,Standard,mid_value,12,98,18,50,75,75,75,75.0,12.666666666666666,13.0,2.5641025641025683,1,1,0,0,1,0,0,20,Low Risk
Customer_00389,10,2026-08-04,Standard,mid_value,6,102,7,48,100,100,75,95.0,11.0,12.666666666666666,13.157894736842104,1,1,0,0,1,0,0,20,Low Risk
Customer_00389,10,2026-08-05,Standard,mid_value,13,111,30,29,100,75,100,92.5,11.4,11.0,-3.63636363636364,1,1,0,1,0,0,0,25,Low Risk
Customer_00390,9,2026-08-01,Premium,high_value,23,193,19,22,100,75,100,92.5,23.0,,,0,0,0,0,0,0,0,0,Low Risk
Customer_00390,9,2026-08-02,Premium,high_value,23,192,0,19,100,100,100,100.0,23.0,23.0,0.0,0,0,0,0,0,0,0,0,Low Risk
Customer_00390,9,2026-08-03,Premium,high_value,16,241,23,48,100,75,75,87.5,20.666666666666668,23.0,10.14492753623188,0,0,0,1,1,0,0,45,Medium Risk
Customer_00390,9,2026-08-04,Premium,high_value,16,205,15,14,100,75,100,92.5,19.5,20.666666666666668,5.645161290322586,0,0,0,0,0,0,0,0,Low Risk
Customer_00390,9,2026-08-05,Premium,high_value,12,246,28,16,100,75,100,92.5,18.0,19.5,7.6923076923076925,0,0,0,1,0,0,0,25,Low Risk
Customer_00391,3,2026-08-01,Premium,high_value,22,250,13,36,100,75,75,87.5,22.0,,,1,1,0,0,0,0,0,0,Low Risk
Customer_00391,3,2026-08-02,Premium,high_value,24,245,24,32,100,75,75,87.5,23.0,22.0,-4.545454545454546,1,1,0,1,0,0,0,25,Low Risk
Customer_00391,3,2026-08-03,Premium,high_value,18,160,26,48,100,75,75,87.5,21.33333333333333,23.0,7.246376811594208,1,1,0,1,1,0,0,45,Medium Risk
Customer_00391,3,2026-08-04,Premium,high_value,24,208,27,28,100,75,100,92.5,22.0,21.33333333333333,-3.1250000000000053,1,1,0,1,0,0,0,25,Low Risk
Customer_00391,3,2026-08-05,Premium,high_value,13,190,11,43,100,75,75,87.5,20.2,22.0,8.181818181818185,1,1,0,0,1,0,0,20,Low Risk
Customer_00392,10,2026-08-01,Premium,high_value,16,224,19,11,100,75,100,92.5,16.0,,,1,1,0,0,0,0,0,0,Low Risk
Customer_00392,10,2026-08-02,Premium,high_value,10,238,1,34,100,100,75,95.0,13.0,16.0,18.75,1,1,0,0,0,0,0,0,Low Risk
Customer_00392,10,2026-08-03,Premium,high_value,18,159,28,48,100,75,75,87.5,14.666666666666666,13.0,-12.820512820512816,1,1,0,1,1,0,0,45,Medium Risk
Customer_00392,10,2026-08-04,Premium,high_value,12,170,11,25,100,75,100,92.5,14.0,14.666666666666666,4.545454545454541,1,1,0,0,0,0,0,0,Low Risk
Customer_00392,10,2026-08-05,Premium,high_value,22,247,14,42,100,75,75,87.5,15.6,14.0,-11.428571428571423,1,1,0,0,1,0,0,20,Low Risk
Customer_00393,2,2026-08-01,Premium,high_value,15,193,14,25,100,75,100,92.5,15.0,,,0,0,0,0,0,0,0,0,Low Risk
Customer_00393,2,2026-08-02,Premium,high_value,16,194,12,42,100,75,75,87.5,15.5,15.0,-3.333333333333333,0,0,0,0,1,0,0,20,Low Risk
Customer_00393,2,2026-08-03,Premium,high_value,21,219,5,18,100,100,100,100.0,17.333333333333332,15.5,-11.827956989247305,0,0,0,0,0,0,0,0,Low Risk
Customer_00393,2,2026-08-04,Premium,high_value,16,215,5,43,100,100,75,95.0,17.0,17.333333333333332,1.923076923076916,0,0,0,0,1,0,0,20,Low Risk
Customer_00393,2,2026-08-05,Premium,high_value,22,161,9,45,100,100,75,95.0,18.0,17.0,-5.88235294117647,0,0,0,0,1,0,0,20,Low Risk
Customer_00394,5,2026-08-01,Premium,high_value,20,214,19,19,100,75,100,92.5,20.0,,,0,0,0,0,0,0,0,0,Low Risk
Customer_00394,5,2026-08-02,Premium,high_value,21,200,20,47,100,75,75,87.5,20.5,20.0,-2.5,0,0,0,0,1,0,0,20,Low Risk
Customer_00394,5,2026-08-03,Premium,high_value,24,161,16,49,100,75,75,87.5,21.666666666666668,20.5,-5.691056910569111,0,0,0,0,1,0,0,20,Low Risk
Customer_00394,5,2026-08-04,Premium,high_value,20,193,28,37,100,75,75,87.5,21.25,21.666666666666668,1.9230769230769285,0,0,0,1,0,0,0,25,Low Risk
Customer_00394,5,2026-08-05,Premium,high_value,24,158,5,12,100,100,100,100.0,21.8,21.25,-2.5882352941176507,0,0,0,0,0,0,0,0,Low Risk
Customer_00395,5,2026-08-01,Premium,high_value,19,155,22,27,100,75,100,92.5,19.0,,,0,0,0,1,0,0,0,25,Low Risk
Customer_00395,5,2026-08-02,Premium,high_value,20,185,1,24,100,100,100,100.0,19.5,19.0,-2.631578947368421,0,0,0,0,0,0,0,0,Low Risk
Customer_00395,5,2026-08-03,Premium,high_value,19,153,9,39,100,100,75,95.0,19.33333333333333,19.5,0.8547008547008609,0,0,0,0,0,0,0,0,Low Risk
Customer_00395,5,2026-08-04,Premium,high_value,15,216,28,21,100,75,100,92.5,18.25,19.33333333333333,5.603448275862063,0,0,0,1,0,0,0,25,Low Risk
Customer_00395,5,2026-08-05,Premium,high_value,16,184,2,44,100,100,75,95.0,17.8,18.25,2.4657534246575303,0,0,0,0,1,0,0,20,Low Risk
Customer_00396,6,2026-08-01,Premium,high_value,11,169,7,16,100,100,100,100.0,11.0,,,1,1,0,0,0,0,0,0,Low Risk
Customer_00396,6,2026-08-02,Premium,high_value,25,241,1,29,100,100,100,100.0,18.0,11.0,-63.63636363636363,1,1,0,0,0,0,0,0,Low Risk
Customer_00396,6,2026-08-03,Premium,high_value,24,230,19,19,100,75,100,92.5,20.0,18.0,-11.11111111111111,1,1,0,0,0,0,0,0,Low Risk
Customer_00396,6,2026-08-04,Premium,high_value,21,228,12,44,100,75,75,87.5,20.25,20.0,-1.25,1,1,0,0,1,0,0,20,Low Risk
Customer_00396,6,2026-08-05,Premium,high_value,13,220,18,27,100,75,100,92.5,18.8,20.25,7.16049382716049,1,1,0,0,0,0,0,0,Low Risk
Customer_00397,10,2026-08-01,Premium,high_value,13,156,14,25,100,75,100,92.5,13.0,,,1,1,0,0,0,0,0,0,Low Risk
Customer_00397,10,2026-08-02,Premium,high_value,21,233,19,41,100,75,75,87.5,17.0,13.0,-30.76923076923077,1,1,0,0,1,0,0,20,Low Risk
Customer_00397,10,2026-08-03,Premium,high_value,18,233,14,35,100,75,75,87.5,17.333333333333332,17.0,-1.9607843137254832,1,1,0,0,0,0,0,0,Low Risk
Customer_00397,10,2026-08-04,Premium,high_value,11,152,9,26,100,100,100,100.0,15.75,17.333333333333332,9.134615384615378,1,1,0,0,0,0,0,0,Low Risk
Customer_00397,10,2026-08-05,Premium,high_value,12,182,21,47,100,75,75,87.5,15.0,15.75,4.761904761904762,1,1,0,1,1,0,0,45,Medium Risk
Customer_00398,6,2026-08-01,Premium,high_value,10,191,27,43,100,75,75,87.5,10.0,,,1,1,0,1,1,0,0,45,Medium Risk
Customer_00398,6,2026-08-02,Premium,high_value,12,185,28,31,100,75,75,87.5,11.0,10.0,-10.0,1,1,0,1,0,0,0,25,Low Risk
Customer_00398,6,2026-08-03,Premium,high_value,25,176,13,43,100,75,75,87.5,15.666666666666666,11.0,-42.42424242424242,1,1,0,0,1,0,0,20,Low Risk
Customer_00398,6,2026-08-04,Premium,high_value,11,212,1,23,100,100,100,100.0,14.5,15.666666666666666,7.446808510638295,1,1,0,0,0,0,0,0,Low Risk
Customer_00398,6,2026-08-05,Premium,high_value,23,212,16,20,100,75,100,92.5,16.2,14.5,-11.72413793103448,1,1,0,0,0,0,0,0,Low Risk
Customer_00399,5,2026-08-01,Premium,high_value,15,167,30,32,100,75,75,87.5,15.0,,,1,1,0,1,0,0,0,25,Low Risk
Customer_00399,5,2026-08-02,Premium,high_value,18,216,3,40,100,100,75,95.0,16.5,15.0,-10.0,1,1,0,0,0,0,0,0,Low Risk
Customer_00399,5,2026-08-03,Premium,high_value,19,195,12,32,100,75,75,87.5,17.333333333333332,16.5,-5.050505050505043,1,1,0,0,0,0,0,0,Low Risk
Customer_00399,5,2026-08-04,Premium,high_value,20,249,23,43,100,75,75,87.5,18.0,17.333333333333332,-3.846153846153853,1,1,0,1,1,0,0,45,Medium Risk
Customer_00399,5,2026-08-05,Premium,high_value,25,170,15,38,100,75,75,87.5,19.4,18.0,-7.77777777777777,1,1,0,0,0,0,0,0,Low Risk
Customer_00400,1,2026-08-01,Premium,high_value,15,240,4,38,100,100,75,95.0,15.0,,,1,1,0,0,0,0,0,0,Low Risk
Customer_00400,1,2026-08-02,Premium,high_value,15,173,26,28,100,75,100,92.5,15.0,15.0,0.0,1,1,0,1,0,0,0,25,Low Risk
Customer_00400,1,2026-08-03,Premium,high_value,15,231,3,49,100,100,75,95.0,15.0,15.0,0.0,1,1,0,0,1,0,0,20,Low Risk
Customer_00400,1,2026-08-04,Premium,high_value,20,167,2,36,100,100,75,95.0,16.25,15.0,-8.333333333333332,1,1,0,0,0,0,0,0,Low Risk
Customer_00400,1,2026-08-05,Premium,high_value,16,238,5,32,100,100,75,95.0,16.2,16.25,0.3076923076923121,1,1,0,0,0,0,0,0,Low Risk
Customer_00401,2,2026-08-01,Standard,mid_value,11,96,12,18,75,75,100,80.0,11.0,,,0,0,0,0,0,0,0,0,Low Risk
Customer_00401,2,2026-08-02,Standard,mid_value,11,82,20,26,75,75,100,80.0,11.0,11.0,0.0,0,0,0,0,0,0,0,0,Low Risk
Customer_00401,2,2026-08-03,Standard,mid_value,14,91,14,47,75,75,75,75.0,12.0,11.0,-9.090909090909092,0,0,0,0,1,0,0,20,Low Risk
Customer_00401,2,2026-08-04,Standard,mid_value,6,93,1,40,75,100,75,82.5,10.5,12.0,12.5,0,0,0,0,0,0,0,0,Low Risk
Customer_00401,2,2026-08-05,Standard,mid_value,7,109,23,40,100,75,75,87.5,9.8,10.5,6.66666666666666,0,0,0,1,0,0,0,25,Low Risk
Customer_00402,10,2026-08-01,Premium,high_value,15,242,25,40,100,75,75,87.5,15.0,,,1,1,0,1,0,0,0,25,Low Risk
Customer_00402,10,2026-08-02,Premium,high_value,10,172,26,36,100,75,75,87.5,12.5,15.0,16.666666666666664,1,1,0,1,0,0,0,25,Low Risk
Customer_00402,10,2026-08-03,Premium,high_value,19,194,20,34,100,75,75,87.5,14.666666666666666,12.5,-17.33333333333333,1,1,0,0,0,0,0,0,Low Risk
Customer_00402,10,2026-08-04,Premium,high_value,21,245,24,30,100,75,100,92.5,16.25,14.666666666666666,-10.79545454545455,1,1,0,1,0,0,0,25,Low Risk
Customer_00402,10,2026-08-05,Premium,high_value,19,219,22,32,100,75,75,87.5,16.8,16.25,-3.3846153846153886,1,1,0,1,0,0,0,25,Low Risk
Customer_00403,2,2026-08-01,Premium,high_value,21,179,21,26,100,75,100,92.5,21.0,,,1,1,0,1,0,0,0,25,Low Risk
Customer_00403,2,2026-08-02,Premium,high_value,24,208,26,42,100,75,75,87.5,22.5,21.0,-7.142857142857142,1,1,0,1,1,0,0,45,Medium Risk
Customer_00403,2,2026-08-03,Premium,high_value,14,168,17,48,100,75,75,87.5,19.666666666666668,22.5,12.592592592592588,1,1,0,0,1,0,0,20,Low Risk
Customer_00403,2,2026-08-04,Premium,high_value,14,175,17,34,100,75,75,87.5,18.25,19.666666666666668,7.20338983050848,1,1,0,0,0,0,0,0,Low Risk
Customer_00403,2,2026-08-05,Premium,high_value,20,221,25,24,100,75,100,92.5,18.6,18.25,-1.9178082191780896,1,1,0,1,0,0,0,25,Low Risk
Customer_00404,2,2026-08-01,Premium,high_value,12,169,12,43,100,75,75,87.5,12.0,,,1,1,0,0,1,0,0,20,Low Risk
Customer_00404,2,2026-08-02,Premium,high_value,20,168,1,11,100,100,100,100.0,16.0,12.0,-33.33333333333333,1,1,0,0,0,0,0,0,Low Risk
Customer_00404,2,2026-08-03,Premium,high_value,22,160,21,11,100,75,100,92.5,18.0,16.0,-12.5,1,1,0,1,0,0,0,25,Low Risk
Customer_00404,2,2026-08-04,Premium,high_value,19,206,30,41,100,75,75,87.5,18.25,18.0,-1.3888888888888888,1,1,0,1,1,0,0,45,Medium Risk
Customer_00404,2,2026-08-05,Premium,high_value,25,210,28,44,100,75,75,87.5,19.6,18.25,-7.397260273972611,1,1,0,1,1,0,0,45,Medium Risk
Customer_00405,9,2026-08-01,Premium,high_value,19,157,22,19,100,75,100,92.5,19.0,,,1,1,0,1,0,0,0,25,Low Risk
Customer_00405,9,2026-08-02,Premium,high_value,19,250,20,14,100,75,100,92.5,19.0,19.0,0.0,1,1,0,0,0,0,0,0,Low Risk
Customer_00405,9,2026-08-03,Premium,high_value,17,230,11,48,100,75,75,87.5,18.33333333333333,19.0,3.5087719298245674,1,1,0,0,1,0,0,20,Low Risk
Customer_00405,9,2026-08-04,Premium,high_value,13,164,15,24,100,75,100,92.5,17.0,18.33333333333333,7.272727272727267,1,1,0,0,0,0,0,0,Low Risk
Customer_00405,9,2026-08-05,Premium,high_value,13,222,26,28,100,75,100,92.5,16.2,17.0,4.70588235294118,1,1,0,1,0,0,0,25,Low Risk
Customer_00406,1,2026-08-01,Premium,high_value,20,162,30,14,100,75,100,92.5,20.0,,,1,1,0,1,0,0,0,25,Low Risk
Customer_00406,1,2026-08-02,Premium,high_value,14,206,19,24,100,75,100,92.5,17.0,20.0,15.0,1,1,0,0,0,0,0,0,Low Risk
Customer_00406,1,2026-08-03,Premium,high_value,11,150,21,15,100,75,100,92.5,15.0,17.0,11.76470588235294,1,1,0,1,0,0,0,25,Low Risk
Customer_00406,1,2026-08-04,Premium,high_value,20,224,14,33,100,75,75,87.5,16.25,15.0,-8.333333333333332,1,1,0,0,0,0,0,0,Low Risk
Customer_00406,1,2026-08-05,Premium,high_value,15,250,29,26,100,75,100,92.5,16.0,16.25,1.5384615384615383,1,1,0,1,0,0,0,25,Low Risk
Customer_00407,9,2026-08-01,Premium,high_value,12,219,3,19,100,100,100,100.0,12.0,,,0,0,0,0,0,0,0,0,Low Risk
Customer_00407,9,2026-08-02,Premium,high_value,20,229,30,22,100,75,100,92.5,16.0,12.0,-33.33333333333333,0,0,0,1,0,0,0,25,Low Risk
Customer_00407,9,2026-08-03,Premium,high_value,24,161,22,11,100,75,100,92.5,18.666666666666668,16.0,-16.666666666666675,0,0,0,1,0,0,0,25,Low Risk
Customer_00407,9,2026-08-04,Premium,high_value,20,171,13,42,100,75,75,87.5,19.0,18.666666666666668,-1.7857142857142794,0,0,0,0,1,0,0,20,Low Risk
Customer_00407,9,2026-08-05,Premium,high_value,18,183,15,19,100,75,100,92.5,18.8,19.0,1.0526315789473648,0,0,0,0,0,0,0,0,Low Risk
Customer_00408,4,2026-08-01,Premium,high_value,18,193,2,22,100,100,100,100.0,18.0,,,0,0,0,0,0,0,0,0,Low Risk
Customer_00408,4,2026-08-02,Premium,high_value,22,163,13,48,100,75,75,87.5,20.0,18.0,-11.11111111111111,0,0,0,0,1,0,0,20,Low Risk
Customer_00408,4,2026-08-03,Premium,high_value,14,216,0,19,100,100,100,100.0,18.0,20.0,10.0,0,0,0,0,0,0,0,0,Low Risk
Customer_00408,4,2026-08-04,Premium,high_value,21,215,22,18,100,75,100,92.5,18.75,18.0,-4.166666666666666,0,0,0,1,0,0,0,25,Low Risk
Customer_00408,4,2026-08-05,Premium,high_value,14,217,19,20,100,75,100,92.5,17.8,18.75,5.066666666666663,0,0,0,0,0,0,0,0,Low Risk
Customer_00409,5,2026-08-01,Premium,high_value,23,212,2,11,100,100,100,100.0,23.0,,,1,1,0,0,0,0,0,0,Low Risk
Customer_00409,5,2026-08-02,Premium,high_value,12,155,8,28,100,100,100,100.0,17.5,23.0,23.91304347826087,1,1,0,0,0,0,0,0,Low Risk
Customer_00409,5,2026-08-03,Premium,high_value,18,171,12,36,100,75,75,87.5,17.666666666666668,17.5,-0.9523809523809592,1,1,0,0,0,0,0,0,Low Risk
Customer_00409,5,2026-08-04,Premium,high_value,17,182,23,39,100,75,75,87.5,17.5,17.666666666666668,0.9433962264151008,1,1,0,1,0,0,0,25,Low Risk
Customer_00409,5,2026-08-05,Premium,high_value,15,214,16,25,100,75,100,92.5,17.0,17.5,2.857142857142857,1,1,0,0,0,0,0,0,Low Risk
Customer_00410,1,2026-08-01,Premium,high_value,21,169,22,43,100,75,75,87.5,21.0,,,1,1,0,1,1,0,0,45,Medium Risk
Customer_00410,1,2026-08-02,Premium,high_value,15,189,2,12,100,100,100,100.0,18.0,21.0,14.285714285714285,1,1,0,0,0,0,0,0,Low Risk
Customer_00410,1,2026-08-03,Premium,high_value,15,204,15,45,100,75,75,87.5,17.0,18.0,5.555555555555555,1,1,0,0,1,0,0,20,Low Risk
Customer_00410,1,2026-08-04,Premium,high_value,21,197,24,22,100,75,100,92.5,18.0,17.0,-5.88235294117647,1,1,0,1,0,0,0,25,Low Risk
Customer_00410,1,2026-08-05,Premium,high_value,19,209,3,49,100,100,75,95.0,18.2,18.0,-1.1111111111111072,1,1,0,0,1,0,0,20,Low Risk
Customer_00411,6,2026-08-01,Premium,high_value,17,179,10,45,100,100,75,95.0,17.0,,,0,0,0,0,1,0,0,20,Low Risk
Customer_00411,6,2026-08-02,Premium,high_value,12,237,5,25,100,100,100,100.0,14.5,17.0,14.705882352941178,0,0,0,0,0,0,0,0,Low Risk
Customer_00411,6,2026-08-03,Premium,high_value,15,209,12,13,100,75,100,92.5,14.666666666666666,14.5,-1.1494252873563178,0,0,0,0,0,0,0,0,Low Risk
Customer_00411,6,2026-08-04,Premium,high_value,12,160,10,29,100,100,100,100.0,14.0,14.666666666666666,4.545454545454541,0,0,0,0,0,0,0,0,Low Risk
Customer_00411,6,2026-08-05,Premium,high_value,13,189,14,43,100,75,75,87.5,13.8,14.0,1.4285714285714235,0,0,0,0,1,0,0,20,Low Risk
Customer_00412,3,2026-08-01,Premium,high_value,18,201,18,12,100,75,100,92.5,18.0,,,1,1,0,0,0,0,0,0,Low Risk
Customer_00412,3,2026-08-02,Premium,high_value,23,197,0,13,100,100,100,100.0,20.5,18.0,-13.88888888888889,1,1,0,0,0,0,0,0,Low Risk
Customer_00412,3,2026-08-03,Premium,high_value,16,196,3,45,100,100,75,95.0,19.0,20.5,7.317073170731707,1,1,0,0,1,0,0,20,Low Risk
Customer_00412,3,2026-08-04,Premium,high_value,12,180,3,39,100,100,75,95.0,17.25,19.0,9.210526315789473,1,1,0,0,0,0,0,0,Low Risk
Customer_00412,3,2026-08-05,Premium,high_value,10,152,21,40,100,75,75,87.5,15.8,17.25,8.40579710144927,1,1,0,1,0,0,0,25,Low Risk
Customer_00413,10,2026-08-01,Standard,mid_value,8,83,17,16,75,75,100,80.0,8.0,,,1,1,0,0,0,0,0,0,Low Risk
Customer_00413,10,2026-08-02,Standard,mid_value,11,96,3,48,75,100,75,82.5,9.5,8.0,-18.75,1,1,0,0,1,0,0,20,Low Risk
Customer_00413,10,2026-08-03,Standard,mid_value,14,118,14,47,100,75,75,87.5,11.0,9.5,-15.789473684210526,1,1,0,0,1,0,0,20,Low Risk
Customer_00413,10,2026-08-04,Standard,mid_value,7,101,1,33,100,100,75,95.0,10.0,11.0,9.090909090909092,1,1,0,0,0,0,0,0,Low Risk
Customer_00413,10,2026-08-05,Standard,mid_value,11,109,25,38,100,75,75,87.5,10.2,10.0,-1.999999999999993,1,1,0,1,0,0,0,25,Low Risk
Customer_00414,8,2026-08-01,Premium,high_value,18,206,28,32,100,75,75,87.5,18.0,,,0,0,0,1,0,0,0,25,Low Risk
Customer_00414,8,2026-08-02,Premium,high_value,14,245,22,28,100,75,100,92.5,16.0,18.0,11.11111111111111,0,0,0,1,0,0,0,25,Low Risk
Customer_00414,8,2026-08-03,Premium,high_value,12,154,19,11,100,75,100,92.5,14.666666666666666,16.0,8.333333333333337,0,0,0,0,0,0,0,0,Low Risk
Customer_00414,8,2026-08-04,Premium,high_value,22,191,27,29,100,75,100,92.5,16.5,14.666666666666666,-12.500000000000004,0,0,0,1,0,0,0,25,Low Risk
Customer_00414,8,2026-08-05,Premium,high_value,17,216,26,45,100,75,75,87.5,16.6,16.5,-0.6060606060606146,0,0,0,1,1,0,0,45,Medium Risk
Customer_00415,8,2026-08-01,Premium,high_value,14,222,21,42,100,75,75,87.5,14.0,,,1,1,0,1,1,0,0,45,Medium Risk
Customer_00415,8,2026-08-02,Premium,high_value,21,153,9,46,100,100,75,95.0,17.5,14.0,-25.0,1,1,0,0,1,0,0,20,Low Risk
Customer_00415,8,2026-08-03,Premium,high_value,24,241,1,33,100,100,75,95.0,19.666666666666668,17.5,-12.380952380952388,1,1,0,0,0,0,0,0,Low Risk
Customer_00415,8,2026-08-04,Premium,high_value,15,173,20,25,100,75,100,92.5,18.5,19.666666666666668,5.932203389830514,1,1,0,0,0,0,0,0,Low Risk
Customer_00415,8,2026-08-05,Premium,high_value,22,171,2,11,100,100,100,100.0,19.2,18.5,-3.78378378378378,1,1,0,0,0,0,0,0,Low Risk
Customer_00416,6,2026-08-01,Premium,high_value,17,156,25,37,100,75,75,87.5,17.0,,,1,1,0,1,0,0,0,25,Low Risk
Customer_00416,6,2026-08-02,Premium,high_value,23,157,20,43,100,75,75,87.5,20.0,17.0,-17.647058823529413,1,1,0,0,1,0,0,20,Low Risk
Customer_00416,6,2026-08-03,Premium,high_value,16,229,17,50,100,75,75,87.5,18.666666666666668,20.0,6.666666666666661,1,1,0,0,1,0,0,20,Low Risk
Customer_00416,6,2026-08-04,Premium,high_value,17,205,13,37,100,75,75,87.5,18.25,18.666666666666668,2.2321428571428634,1,1,0,0,0,0,0,0,Low Risk
Customer_00416,6,2026-08-05,Premium,high_value,23,152,21,16,100,75,100,92.5,19.2,18.25,-5.205479452054791,1,1,0,1,0,0,0,25,Low Risk
Customer_00417,9,2026-08-01,Premium,high_value,10,166,24,38,100,75,75,87.5,10.0,,,0,0,0,1,0,0,0,25,Low Risk
Customer_00417,9,2026-08-02,Premium,high_value,18,220,17,32,100,75,75,87.5,14.0,10.0,-40.0,0,0,0,0,0,0,0,0,Low Risk
Customer_00417,9,2026-08-03,Premium,high_value,16,178,25,17,100,75,100,92.5,14.666666666666666,14.0,-4.761904761904757,0,0,0,1,0,0,0,25,Low Risk
Customer_00417,9,2026-08-04,Premium,high_value,18,162,29,30,100,75,100,92.5,15.5,14.666666666666666,-5.681818181818186,0,0,0,1,0,0,0,25,Low Risk
Customer_00417,9,2026-08-05,Premium,high_value,22,220,15,33,100,75,75,87.5,16.8,15.5,-8.387096774193553,0,0,0,0,0,0,0,0,Low Risk
Customer_00418,6,2026-08-01,Standard,mid_value,6,105,14,33,100,75,75,87.5,6.0,,,0,0,0,0,0,0,0,0,Low Risk
Customer_00418,6,2026-08-02,Standard,mid_value,10,111,2,22,100,100,100,100.0,8.0,6.0,-33.33333333333333,0,0,0,0,0,0,0,0,Low Risk
Customer_00418,6,2026-08-03,Standard,mid_value,10,97,22,23,75,75,100,80.0,8.666666666666666,8.0,-8.333333333333325,0,0,0,1,0,0,0,25,Low Risk
Customer_00418,6,2026-08-04,Standard,mid_value,14,116,22,35,100,75,75,87.5,10.0,8.666666666666666,-15.384615384615394,0,0,0,1,0,0,0,25,Low Risk
Customer_00418,6,2026-08-05,Standard,mid_value,11,90,26,32,75,75,75,75.0,10.2,10.0,-1.999999999999993,0,0,0,1,0,0,0,25,Low Risk
Customer_00419,3,2026-08-01,Premium,high_value,21,170,16,33,100,75,75,87.5,21.0,,,1,1,0,0,0,0,0,0,Low Risk
Customer_00419,3,2026-08-02,Premium,high_value,13,168,15,36,100,75,75,87.5,17.0,21.0,19.047619047619047,1,1,0,0,0,0,0,0,Low Risk
Customer_00419,3,2026-08-03,Premium,high_value,24,220,24,22,100,75,100,92.5,19.33333333333333,17.0,-13.725490196078423,1,1,0,1,0,0,0,25,Low Risk
Customer_00419,3,2026-08-04,Premium,high_value,13,171,26,47,100,75,75,87.5,17.75,19.33333333333333,8.189655172413786,1,1,0,1,1,0,0,45,Medium Risk
Customer_00419,3,2026-08-05,Premium,high_value,11,165,23,31,100,75,75,87.5,16.4,17.75,7.605633802816909,1,1,0,1,0,0,0,25,Low Risk
Customer_00420,1,2026-08-01,Premium,high_value,25,173,6,36,100,100,75,95.0,25.0,,,0,0,0,0,0,0,0,0,Low Risk
Customer_00420,1,2026-08-02,Premium,high_value,10,233,2,14,100,100,100,100.0,17.5,25.0,30.0,0,0,1,0,0,0,0,30,Low Risk
Customer_00420,1,2026-08-03,Premium,high_value,23,205,19,31,100,75,75,87.5,19.33333333333333,17.5,-10.47619047619047,0,0,0,0,0,0,0,0,Low Risk
Customer_00420,1,2026-08-04,Premium,high_value,13,171,4,33,100,100,75,95.0,17.75,19.33333333333333,8.189655172413786,0,0,0,0,0,0,0,0,Low Risk
Customer_00420,1,2026-08-05,Premium,high_value,17,151,2,36,100,100,75,95.0,17.6,17.75,0.8450704225352033,0,0,0,0,0,0,0,0,Low Risk
Customer_00421,7,2026-08-01,Standard,mid_value,11,96,18,12,75,75,100,80.0,11.0,,,1,1,0,0,0,0,0,0,Low Risk
Customer_00421,7,2026-08-02,Standard,mid_value,7,109,17,27,100,75,100,92.5,9.0,11.0,18.181818181818183,1,1,0,0,0,0,0,0,Low Risk
Customer_00421,7,2026-08-03,Standard,mid_value,13,112,30,44,100,75,75,87.5,10.333333333333334,9.0,-14.814814814814822,1,1,0,1,1,0,0,45,Medium Risk
Customer_00421,7,2026-08-04,Standard,mid_value,15,109,27,28,100,75,100,92.5,11.5,10.333333333333334,-11.290322580645157,1,1,0,1,0,0,0,25,Low Risk
Customer_00421,7,2026-08-05,Standard,mid_value,15,94,12,43,75,75,75,75.0,12.2,11.5,-6.086956521739125,1,1,0,0,1,0,0,20,Low Risk
Customer_00422,10,2026-08-01,Premium,high_value,20,241,28,16,100,75,100,92.5,20.0,,,1,1,0,1,0,0,0,25,Low Risk
Customer_00422,10,2026-08-02,Premium,high_value,24,233,23,27,100,75,100,92.5,22.0,20.0,-10.0,1,1,0,1,0,0,0,25,Low Risk
Customer_00422,10,2026-08-03,Premium,high_value,24,153,27,46,100,75,75,87.5,22.666666666666668,22.0,-3.030303030303036,1,1,0,1,1,0,0,45,Medium Risk
Customer_00422,10,2026-08-04,Premium,high_value,17,243,5,48,100,100,75,95.0,21.25,22.666666666666668,6.250000000000005,1,1,0,0,1,0,0,20,Low Risk
Customer_00422,10,2026-08-05,Premium,high_value,11,220,4,39,100,100,75,95.0,19.2,21.25,9.647058823529417,1,1,0,0,0,0,0,0,Low Risk
Customer_00423,10,2026-08-01,Premium,high_value,14,212,3,34,100,100,75,95.0,14.0,,,0,0,0,0,0,0,0,0,Low Risk
Customer_00423,10,2026-08-02,Premium,high_value,15,188,21,46,100,75,75,87.5,14.5,14.0,-3.571428571428571,0,0,0,1,1,0,0,45,Medium Risk
Customer_00423,10,2026-08-03,Premium,high_value,18,234,1,27,100,100,100,100.0,15.666666666666666,14.5,-8.045977011494248,0,0,0,0,0,0,0,0,Low Risk
Customer_00423,10,2026-08-04,Premium,high_value,20,224,17,35,100,75,75,87.5,16.75,15.666666666666666,-6.914893617021281,0,0,0,0,0,0,0,0,Low Risk
Customer_00423,10,2026-08-05,Premium,high_value,16,212,18,18,100,75,100,92.5,16.6,16.75,0.8955223880596931,0,0,0,0,0,0,0,0,Low Risk
Customer_00424,3,2026-08-01,Premium,high_value,22,151,13,22,100,75,100,92.5,22.0,,,1,1,0,0,0,0,0,0,Low Risk
Customer_00424,3,2026-08-02,Premium,high_value,23,167,12,49,100,75,75,87.5,22.5,22.0,-2.272727272727273,1,1,0,0,1,0,0,20,Low Risk
Customer_00424,3,2026-08-03,Premium,high_value,20,224,4,49,100,100,75,95.0,21.666666666666668,22.5,3.703703703703699,1,1,0,0,1,0,0,20,Low Risk
Customer_00424,3,2026-08-04,Premium,high_value,16,162,14,35,100,75,75,87.5,20.25,21.666666666666668,6.538461538461543,1,1,0,0,0,0,0,0,Low Risk
Customer_00424,3,2026-08-05,Premium,high_value,23,238,17,16,100,75,100,92.5,20.8,20.25,-2.716049382716053,1,1,0,0,0,0,0,0,Low Risk
Customer_00425,1,2026-08-01,Premium,high_value,15,192,3,14,100,100,100,100.0,15.0,,,1,1,0,0,0,0,0,0,Low Risk
Customer_00425,1,2026-08-02,Premium,high_value,25,228,13,44,100,75,75,87.5,20.0,15.0,-33.33333333333333,1,1,0,0,1,0,0,20,Low Risk
Customer_00425,1,2026-08-03,Premium,high_value,18,193,25,35,100,75,75,87.5,19.33333333333333,20.0,3.33333333333334,1,1,0,1,0,0,0,25,Low Risk
Customer_00425,1,2026-08-04,Premium,high_value,21,205,14,45,100,75,75,87.5,19.75,19.33333333333333,-2.15517241379311,1,1,0,0,1,0,0,20,Low Risk
Customer_00425,1,2026-08-05,Premium,high_value,15,197,8,15,100,100,100,100.0,18.8,19.75,4.810126582278477,1,1,0,0,0,0,0,0,Low Risk
Customer_00426,1,2026-08-01,Premium,high_value,21,175,20,45,100,75,75,87.5,21.0,,,0,0,0,0,1,0,0,20,Low Risk
Customer_00426,1,2026-08-02,Premium,high_value,12,164,17,20,100,75,100,92.5,16.5,21.0,21.428571428571427,0,0,0,0,0,0,0,0,Low Risk
Customer_00426,1,2026-08-03,Premium,high_value,16,195,10,20,100,100,100,100.0,16.333333333333332,16.5,1.0101010101010173,0,0,0,0,0,0,0,0,Low Risk
Customer_00426,1,2026-08-04,Premium,high_value,14,151,4,40,100,100,75,95.0,15.75,16.333333333333332,3.571428571428564,0,0,0,0,0,0,0,0,Low Risk
Customer_00426,1,2026-08-05,Premium,high_value,16,204,5,26,100,100,100,100.0,15.8,15.75,-0.317460317460322,0,0,0,0,0,0,0,0,Low Risk
Customer_00427,7,2026-08-01,Basic,low_value,5,53,4,14,75,100,100,87.5,5.0,,,1,1,0,0,0,0,0,0,Low Risk
Customer_00427,7,2026-08-02,Basic,low_value,5,54,1,31,75,100,75,82.5,5.0,5.0,0.0,1,1,0,0,0,0,0,0,Low Risk
Customer_00427,7,2026-08-03,Basic,low_value,4,41,4,20,50,100,100,75.0,4.666666666666667,5.0,6.666666666666661,1,1,0,0,0,0,0,0,Low Risk
Customer_00427,7,2026-08-04,Basic,low_value,2,59,22,38,75,75,75,75.0,4.0,4.666666666666667,14.28571428571429,1,1,0,1,0,0,0,25,Low Risk
Customer_00427,7,2026-08-05,Basic,low_value,3,52,8,37,75,100,75,82.5,3.8,4.0,5.000000000000004,1,1,0,0,0,0,0,0,Low Risk
Customer_00428,1,2026-08-01,Standard,mid_value,6,106,28,15,100,75,100,92.5,6.0,,,1,1,0,1,0,0,0,25,Low Risk
Customer_00428,1,2026-08-02,Standard,mid_value,10,92,11,18,75,75,100,80.0,8.0,6.0,-33.33333333333333,1,1,0,0,0,0,0,0,Low Risk
Customer_00428,1,2026-08-03,Standard,mid_value,11,100,9,21,100,100,100,100.0,9.0,8.0,-12.5,1,1,0,0,0,0,0,0,Low Risk
Customer_00428,1,2026-08-04,Standard,mid_value,9,80,29,21,75,75,100,80.0,9.0,9.0,0.0,1,1,0,1,0,0,0,25,Low Risk
Customer_00428,1,2026-08-05,Standard,mid_value,13,86,21,43,75,75,75,75.0,9.8,9.0,-8.888888888888896,1,1,0,1,1,0,0,45,Medium Risk
Customer_00429,3,2026-08-01,Premium,high_value,25,164,12,16,100,75,100,92.5,25.0,,,0,0,0,0,0,0,0,0,Low Risk
Customer_00429,3,2026-08-02,Premium,high_value,11,247,16,47,100,75,75,87.5,18.0,25.0,28.000000000000004,0,0,0,0,1,0,0,20,Low Risk
Customer_00429,3,2026-08-03,Premium,high_value,17,227,26,18,100,75,100,92.5,17.666666666666668,18.0,1.8518518518518448,0,0,0,1,0,0,0,25,Low Risk
Customer_00429,3,2026-08-04,Premium,high_value,11,182,20,41,100,75,75,87.5,16.0,17.666666666666668,9.43396226415095,0,0,0,0,1,0,0,20,Low Risk
Customer_00429,3,2026-08-05,Premium,high_value,14,176,1,24,100,100,100,100.0,15.6,16.0,2.500000000000002,0,0,0,0,0,0,0,0,Low Risk
Customer_00430,7,2026-08-01,Basic,low_value,2,41,7,31,50,100,75,70.0,2.0,,,1,1,0,0,0,0,0,0,Low Risk
Customer_00430,7,2026-08-02,Basic,low_value,1,43,25,39,50,75,75,62.5,1.5,2.0,25.0,1,1,0,1,0,0,0,25,Low Risk
Customer_00430,7,2026-08-03,Basic,low_value,1,60,22,47,75,75,75,75.0,1.3333333333333333,1.5,11.111111111111116,1,1,0,1,1,0,0,45,Medium Risk
Customer_00430,7,2026-08-04,Basic,low_value,4,43,11,27,50,75,100,67.5,2.0,1.3333333333333333,-50.000000000000014,1,1,0,0,0,0,0,0,Low Risk
Customer_00430,7,2026-08-05,Basic,low_value,4,55,15,29,75,75,100,80.0,2.4,2.0,-20.0,1,1,0,0,0,0,0,0,Low Risk
Customer_00431,10,2026-08-01,Premium,high_value,22,199,5,37,100,100,75,95.0,22.0,,,1,1,0,0,0,0,0,0,Low Risk
Customer_00431,10,2026-08-02,Premium,high_value,18,177,14,43,100,75,75,87.5,20.0,22.0,9.090909090909092,1,1,0,0,1,0,0,20,Low Risk
Customer_00431,10,2026-08-03,Premium,high_value,20,182,4,43,100,100,75,95.0,20.0,20.0,0.0,1,1,0,0,1,0,0,20,Low Risk
Customer_00431,10,2026-08-04,Premium,high_value,23,160,3,14,100,100,100,100.0,20.75,20.0,-3.75,1,1,0,0,0,0,0,0,Low Risk
Customer_00431,10,2026-08-05,Premium,high_value,22,152,10,35,100,100,75,95.0,21.0,20.75,-1.2048192771084338,1,1,0,0,0,0,0,0,Low Risk
Customer_00432,3,2026-08-01,Premium,high_value,19,232,15,43,100,75,75,87.5,19.0,,,1,1,0,0,1,0,0,20,Low Risk
Customer_00432,3,2026-08-02,Premium,high_value,20,224,10,10,100,100,100,100.0,19.5,19.0,-2.631578947368421,1,1,0,0,0,0,0,0,Low Risk
Customer_00432,3,2026-08-03,Premium,high_value,19,218,11,17,100,75,100,92.5,19.33333333333333,19.5,0.8547008547008609,1,1,0,0,0,0,0,0,Low Risk
Customer_00432,3,2026-08-04,Premium,high_value,14,214,16,13,100,75,100,92.5,18.0,19.33333333333333,6.896551724137925,1,1,0,0,0,0,0,0,Low Risk
Customer_00432,3,2026-08-05,Premium,high_value,23,179,21,32,100,75,75,87.5,19.0,18.0,-5.555555555555555,1,1,0,1,0,0,0,25,Low Risk
Customer_00433,10,2026-08-01,Standard,mid_value,7,82,7,47,75,100,75,82.5,7.0,,,1,1,0,0,1,0,0,20,Low Risk
Customer_00433,10,2026-08-02,Standard,mid_value,8,117,12,36,100,75,75,87.5,7.5,7.0,-7.142857142857142,1,1,0,0,0,0,0,0,Low Risk
Customer_00433,10,2026-08-03,Standard,mid_value,8,105,28,14,100,75,100,92.5,7.666666666666667,7.5,-2.2222222222222263,1,1,0,1,0,0,0,25,Low Risk
Customer_00433,10,2026-08-04,Standard,mid_value,13,102,27,32,100,75,75,87.5,9.0,7.666666666666667,-17.391304347826082,1,1,0,1,0,0,0,25,Low Risk
Customer_00433,10,2026-08-05,Standard,mid_value,6,88,15,47,75,75,75,75.0,8.4,9.0,6.666666666666663,1,1,0,0,1,0,0,20,Low Risk
Customer_00434,2,2026-08-01,Premium,high_value,12,215,26,49,100,75,75,87.5,12.0,,,1,1,0,1,1,0,0,45,Medium Risk
Customer_00434,2,2026-08-02,Premium,high_value,20,249,11,41,100,75,75,87.5,16.0,12.0,-33.33333333333333,1,1,0,0,1,0,0,20,Low Risk
Customer_00434,2,2026-08-03,Premium,high_value,17,164,9,43,100,100,75,95.0,16.333333333333332,16.0,-2.083333333333326,1,1,0,0,1,0,0,20,Low Risk
Customer_00434,2,2026-08-04,Premium,high_value,18,154,26,31,100,75,75,87.5,16.75,16.333333333333332,-2.551020408163273,1,1,0,1,0,0,0,25,Low Risk
Customer_00434,2,2026-08-05,Premium,high_value,22,247,11,35,100,75,75,87.5,17.8,16.75,-6.268656716417914,1,1,0,0,0,0,0,0,Low Risk
Customer_00435,10,2026-08-01,Premium,high_value,24,169,1,29,100,100,100,100.0,24.0,,,1,1,0,0,0,0,0,0,Low Risk
Customer_00435,10,2026-08-02,Premium,high_value,10,232,1,19,100,100,100,100.0,17.0,24.0,29.166666666666668,1,1,0,0,0,0,0,0,Low Risk
Customer_00435,10,2026-08-03,Premium,high_value,13,185,24,46,100,75,75,87.5,15.666666666666666,17.0,7.843137254901965,1,1,0,1,1,0,0,45,Medium Risk
Customer_00435,10,2026-08-04,Premium,high_value,12,208,16,20,100,75,100,92.5,14.75,15.666666666666666,5.851063829787231,1,1,0,0,0,0,0,0,Low Risk
Customer_00435,10,2026-08-05,Premium,high_value,16,223,19,34,100,75,75,87.5,15.0,14.75,-1.694915254237288,1,1,0,0,0,0,0,0,Low Risk
Customer_00436,4,2026-08-01,Basic,low_value,4,52,9,17,75,100,100,87.5,4.0,,,0,0,0,0,0,0,0,0,Low Risk
Customer_00436,4,2026-08-02,Basic,low_value,5,43,1,13,50,100,100,75.0,4.5,4.0,-12.5,0,0,0,0,0,0,0,0,Low Risk
Customer_00436,4,2026-08-03,Basic,low_value,3,43,18,10,50,75,100,67.5,4.0,4.5,11.11111111111111,0,0,0,0,0,0,0,0,Low Risk
Customer_00436,4,2026-08-04,Basic,low_value,3,46,13,34,50,75,75,62.5,3.75,4.0,6.25,0,0,0,0,0,0,0,0,Low Risk
Customer_00436,4,2026-08-05,Basic,low_value,4,60,19,38,75,75,75,75.0,3.8,3.75,-1.3333333333333286,0,0,0,0,0,0,0,0,Low Risk
Customer_00437,9,2026-08-01,Premium,high_value,20,202,7,34,100,100,75,95.0,20.0,,,1,1,0,0,0,0,0,0,Low Risk
Customer_00437,9,2026-08-02,Premium,high_value,13,173,16,12,100,75,100,92.5,16.5,20.0,17.5,1,1,0,0,0,0,0,0,Low Risk
Customer_00437,9,2026-08-03,Premium,high_value,10,154,27,23,100,75,100,92.5,14.333333333333334,16.5,13.131313131313128,1,1,0,1,0,0,0,25,Low Risk
Customer_00437,9,2026-08-04,Premium,high_value,20,189,17,10,100,75,100,92.5,15.75,14.333333333333334,-9.883720930232553,1,1,0,0,0,0,0,0,Low Risk
Customer_00437,9,2026-08-05,Premium,high_value,23,216,24,50,100,75,75,87.5,17.2,15.75,-9.206349206349202,1,1,0,1,1,0,0,45,Medium Risk
Customer_00438,10,2026-08-01,Premium,high_value,15,156,4,35,100,100,75,95.0,15.0,,,0,0,0,0,0,0,0,0,Low Risk
Customer_00438,10,2026-08-02,Premium,high_value,19,223,3,18,100,100,100,100.0,17.0,15.0,-13.333333333333334,0,0,0,0,0,0,0,0,Low Risk
Customer_00438,10,2026-08-03,Premium,high_value,18,210,22,21,100,75,100,92.5,17.333333333333332,17.0,-1.9607843137254832,0,0,0,1,0,0,0,25,Low Risk
Customer_00438,10,2026-08-04,Premium,high_value,19,214,27,43,100,75,75,87.5,17.75,17.333333333333332,-2.403846153846161,0,0,0,1,1,0,0,45,Medium Risk
Customer_00438,10,2026-08-05,Premium,high_value,20,226,3,28,100,100,100,100.0,18.2,17.75,-2.535211267605629,0,0,0,0,0,0,0,0,Low Risk
Customer_00439,7,2026-08-01,Standard,mid_value,5,92,21,23,75,75,100,80.0,5.0,,,1,1,0,1,0,0,0,25,Low Risk
Customer_00439,7,2026-08-02,Standard,mid_value,9,117,17,38,100,75,75,87.5,7.0,5.0,-40.0,1,1,0,0,0,0,0,0,Low Risk
Customer_00439,7,2026-08-03,Standard,mid_value,11,104,24,25,100,75,100,92.5,8.333333333333334,7.0,-19.04761904761905,1,1,0,1,0,0,0,25,Low Risk
Customer_00439,7,2026-08-04,Standard,mid_value,13,97,15,30,75,75,100,80.0,9.5,8.333333333333334,-13.999999999999991,1,1,0,0,0,0,0,0,Low Risk
Customer_00439,7,2026-08-05,Standard,mid_value,15,80,1,30,75,100,100,87.5,10.6,9.5,-11.578947368421048,1,1,0,0,0,0,0,0,Low Risk
Customer_00440,2,2026-08-01,Basic,low_value,1,51,23,46,75,75,75,75.0,1.0,,,1,1,0,1,1,0,0,45,Medium Risk
Customer_00440,2,2026-08-02,Basic,low_value,3,60,28,33,75,75,75,75.0,2.0,1.0,-100.0,1,1,0,1,0,0,0,25,Low Risk
Customer_00440,2,2026-08-03,Basic,low_value,3,43,12,22,50,75,100,67.5,2.333333333333333,2.0,-16.666666666666675,1,1,0,0,0,0,0,0,Low Risk
Customer_00440,2,2026-08-04,Basic,low_value,3,44,6,40,50,100,75,70.0,2.5,2.333333333333333,-7.142857142857135,1,1,0,0,0,0,0,0,Low Risk
Customer_00440,2,2026-08-05,Basic,low_value,1,47,4,48,50,100,75,70.0,2.2,2.5,11.999999999999991,1,1,0,0,1,0,0,20,Low Risk
Customer_00441,1,2026-08-01,Standard,mid_value,14,93,0,36,75,100,75,82.5,14.0,,,0,0,0,0,0,0,0,0,Low Risk
Customer_00441,1,2026-08-02,Standard,mid_value,15,118,8,38,100,100,75,95.0,14.5,14.0,-3.571428571428571,0,0,0,0,0,0,0,0,Low Risk
Customer_00441,1,2026-08-03,Standard,mid_value,12,95,1,36,75,100,75,82.5,13.666666666666666,14.5,5.747126436781613,0,0,0,0,0,0,0,0,Low Risk
Customer_00441,1,2026-08-04,Standard,mid_value,7,112,5,25,100,100,100,100.0,12.0,13.666666666666666,12.195121951219509,0,0,0,0,0,0,0,0,Low Risk
Customer_00441,1,2026-08-05,Standard,mid_value,14,86,1,34,75,100,75,82.5,12.4,12.0,-3.333333333333336,0,0,0,0,0,0,0,0,Low Risk
Customer_00442,7,2026-08-01,Basic,low_value,3,40,14,26,50,75,100,67.5,3.0,,,1,1,0,0,0,0,0,0,Low Risk
Customer_00442,7,2026-08-02,Basic,low_value,1,58,2,48,75,100,75,82.5,2.0,3.0,33.33333333333333,1,1,1,0,1,0,0,50,Medium Risk
Customer_00442,7,2026-08-03,Basic,low_value,1,41,0,30,50,100,100,75.0,1.6666666666666667,2.0,16.666666666666664,1,1,0,0,0,0,0,0,Low Risk
Customer_00442,7,2026-08-04,Basic,low_value,2,60,1,11,75,100,100,87.5,1.75,1.6666666666666667,-4.999999999999996,1,1,0,0,0,0,0,0,Low Risk
Customer_00442,7,2026-08-05,Basic,low_value,4,57,7,45,75,100,75,82.5,2.2,1.75,-25.71428571428572,1,1,0,0,1,0,0,20,Low Risk
Customer_00443,3,2026-08-01,Standard,mid_value,8,80,24,30,75,75,100,80.0,8.0,,,1,1,0,1,0,0,0,25,Low Risk
Customer_00443,3,2026-08-02,Standard,mid_value,13,82,19,46,75,75,75,75.0,10.5,8.0,-31.25,1,1,0,0,1,0,0,20,Low Risk
Customer_00443,3,2026-08-03,Standard,mid_value,6,104,15,30,100,75,100,92.5,9.0,10.5,14.285714285714285,1,1,0,0,0,0,0,0,Low Risk
Customer_00443,3,2026-08-04,Standard,mid_value,13,97,2,25,75,100,100,87.5,10.0,9.0,-11.11111111111111,1,1,0,0,0,0,0,0,Low Risk
Customer_00443,3,2026-08-05,Standard,mid_value,12,114,27,45,100,75,75,87.5,10.4,10.0,-4.000000000000004,1,1,0,1,1,0,0,45,Medium Risk
Customer_00444,1,2026-08-01,Premium,high_value,14,159,7,34,100,100,75,95.0,14.0,,,1,1,0,0,0,0,0,0,Low Risk
Customer_00444,1,2026-08-02,Premium,high_value,18,219,14,22,100,75,100,92.5,16.0,14.0,-14.285714285714285,1,1,0,0,0,0,0,0,Low Risk
Customer_00444,1,2026-08-03,Premium,high_value,14,206,27,40,100,75,75,87.5,15.333333333333334,16.0,4.166666666666663,1,1,0,1,0,0,0,25,Low Risk
Customer_00444,1,2026-08-04,Premium,high_value,22,236,26,24,100,75,100,92.5,17.0,15.333333333333334,-10.8695652173913,1,1,0,1,0,0,0,25,Low Risk
Customer_00444,1,2026-08-05,Premium,high_value,17,177,0,33,100,100,75,95.0,17.0,17.0,0.0,1,1,0,0,0,0,0,0,Low Risk
Customer_00445,1,2026-08-01,Premium,high_value,16,203,24,46,100,75,75,87.5,16.0,,,0,0,0,1,1,0,0,45,Medium Risk
Customer_00445,1,2026-08-02,Premium,high_value,18,154,23,40,100,75,75,87.5,17.0,16.0,-6.25,0,0,0,1,0,0,0,25,Low Risk
Customer_00445,1,2026-08-03,Premium,high_value,14,164,24,16,100,75,100,92.5,16.0,17.0,5.88235294117647,0,0,0,1,0,0,0,25,Low Risk
Customer_00445,1,2026-08-04,Premium,high_value,24,157,2,45,100,100,75,95.0,18.0,16.0,-12.5,0,0,0,0,1,0,0,20,Low Risk
Customer_00445,1,2026-08-05,Premium,high_value,24,219,6,35,100,100,75,95.0,19.2,18.0,-6.666666666666663,0,0,0,0,0,0,0,0,Low Risk
Customer_00446,4,2026-08-01,Premium,high_value,14,236,20,21,100,75,100,92.5,14.0,,,1,1,0,0,0,0,0,0,Low Risk
Customer_00446,4,2026-08-02,Premium,high_value,12,234,5,40,100,100,75,95.0,13.0,14.0,7.142857142857142,1,1,0,0,0,0,0,0,Low Risk
Customer_00446,4,2026-08-03,Premium,high_value,17,215,25,12,100,75,100,92.5,14.333333333333334,13.0,-10.25641025641026,1,1,0,1,0,0,0,25,Low Risk
Customer_00446,4,2026-08-04,Premium,high_value,19,242,24,12,100,75,100,92.5,15.5,14.333333333333334,-8.139534883720925,1,1,0,1,0,0,0,25,Low Risk
Customer_00446,4,2026-08-05,Premium,high_value,12,248,10,13,100,100,100,100.0,14.8,15.5,4.5161290322580605,1,1,0,0,0,0,0,0,Low Risk
Customer_00447,5,2026-08-01,Basic,low_value,3,44,25,11,50,75,100,67.5,3.0,,,1,1,0,1,0,0,0,25,Low Risk
Customer_00447,5,2026-08-02,Basic,low_value,3,55,17,31,75,75,75,75.0,3.0,3.0,0.0,1,1,0,0,0,0,0,0,Low Risk
Customer_00447,5,2026-08-03,Basic,low_value,4,57,11,35,75,75,75,75.0,3.333333333333333,3.0,-11.111111111111116,1,1,0,0,0,0,0,0,Low Risk
Customer_00447,5,2026-08-04,Basic,low_value,2,55,4,42,75,100,75,82.5,3.0,3.333333333333333,10.000000000000004,1,1,0,0,1,0,0,20,Low Risk
Customer_00447,5,2026-08-05,Basic,low_value,2,44,6,18,50,100,100,75.0,2.8,3.0,6.666666666666672,1,1,0,0,0,0,0,0,Low Risk
Customer_00448,5,2026-08-01,Standard,mid_value,9,113,16,27,100,75,100,92.5,9.0,,,0,0,0,0,0,0,0,0,Low Risk
Customer_00448,5,2026-08-02,Standard,mid_value,11,108,27,12,100,75,100,92.5,10.0,9.0,-11.11111111111111,0,0,0,1,0,0,0,25,Low Risk
Customer_00448,5,2026-08-03,Standard,mid_value,9,107,14,30,100,75,100,92.5,9.666666666666666,10.0,3.33333333333334,0,0,0,0,0,0,0,0,Low Risk
Customer_00448,5,2026-08-04,Standard,mid_value,7,114,27,34,100,75,75,87.5,9.0,9.666666666666666,6.896551724137925,0,0,0,1,0,0,0,25,Low Risk
Customer_00448,5,2026-08-05,Standard,mid_value,5,105,12,20,100,75,100,92.5,8.2,9.0,8.888888888888896,0,0,0,0,0,0,0,0,Low Risk
Customer_00449,2,2026-08-01,Premium,high_value,14,222,27,35,100,75,75,87.5,14.0,,,1,1,0,1,0,0,0,25,Low Risk
Customer_00449,2,2026-08-02,Premium,high_value,10,197,2,34,100,100,75,95.0,12.0,14.0,14.285714285714285,1,1,0,0,0,0,0,0,Low Risk
Customer_00449,2,2026-08-03,Premium,high_value,16,246,15,36,100,75,75,87.5,13.333333333333334,12.0,-11.111111111111116,1,1,0,0,0,0,0,0,Low Risk
Customer_00449,2,2026-08-04,Premium,high_value,23,229,20,10,100,75,100,92.5,15.75,13.333333333333334,-18.124999999999996,1,1,0,0,0,0,0,0,Low Risk
Customer_00449,2,2026-08-05,Premium,high_value,13,200,10,28,100,100,100,100.0,15.2,15.75,3.4920634920634965,1,1,0,0,0,0,0,0,Low Risk
Customer_00450,5,2026-08-01,Premium,high_value,14,170,2,31,100,100,75,95.0,14.0,,,1,1,0,0,0,0,0,0,Low Risk
Customer_00450,5,2026-08-02,Premium,high_value,21,243,23,16,100,75,100,92.5,17.5,14.0,-25.0,1,1,0,1,0,0,0,25,Low Risk
Customer_00450,5,2026-08-03,Premium,high_value,21,246,21,20,100,75,100,92.5,18.666666666666668,17.5,-6.666666666666673,1,1,0,1,0,0,0,25,Low Risk
Customer_00450,5,2026-08-04,Premium,high_value,15,170,26,14,100,75,100,92.5,17.75,18.666666666666668,4.910714285714292,1,1,0,1,0,0,0,25,Low Risk
Customer_00450,5,2026-08-05,Premium,high_value,15,204,8,46,100,100,75,95.0,17.2,17.75,3.0985915492957785,1,1,0,0,1,0,0,20,Low Risk
Customer_00451,9,2026-08-01,Premium,high_value,23,157,25,43,100,75,75,87.5,23.0,,,1,1,0,1,1,0,0,45,Medium Risk
Customer_00451,9,2026-08-02,Premium,high_value,17,154,24,27,100,75,100,92.5,20.0,23.0,13.043478260869565,1,1,0,1,0,0,0,25,Low Risk
Customer_00451,9,2026-08-03,Premium,high_value,11,224,0,29,100,100,100,100.0,17.0,20.0,15.0,1,1,0,0,0,0,0,0,Low Risk
Customer_00451,9,2026-08-04,Premium,high_value,21,236,2,20,100,100,100,100.0,18.0,17.0,-5.88235294117647,1,1,0,0,0,0,0,0,Low Risk
Customer_00451,9,2026-08-05,Premium,high_value,11,165,13,16,100,75,100,92.5,16.6,18.0,7.77777777777777,1,1,0,0,0,0,0,0,Low Risk
Customer_00452,1,2026-08-01,Basic,low_value,3,53,11,17,75,75,100,80.0,3.0,,,1,1,0,0,0,0,0,0,Low Risk
Customer_00452,1,2026-08-02,Basic,low_value,4,49,8,27,50,100,100,75.0,3.5,3.0,-16.666666666666664,1,1,0,0,0,0,0,0,Low Risk
Customer_00452,1,2026-08-03,Basic,low_value,1,50,18,43,75,75,75,75.0,2.6666666666666665,3.5,23.809523809523814,1,1,0,0,1,0,0,20,Low Risk
Customer_00452,1,2026-08-04,Basic,low_value,2,52,13,40,75,75,75,75.0,2.5,2.6666666666666665,6.249999999999995,1,1,0,0,0,0,0,0,Low Risk
Customer_00452,1,2026-08-05,Basic,low_value,5,41,29,11,50,75,100,67.5,3.0,2.5,-20.0,1,1,0,1,0,0,0,25,Low Risk
Customer_00453,3,2026-08-01,Basic,low_value,4,56,4,12,75,100,100,87.5,4.0,,,1,1,0,0,0,0,0,0,Low Risk
Customer_00453,3,2026-08-02,Basic,low_value,2,51,22,48,75,75,75,75.0,3.0,4.0,25.0,1,1,0,1,1,0,0,45,Medium Risk
Customer_00453,3,2026-08-03,Basic,low_value,4,42,15,10,50,75,100,67.5,3.333333333333333,3.0,-11.111111111111116,1,1,0,0,0,0,0,0,Low Risk
Customer_00453,3,2026-08-04,Basic,low_value,2,44,5,49,50,100,75,70.0,3.0,3.333333333333333,10.000000000000004,1,1,0,0,1,0,0,20,Low Risk
Customer_00453,3,2026-08-05,Basic,low_value,5,55,3,38,75,100,75,82.5,3.4,3.0,-13.33333333333333,1,1,0,0,0,0,0,0,Low Risk
Customer_00454,3,2026-08-01,Premium,high_value,18,180,8,12,100,100,100,100.0,18.0,,,1,1,0,0,0,0,0,0,Low Risk
Customer_00454,3,2026-08-02,Premium,high_value,19,208,21,16,100,75,100,92.5,18.5,18.0,-2.7777777777777777,1,1,0,1,0,0,0,25,Low Risk
Customer_00454,3,2026-08-03,Premium,high_value,17,229,15,22,100,75,100,92.5,18.0,18.5,2.702702702702702,1,1,0,0,0,0,0,0,Low Risk
Customer_00454,3,2026-08-04,Premium,high_value,17,192,17,45,100,75,75,87.5,17.75,18.0,1.3888888888888888,1,1,0,0,1,0,0,20,Low Risk
Customer_00454,3,2026-08-05,Premium,high_value,12,228,21,43,100,75,75,87.5,16.6,17.75,6.478873239436611,1,1,0,1,1,0,0,45,Medium Risk
Customer_00455,8,2026-08-01,Premium,high_value,16,239,23,12,100,75,100,92.5,16.0,,,0,0,0,1,0,0,0,25,Low Risk
Customer_00455,8,2026-08-02,Premium,high_value,13,194,27,42,100,75,75,87.5,14.5,16.0,9.375,0,0,0,1,1,0,0,45,Medium Risk
Customer_00455,8,2026-08-03,Premium,high_value,23,247,11,46,100,75,75,87.5,17.333333333333332,14.5,-19.540229885057464,0,0,0,0,1,0,0,20,Low Risk
Customer_00455,8,2026-08-04,Premium,high_value,11,185,7,31,100,100,75,95.0,15.75,17.333333333333332,9.134615384615378,0,0,0,0,0,0,0,0,Low Risk
Customer_00455,8,2026-08-05,Premium,high_value,18,156,10,12,100,100,100,100.0,16.2,15.75,-2.8571428571428523,0,0,0,0,0,0,0,0,Low Risk
Customer_00456,2,2026-08-01,Premium,high_value,19,228,26,23,100,75,100,92.5,19.0,,,1,1,0,1,0,0,0,25,Low Risk
Customer_00456,2,2026-08-02,Premium,high_value,13,223,11,25,100,75,100,92.5,16.0,19.0,15.789473684210526,1,1,0,0,0,0,0,0,Low Risk
Customer_00456,2,2026-08-03,Premium,high_value,19,163,9,22,100,100,100,100.0,17.0,16.0,-6.25,1,1,0,0,0,0,0,0,Low Risk
Customer_00456,2,2026-08-04,Premium,high_value,20,179,26,43,100,75,75,87.5,17.75,17.0,-4.411764705882353,1,1,0,1,1,0,0,45,Medium Risk
Customer_00456,2,2026-08-05,Premium,high_value,11,180,3,31,100,100,75,95.0,16.4,17.75,7.605633802816909,1,1,0,0,0,0,0,0,Low Risk
Customer_00457,5,2026-08-01,Basic,low_value,5,58,6,35,75,100,75,82.5,5.0,,,1,1,0,0,0,0,0,0,Low Risk
Customer_00457,5,2026-08-02,Basic,low_value,1,52,11,24,75,75,100,80.0,3.0,5.0,40.0,1,1,1,0,0,0,0,30,Low Risk
Customer_00457,5,2026-08-03,Basic,low_value,2,59,0,44,75,100,75,82.5,2.6666666666666665,3.0,11.111111111111116,1,1,0,0,1,0,0,20,Low Risk
Customer_00457,5,2026-08-04,Basic,low_value,4,46,5,39,50,100,75,70.0,3.0,2.6666666666666665,-12.500000000000004,1,1,0,0,0,0,0,0,Low Risk
Customer_00457,5,2026-08-05,Basic,low_value,3,47,28,20,50,75,100,67.5,3.0,3.0,0.0,1,1,0,1,0,0,0,25,Low Risk
Customer_00458,4,2026-08-01,Premium,high_value,13,214,6,38,100,100,75,95.0,13.0,,,1,1,0,0,0,0,0,0,Low Risk
Customer_00458,4,2026-08-02,Premium,high_value,14,212,9,24,100,100,100,100.0,13.5,13.0,-3.8461538461538463,1,1,0,0,0,0,0,0,Low Risk
Customer_00458,4,2026-08-03,Premium,high_value,16,236,7,21,100,100,100,100.0,14.333333333333334,13.5,-6.172839506172844,1,1,0,0,0,0,0,0,Low Risk
Customer_00458,4,2026-08-04,Premium,high_value,24,205,29,20,100,75,100,92.5,16.75,14.333333333333334,-16.860465116279062,1,1,0,1,0,0,0,25,Low Risk
Customer_00458,4,2026-08-05,Premium,high_value,20,219,14,24,100,75,100,92.5,17.4,16.75,-3.880597014925365,1,1,0,0,0,0,0,0,Low Risk
Customer_00459,6,2026-08-01,Standard,mid_value,8,106,5,46,100,100,75,95.0,8.0,,,0,0,0,0,1,0,0,20,Low Risk
Customer_00459,6,2026-08-02,Standard,mid_value,6,93,15,33,75,75,75,75.0,7.0,8.0,12.5,0,0,0,0,0,0,0,0,Low Risk
Customer_00459,6,2026-08-03,Standard,mid_value,12,96,21,20,75,75,100,80.0,8.666666666666666,7.0,-23.8095238095238,0,0,0,1,0,0,0,25,Low Risk
Customer_00459,6,2026-08-04,Standard,mid_value,14,101,24,41,100,75,75,87.5,10.0,8.666666666666666,-15.384615384615394,0,0,0,1,1,0,0,45,Medium Risk
Customer_00459,6,2026-08-05,Standard,mid_value,6,100,26,29,100,75,100,92.5,9.2,10.0,8.000000000000007,0,0,0,1,0,0,0,25,Low Risk
Customer_00460,4,2026-08-01,Premium,high_value,11,234,24,33,100,75,75,87.5,11.0,,,0,0,0,1,0,0,0,25,Low Risk
Customer_00460,4,2026-08-02,Premium,high_value,13,221,16,21,100,75,100,92.5,12.0,11.0,-9.090909090909092,0,0,0,0,0,0,0,0,Low Risk
Customer_00460,4,2026-08-03,Premium,high_value,16,194,30,32,100,75,75,87.5,13.333333333333334,12.0,-11.111111111111116,0,0,0,1,0,0,0,25,Low Risk
Customer_00460,4,2026-08-04,Premium,high_value,16,158,3,25,100,100,100,100.0,14.0,13.333333333333334,-4.999999999999996,0,0,0,0,0,0,0,0,Low Risk
Customer_00460,4,2026-08-05,Premium,high_value,12,205,14,22,100,75,100,92.5,13.6,14.0,2.85714285714286,0,0,0,0,0,0,0,0,Low Risk
Customer_00461,8,2026-08-01,Basic,low_value,3,45,7,22,50,100,100,75.0,3.0,,,0,0,0,0,0,0,0,0,Low Risk
Customer_00461,8,2026-08-02,Basic,low_value,1,58,5,16,75,100,100,87.5,2.0,3.0,33.33333333333333,0,0,1,0,0,0,0,30,Low Risk
Customer_00461,8,2026-08-03,Basic,low_value,2,54,2,41,75,100,75,82.5,2.0,2.0,0.0,0,0,0,0,1,0,0,20,Low Risk
Customer_00461,8,2026-08-04,Basic,low_value,3,46,24,47,50,75,75,62.5,2.25,2.0,-12.5,0,0,0,1,1,0,0,45,Medium Risk
Customer_00461,8,2026-08-05,Basic,low_value,1,55,11,43,75,75,75,75.0,2.0,2.25,11.11111111111111,0,0,0,0,1,0,0,20,Low Risk
Customer_00462,6,2026-08-01,Premium,high_value,23,212,20,40,100,75,75,87.5,23.0,,,0,0,0,0,0,0,0,0,Low Risk
Customer_00462,6,2026-08-02,Premium,high_value,19,200,3,45,100,100,75,95.0,21.0,23.0,8.695652173913043,0,0,0,0,1,0,0,20,Low Risk
Customer_00462,6,2026-08-03,Premium,high_value,12,185,28,23,100,75,100,92.5,18.0,21.0,14.285714285714285,0,0,0,1,0,0,0,25,Low Risk
Customer_00462,6,2026-08-04,Premium,high_value,24,195,19,32,100,75,75,87.5,19.5,18.0,-8.333333333333332,0,0,0,0,0,0,0,0,Low Risk
Customer_00462,6,2026-08-05,Premium,high_value,19,151,10,47,100,100,75,95.0,19.4,19.5,0.5128205128205201,0,0,0,0,1,0,0,20,Low Risk
Customer_00463,6,2026-08-01,Premium,high_value,25,250,30,48,100,75,75,87.5,25.0,,,1,1,0,1,1,0,0,45,Medium Risk
Customer_00463,6,2026-08-02,Premium,high_value,24,227,12,45,100,75,75,87.5,24.5,25.0,2.0,1,1,0,0,1,0,0,20,Low Risk
Customer_00463,6,2026-08-03,Premium,high_value,21,162,27,37,100,75,75,87.5,23.33333333333333,24.5,4.761904761904766,1,1,0,1,0,0,0,25,Low Risk
Customer_00463,6,2026-08-04,Premium,high_value,22,150,18,42,100,75,75,87.5,23.0,23.33333333333333,1.4285714285714235,1,1,0,0,1,0,0,20,Low Risk
Customer_00463,6,2026-08-05,Premium,high_value,11,180,11,41,100,75,75,87.5,20.6,23.0,10.434782608695643,1,1,0,0,1,0,0,20,Low Risk
Customer_00464,9,2026-08-01,Premium,high_value,17,210,17,35,100,75,75,87.5,17.0,,,1,1,0,0,0,0,0,0,Low Risk
Customer_00464,9,2026-08-02,Premium,high_value,14,210,15,32,100,75,75,87.5,15.5,17.0,8.823529411764707,1,1,0,0,0,0,0,0,Low Risk
Customer_00464,9,2026-08-03,Premium,high_value,24,171,10,36,100,100,75,95.0,18.33333333333333,15.5,-18.27956989247311,1,1,0,0,0,0,0,0,Low Risk
Customer_00464,9,2026-08-04,Premium,high_value,14,198,16,15,100,75,100,92.5,17.25,18.33333333333333,5.909090909090903,1,1,0,0,0,0,0,0,Low Risk
Customer_00464,9,2026-08-05,Premium,high_value,14,239,7,42,100,100,75,95.0,16.6,17.25,3.768115942028978,1,1,0,0,1,0,0,20,Low Risk
Customer_00465,3,2026-08-01,Standard,mid_value,14,90,6,39,75,100,75,82.5,14.0,,,0,0,0,0,0,0,0,0,Low Risk
Customer_00465,3,2026-08-02,Standard,mid_value,12,109,11,43,100,75,75,87.5,13.0,14.0,7.142857142857142,0,0,0,0,1,0,0,20,Low Risk
Customer_00465,3,2026-08-03,Standard,mid_value,14,116,13,12,100,75,100,92.5,13.333333333333334,13.0,-2.5641025641025683,0,0,0,0,0,0,0,0,Low Risk
Customer_00465,3,2026-08-04,Standard,mid_value,7,103,3,14,100,100,100,100.0,11.75,13.333333333333334,11.875000000000004,0,0,0,0,0,0,0,0,Low Risk
Customer_00465,3,2026-08-05,Standard,mid_value,8,91,6,18,75,100,100,87.5,11.0,11.75,6.382978723404255,0,0,0,0,0,0,0,0,Low Risk
Customer_00466,2,2026-08-01,Standard,mid_value,6,119,9,10,100,100,100,100.0,6.0,,,1,1,0,0,0,0,0,0,Low Risk
Customer_00466,2,2026-08-02,Standard,mid_value,13,92,22,38,75,75,75,75.0,9.5,6.0,-58.333333333333336,1,1,0,1,0,0,0,25,Low Risk
Customer_00466,2,2026-08-03,Standard,mid_value,11,114,26,43,100,75,75,87.5,10.0,9.5,-5.263157894736842,1,1,0,1,1,0,0,45,Medium Risk
Customer_00466,2,2026-08-04,Standard,mid_value,8,106,11,38,100,75,75,87.5,9.5,10.0,5.0,1,1,0,0,0,0,0,0,Low Risk
Customer_00466,2,2026-08-05,Standard,mid_value,5,94,13,17,75,75,100,80.0,8.6,9.5,9.47368421052632,1,1,0,0,0,0,0,0,Low Risk
Customer_00467,8,2026-08-01,Standard,mid_value,6,111,22,28,100,75,100,92.5,6.0,,,1,1,0,1,0,0,0,25,Low Risk
Customer_00467,8,2026-08-02,Standard,mid_value,13,102,11,47,100,75,75,87.5,9.5,6.0,-58.333333333333336,1,1,0,0,1,0,0,20,Low Risk
Customer_00467,8,2026-08-03,Standard,mid_value,12,108,10,42,100,100,75,95.0,10.333333333333334,9.5,-8.77192982456141,1,1,0,0,1,0,0,20,Low Risk
Customer_00467,8,2026-08-04,Standard,mid_value,8,107,22,46,100,75,75,87.5,9.75,10.333333333333334,5.645161290322586,1,1,0,1,1,0,0,45,Medium Risk
Customer_00467,8,2026-08-05,Standard,mid_value,10,82,27,22,75,75,100,80.0,9.8,9.75,-0.5128205128205201,1,1,0,1,0,0,0,25,Low Risk
Customer_00468,2,2026-08-01,Premium,high_value,15,243,23,25,100,75,100,92.5,15.0,,,1,1,0,1,0,0,0,25,Low Risk
Customer_00468,2,2026-08-02,Premium,high_value,20,163,16,24,100,75,100,92.5,17.5,15.0,-16.666666666666664,1,1,0,0,0,0,0,0,Low Risk
Customer_00468,2,2026-08-03,Premium,high_value,11,222,4,48,100,100,75,95.0,15.333333333333334,17.5,12.380952380952378,1,1,0,0,1,0,0,20,Low Risk
Customer_00468,2,2026-08-04,Premium,high_value,24,249,4,39,100,100,75,95.0,17.5,15.333333333333334,-14.130434782608692,1,1,0,0,0,0,0,0,Low Risk
Customer_00468,2,2026-08-05,Premium,high_value,19,179,11,19,100,75,100,92.5,17.8,17.5,-1.7142857142857182,1,1,0,0,0,0,0,0,Low Risk
Customer_00469,7,2026-08-01,Premium,high_value,17,160,3,18,100,100,100,100.0,17.0,,,1,1,0,0,0,0,0,0,Low Risk
Customer_00469,7,2026-08-02,Premium,high_value,21,162,18,45,100,75,75,87.5,19.0,17.0,-11.76470588235294,1,1,0,0,1,0,0,20,Low Risk
Customer_00469,7,2026-08-03,Premium,high_value,13,163,20,19,100,75,100,92.5,17.0,19.0,10.526315789473683,1,1,0,0,0,0,0,0,Low Risk
Customer_00469,7,2026-08-04,Premium,high_value,20,201,7,31,100,100,75,95.0,17.75,17.0,-4.411764705882353,1,1,0,0,0,0,0,0,Low Risk
Customer_00469,7,2026-08-05,Premium,high_value,23,191,25,44,100,75,75,87.5,18.8,17.75,-5.9154929577464825,1,1,0,1,1,0,0,45,Medium Risk
Customer_00470,1,2026-08-01,Standard,mid_value,6,97,23,49,75,75,75,75.0,6.0,,,0,0,0,1,1,0,0,45,Medium Risk
Customer_00470,1,2026-08-02,Standard,mid_value,8,115,7,18,100,100,100,100.0,7.0,6.0,-16.666666666666664,0,0,0,0,0,0,0,0,Low Risk
Customer_00470,1,2026-08-03,Standard,mid_value,10,85,27,38,75,75,75,75.0,8.0,7.0,-14.285714285714285,0,0,0,1,0,0,0,25,Low Risk
Customer_00470,1,2026-08-04,Standard,mid_value,7,106,1,11,100,100,100,100.0,7.75,8.0,3.125,0,0,0,0,0,0,0,0,Low Risk
Customer_00470,1,2026-08-05,Standard,mid_value,11,83,24,46,75,75,75,75.0,8.4,7.75,-8.387096774193553,0,0,0,1,1,0,0,45,Medium Risk
Customer_00471,7,2026-08-01,Basic,low_value,1,57,13,26,75,75,100,80.0,1.0,,,1,1,0,0,0,0,0,0,Low Risk
Customer_00471,7,2026-08-02,Basic,low_value,3,52,16,44,75,75,75,75.0,2.0,1.0,-100.0,1,1,0,0,1,0,0,20,Low Risk
Customer_00471,7,2026-08-03,Basic,low_value,4,52,1,40,75,100,75,82.5,2.6666666666666665,2.0,-33.33333333333333,1,1,0,0,0,0,0,0,Low Risk
Customer_00471,7,2026-08-04,Basic,low_value,3,45,6,16,50,100,100,75.0,2.75,2.6666666666666665,-3.1250000000000053,1,1,0,0,0,0,0,0,Low Risk
Customer_00471,7,2026-08-05,Basic,low_value,4,49,9,44,50,100,75,70.0,3.0,2.75,-9.090909090909092,1,1,0,0,1,0,0,20,Low Risk
Customer_00472,5,2026-08-01,Standard,mid_value,12,120,18,25,100,75,100,92.5,12.0,,,1,1,0,0,0,0,0,0,Low Risk
Customer_00472,5,2026-08-02,Standard,mid_value,8,106,6,16,100,100,100,100.0,10.0,12.0,16.666666666666664,1,1,0,0,0,0,0,0,Low Risk
Customer_00472,5,2026-08-03,Standard,mid_value,7,97,25,21,75,75,100,80.0,9.0,10.0,10.0,1,1,0,1,0,0,0,25,Low Risk
Customer_00472,5,2026-08-04,Standard,mid_value,15,99,22,25,75,75,100,80.0,10.5,9.0,-16.666666666666664,1,1,0,1,0,0,0,25,Low Risk
Customer_00472,5,2026-08-05,Standard,mid_value,11,110,26,11,100,75,100,92.5,10.6,10.5,-0.952380952380949,1,1,0,1,0,0,0,25,Low Risk
Customer_00473,6,2026-08-01,Premium,high_value,16,218,11,34,100,75,75,87.5,16.0,,,1,1,0,0,0,0,0,0,Low Risk
Customer_00473,6,2026-08-02,Premium,high_value,23,205,13,18,100,75,100,92.5,19.5,16.0,-21.875,1,1,0,0,0,0,0,0,Low Risk
Customer_00473,6,2026-08-03,Premium,high_value,14,232,0,13,100,100,100,100.0,17.666666666666668,19.5,9.401709401709397,1,1,0,0,0,0,0,0,Low Risk
Customer_00473,6,2026-08-04,Premium,high_value,12,224,13,20,100,75,100,92.5,16.25,17.666666666666668,8.018867924528308,1,1,0,0,0,0,0,0,Low Risk
Customer_00473,6,2026-08-05,Premium,high_value,21,157,21,15,100,75,100,92.5,17.2,16.25,-5.846153846153842,1,1,0,1,0,0,0,25,Low Risk
Customer_00474,5,2026-08-01,Standard,mid_value,10,95,7,14,75,100,100,87.5,10.0,,,1,1,0,0,0,0,0,0,Low Risk
Customer_00474,5,2026-08-02,Standard,mid_value,6,100,29,29,100,75,100,92.5,8.0,10.0,20.0,1,1,0,1,0,0,0,25,Low Risk
Customer_00474,5,2026-08-03,Standard,mid_value,12,105,9,21,100,100,100,100.0,9.333333333333334,8.0,-16.666666666666675,1,1,0,0,0,0,0,0,Low Risk
Customer_00474,5,2026-08-04,Standard,mid_value,9,82,22,40,75,75,75,75.0,9.25,9.333333333333334,0.8928571428571492,1,1,0,1,0,0,0,25,Low Risk
Customer_00474,5,2026-08-05,Standard,mid_value,8,83,10,33,75,100,75,82.5,9.0,9.25,2.702702702702702,1,1,0,0,0,0,0,0,Low Risk
Customer_00475,5,2026-08-01,Premium,high_value,16,245,23,35,100,75,75,87.5,16.0,,,0,0,0,1,0,0,0,25,Low Risk
Customer_00475,5,2026-08-02,Premium,high_value,20,161,26,18,100,75,100,92.5,18.0,16.0,-12.5,0,0,0,1,0,0,0,25,Low Risk
Customer_00475,5,2026-08-03,Premium,high_value,23,224,2,46,100,100,75,95.0,19.666666666666668,18.0,-9.259259259259265,0,0,0,0,1,0,0,20,Low Risk
Customer_00475,5,2026-08-04,Premium,high_value,10,210,28,11,100,75,100,92.5,17.25,19.666666666666668,12.288135593220344,0,0,0,1,0,0,0,25,Low Risk
Customer_00475,5,2026-08-05,Premium,high_value,17,204,19,42,100,75,75,87.5,17.2,17.25,0.2898550724637722,0,0,0,0,1,0,0,20,Low Risk
Customer_00476,7,2026-08-01,Premium,high_value,10,249,7,46,100,100,75,95.0,10.0,,,1,1,0,0,1,0,0,20,Low Risk
Customer_00476,7,2026-08-02,Premium,high_value,14,201,1,35,100,100,75,95.0,12.0,10.0,-20.0,1,1,0,0,0,0,0,0,Low Risk
Customer_00476,7,2026-08-03,Premium,high_value,14,249,11,15,100,75,100,92.5,12.666666666666666,12.0,-5.55555555555555,1,1,0,0,0,0,0,0,Low Risk
Customer_00476,7,2026-08-04,Premium,high_value,23,210,28,19,100,75,100,92.5,15.25,12.666666666666666,-20.394736842105267,1,1,0,1,0,0,0,25,Low Risk
Customer_00476,7,2026-08-05,Premium,high_value,18,175,17,29,100,75,100,92.5,15.8,15.25,-3.6065573770491848,1,1,0,0,0,0,0,0,Low Risk
Customer_00477,8,2026-08-01,Premium,high_value,20,168,13,29,100,75,100,92.5,20.0,,,0,0,0,0,0,0,0,0,Low Risk
Customer_00477,8,2026-08-02,Premium,high_value,21,249,23,46,100,75,75,87.5,20.5,20.0,-2.5,0,0,0,1,1,0,0,45,Medium Risk
Customer_00477,8,2026-08-03,Premium,high_value,16,205,14,26,100,75,100,92.5,19.0,20.5,7.317073170731707,0,0,0,0,0,0,0,0,Low Risk
Customer_00477,8,2026-08-04,Premium,high_value,11,221,5,12,100,100,100,100.0,17.0,19.0,10.526315789473683,0,0,0,0,0,0,0,0,Low Risk
Customer_00477,8,2026-08-05,Premium,high_value,15,240,4,36,100,100,75,95.0,16.6,17.0,2.35294117647058,0,0,0,0,0,0,0,0,Low Risk
Customer_00478,6,2026-08-01,Standard,mid_value,12,109,5,21,100,100,100,100.0,12.0,,,0,0,0,0,0,0,0,0,Low Risk
Customer_00478,6,2026-08-02,Standard,mid_value,5,88,27,48,75,75,75,75.0,8.5,12.0,29.166666666666668,0,0,0,1,1,0,0,45,Medium Risk
Customer_00478,6,2026-08-03,Standard,mid_value,14,115,28,22,100,75,100,92.5,10.333333333333334,8.5,-21.5686274509804,0,0,0,1,0,0,0,25,Low Risk
Customer_00478,6,2026-08-04,Standard,mid_value,6,97,25,24,75,75,100,80.0,9.25,10.333333333333334,10.48387096774194,0,0,0,1,0,0,0,25,Low Risk
Customer_00478,6,2026-08-05,Standard,mid_value,11,115,28,43,100,75,75,87.5,9.6,9.25,-3.78378378378378,0,0,0,1,1,0,0,45,Medium Risk
Customer_00479,9,2026-08-01,Standard,mid_value,8,97,12,41,75,75,75,75.0,8.0,,,1,1,0,0,1,0,0,20,Low Risk
Customer_00479,9,2026-08-02,Standard,mid_value,15,102,3,18,100,100,100,100.0,11.5,8.0,-43.75,1,1,0,0,0,0,0,0,Low Risk
Customer_00479,9,2026-08-03,Standard,mid_value,7,107,17,21,100,75,100,92.5,10.0,11.5,13.043478260869565,1,1,0,0,0,0,0,0,Low Risk
Customer_00479,9,2026-08-04,Standard,mid_value,10,104,21,38,100,75,75,87.5,10.0,10.0,0.0,1,1,0,1,0,0,0,25,Low Risk
Customer_00479,9,2026-08-05,Standard,mid_value,15,117,19,27,100,75,100,92.5,11.0,10.0,-10.0,1,1,0,0,0,0,0,0,Low Risk
Customer_00480,9,2026-08-01,Premium,high_value,12,157,26,39,100,75,75,87.5,12.0,,,0,0,0,1,0,0,0,25,Low Risk
Customer_00480,9,2026-08-02,Premium,high_value,15,228,6,34,100,100,75,95.0,13.5,12.0,-12.5,0,0,0,0,0,0,0,0,Low Risk
Customer_00480,9,2026-08-03,Premium,high_value,15,204,8,47,100,100,75,95.0,14.0,13.5,-3.7037037037037033,0,0,0,0,1,0,0,20,Low Risk
Customer_00480,9,2026-08-04,Premium,high_value,16,170,29,15,100,75,100,92.5,14.5,14.0,-3.571428571428571,0,0,0,1,0,0,0,25,Low Risk
Customer_00480,9,2026-08-05,Premium,high_value,18,178,11,30,100,75,100,92.5,15.2,14.5,-4.827586206896547,0,0,0,0,0,0,0,0,Low Risk
Customer_00481,3,2026-08-01,Premium,high_value,17,217,2,38,100,100,75,95.0,17.0,,,0,0,0,0,0,0,0,0,Low Risk
Customer_00481,3,2026-08-02,Premium,high_value,10,220,9,15,100,100,100,100.0,13.5,17.0,20.588235294117645,0,0,0,0,0,0,0,0,Low Risk
Customer_00481,3,2026-08-03,Premium,high_value,19,194,30,13,100,75,100,92.5,15.333333333333334,13.5,-13.580246913580252,0,0,0,1,0,0,0,25,Low Risk
Customer_00481,3,2026-08-04,Premium,high_value,11,190,4,37,100,100,75,95.0,14.25,15.333333333333334,7.065217391304351,0,0,0,0,0,0,0,0,Low Risk
Customer_00481,3,2026-08-05,Premium,high_value,20,192,0,40,100,100,75,95.0,15.4,14.25,-8.070175438596493,0,0,0,0,0,0,0,0,Low Risk
Customer_00482,1,2026-08-01,Premium,high_value,13,179,12,19,100,75,100,92.5,13.0,,,0,0,0,0,0,0,0,0,Low Risk
Customer_00482,1,2026-08-02,Premium,high_value,15,233,11,11,100,75,100,92.5,14.0,13.0,-7.6923076923076925,0,0,0,0,0,0,0,0,Low Risk
Customer_00482,1,2026-08-03,Premium,high_value,22,241,10,30,100,100,100,100.0,16.666666666666668,14.0,-19.04761904761905,0,0,0,0,0,0,0,0,Low Risk
Customer_00482,1,2026-08-04,Premium,high_value,16,186,4,26,100,100,100,100.0,16.5,16.666666666666668,1.0000000000000069,0,0,0,0,0,0,0,0,Low Risk
Customer_00482,1,2026-08-05,Premium,high_value,14,205,28,13,100,75,100,92.5,16.0,16.5,3.0303030303030303,0,0,0,1,0,0,0,25,Low Risk
Customer_00483,6,2026-08-01,Premium,high_value,16,211,5,47,100,100,75,95.0,16.0,,,0,0,0,0,1,0,0,20,Low Risk
Customer_00483,6,2026-08-02,Premium,high_value,17,241,3,33,100,100,75,95.0,16.5,16.0,-3.125,0,0,0,0,0,0,0,0,Low Risk
Customer_00483,6,2026-08-03,Premium,high_value,12,232,0,27,100,100,100,100.0,15.0,16.5,9.090909090909092,0,0,0,0,0,0,0,0,Low Risk
Customer_00483,6,2026-08-04,Premium,high_value,10,185,24,39,100,75,75,87.5,13.75,15.0,8.333333333333332,0,0,0,1,0,0,0,25,Low Risk
Customer_00483,6,2026-08-05,Premium,high_value,22,235,22,20,100,75,100,92.5,15.4,13.75,-12.000000000000002,0,0,0,1,0,0,0,25,Low Risk
Customer_00484,8,2026-08-01,Premium,high_value,18,216,7,29,100,100,100,100.0,18.0,,,0,0,0,0,0,0,0,0,Low Risk
Customer_00484,8,2026-08-02,Premium,high_value,19,232,10,49,100,100,75,95.0,18.5,18.0,-2.7777777777777777,0,0,0,0,1,0,0,20,Low Risk
Customer_00484,8,2026-08-03,Premium,high_value,25,155,17,18,100,75,100,92.5,20.666666666666668,18.5,-11.711711711711718,0,0,0,0,0,0,0,0,Low Risk
Customer_00484,8,2026-08-04,Premium,high_value,17,194,15,15,100,75,100,92.5,19.75,20.666666666666668,4.435483870967747,0,0,0,0,0,0,0,0,Low Risk
Customer_00484,8,2026-08-05,Premium,high_value,23,195,11,36,100,75,75,87.5,20.4,19.75,-3.291139240506322,0,0,0,0,0,0,0,0,Low Risk
Customer_00485,6,2026-08-01,Premium,high_value,24,206,24,42,100,75,75,87.5,24.0,,,0,0,0,1,1,0,0,45,Medium Risk
Customer_00485,6,2026-08-02,Premium,high_value,22,200,27,30,100,75,100,92.5,23.0,24.0,4.166666666666666,0,0,0,1,0,0,0,25,Low Risk
Customer_00485,6,2026-08-03,Premium,high_value,10,247,0,19,100,100,100,100.0,18.666666666666668,23.0,18.84057971014492,0,0,0,0,0,0,0,0,Low Risk
Customer_00485,6,2026-08-04,Premium,high_value,20,220,15,32,100,75,75,87.5,19.0,18.666666666666668,-1.7857142857142794,0,0,0,0,0,0,0,0,Low Risk
Customer_00485,6,2026-08-05,Premium,high_value,22,216,27,42,100,75,75,87.5,19.6,19.0,-3.157894736842113,0,0,0,1,1,0,0,45,Medium Risk
Customer_00486,8,2026-08-01,Premium,high_value,22,241,1,15,100,100,100,100.0,22.0,,,1,1,0,0,0,0,0,0,Low Risk
Customer_00486,8,2026-08-02,Premium,high_value,17,186,7,32,100,100,75,95.0,19.5,22.0,11.363636363636363,1,1,0,0,0,0,0,0,Low Risk
Customer_00486,8,2026-08-03,Premium,high_value,15,183,18,31,100,75,75,87.5,18.0,19.5,7.6923076923076925,1,1,0,0,0,0,0,0,Low Risk
Customer_00486,8,2026-08-04,Premium,high_value,24,162,1,34,100,100,75,95.0,19.5,18.0,-8.333333333333332,1,1,0,0,0,0,0,0,Low Risk
Customer_00486,8,2026-08-05,Premium,high_value,19,181,30,40,100,75,75,87.5,19.4,19.5,0.5128205128205201,1,1,0,1,0,0,0,25,Low Risk
Customer_00487,1,2026-08-01,Premium,high_value,20,206,0,31,100,100,75,95.0,20.0,,,0,0,0,0,0,0,0,0,Low Risk
Customer_00487,1,2026-08-02,Premium,high_value,12,247,21,20,100,75,100,92.5,16.0,20.0,20.0,0,0,0,1,0,0,0,25,Low Risk
Customer_00487,1,2026-08-03,Premium,high_value,14,179,16,42,100,75,75,87.5,15.333333333333334,16.0,4.166666666666663,0,0,0,0,1,0,0,20,Low Risk
Customer_00487,1,2026-08-04,Premium,high_value,10,183,13,39,100,75,75,87.5,14.0,15.333333333333334,8.695652173913047,0,0,0,0,0,0,0,0,Low Risk
Customer_00487,1,2026-08-05,Premium,high_value,17,177,18,11,100,75,100,92.5,14.6,14.0,-4.285714285714283,0,0,0,0,0,0,0,0,Low Risk
Customer_00488,4,2026-08-01,Standard,mid_value,14,115,7,38,100,100,75,95.0,14.0,,,0,0,0,0,0,0,0,0,Low Risk
Customer_00488,4,2026-08-02,Standard,mid_value,9,86,10,50,75,100,75,82.5,11.5,14.0,17.857142857142858,0,0,0,0,1,0,0,20,Low Risk
Customer_00488,4,2026-08-03,Standard,mid_value,6,103,10,49,100,100,75,95.0,9.666666666666666,11.5,15.94202898550725,0,0,0,0,1,0,0,20,Low Risk
Customer_00488,4,2026-08-04,Standard,mid_value,14,110,5,32,100,100,75,95.0,10.75,9.666666666666666,-11.206896551724146,0,0,0,0,0,0,0,0,Low Risk
Customer_00488,4,2026-08-05,Standard,mid_value,11,106,5,14,100,100,100,100.0,10.8,10.75,-0.465116279069774,0,0,0,0,0,0,0,0,Low Risk
Customer_00489,4,2026-08-01,Premium,high_value,11,228,26,20,100,75,100,92.5,11.0,,,1,1,0,1,0,0,0,25,Low Risk
Customer_00489,4,2026-08-02,Premium,high_value,17,175,18,19,100,75,100,92.5,14.0,11.0,-27.27272727272727,1,1,0,0,0,0,0,0,Low Risk
Customer_00489,4,2026-08-03,Premium,high_value,18,221,13,25,100,75,100,92.5,15.333333333333334,14.0,-9.523809523809527,1,1,0,0,0,0,0,0,Low Risk
Customer_00489,4,2026-08-04,Premium,high_value,11,192,6,21,100,100,100,100.0,14.25,15.333333333333334,7.065217391304351,1,1,0,0,0,0,0,0,Low Risk
Customer_00489,4,2026-08-05,Premium,high_value,23,236,4,19,100,100,100,100.0,16.0,14.25,-12.280701754385964,1,1,0,0,0,0,0,0,Low Risk
Customer_00490,8,2026-08-01,Premium,high_value,14,244,28,32,100,75,75,87.5,14.0,,,1,1,0,1,0,0,0,25,Low Risk
Customer_00490,8,2026-08-02,Premium,high_value,18,163,1,20,100,100,100,100.0,16.0,14.0,-14.285714285714285,1,1,0,0,0,0,0,0,Low Risk
Customer_00490,8,2026-08-03,Premium,high_value,11,162,3,22,100,100,100,100.0,14.333333333333334,16.0,10.416666666666664,1,1,0,0,0,0,0,0,Low Risk
Customer_00490,8,2026-08-04,Premium,high_value,13,195,26,10,100,75,100,92.5,14.0,14.333333333333334,2.3255813953488413,1,1,0,1,0,0,0,25,Low Risk
Customer_00490,8,2026-08-05,Premium,high_value,14,220,13,17,100,75,100,92.5,14.0,14.0,0.0,1,1,0,0,0,0,0,0,Low Risk
Customer_00491,9,2026-08-01,Premium,high_value,22,246,8,45,100,100,75,95.0,22.0,,,0,0,0,0,1,0,0,20,Low Risk
Customer_00491,9,2026-08-02,Premium,high_value,11,206,21,30,100,75,100,92.5,16.5,22.0,25.0,0,0,0,1,0,0,0,25,Low Risk
Customer_00491,9,2026-08-03,Premium,high_value,23,205,14,17,100,75,100,92.5,18.666666666666668,16.5,-13.13131313131314,0,0,0,0,0,0,0,0,Low Risk
Customer_00491,9,2026-08-04,Premium,high_value,23,154,6,25,100,100,100,100.0,19.75,18.666666666666668,-5.803571428571422,0,0,0,0,0,0,0,0,Low Risk
Customer_00491,9,2026-08-05,Premium,high_value,12,182,23,37,100,75,75,87.5,18.2,19.75,7.8481012658227876,0,0,0,1,0,0,0,25,Low Risk
Customer_00492,9,2026-08-01,Premium,high_value,11,222,24,36,100,75,75,87.5,11.0,,,1,1,0,1,0,0,0,25,Low Risk
Customer_00492,9,2026-08-02,Premium,high_value,15,218,1,40,100,100,75,95.0,13.0,11.0,-18.181818181818183,1,1,0,0,0,0,0,0,Low Risk
Customer_00492,9,2026-08-03,Premium,high_value,20,213,15,22,100,75,100,92.5,15.333333333333334,13.0,-17.948717948717956,1,1,0,0,0,0,0,0,Low Risk
Customer_00492,9,2026-08-04,Premium,high_value,22,235,14,27,100,75,100,92.5,17.0,15.333333333333334,-10.8695652173913,1,1,0,0,0,0,0,0,Low Risk
Customer_00492,9,2026-08-05,Premium,high_value,17,206,7,41,100,100,75,95.0,17.0,17.0,0.0,1,1,0,0,1,0,0,20,Low Risk
Customer_00493,10,2026-08-01,Premium,high_value,20,169,16,32,100,75,75,87.5,20.0,,,1,1,0,0,0,0,0,0,Low Risk
Customer_00493,10,2026-08-02,Premium,high_value,20,199,17,30,100,75,100,92.5,20.0,20.0,0.0,1,1,0,0,0,0,0,0,Low Risk
Customer_00493,10,2026-08-03,Premium,high_value,15,208,16,46,100,75,75,87.5,18.33333333333333,20.0,8.33333333333334,1,1,0,0,1,0,0,20,Low Risk
Customer_00493,10,2026-08-04,Premium,high_value,19,236,1,48,100,100,75,95.0,18.5,18.33333333333333,-0.9090909090909156,1,1,0,0,1,0,0,20,Low Risk
Customer_00493,10,2026-08-05,Premium,high_value,17,225,21,42,100,75,75,87.5,18.2,18.5,1.6216216216216257,1,1,0,1,1,0,0,45,Medium Risk
Customer_00494,4,2026-08-01,Basic,low_value,1,50,7,30,75,100,100,87.5,1.0,,,1,1,0,0,0,0,0,0,Low Risk
Customer_00494,4,2026-08-02,Basic,low_value,2,54,8,17,75,100,100,87.5,1.5,1.0,-50.0,1,1,0,0,0,0,0,0,Low Risk
Customer_00494,4,2026-08-03,Basic,low_value,4,50,9,12,75,100,100,87.5,2.333333333333333,1.5,-55.55555555555557,1,1,0,0,0,0,0,0,Low Risk
Customer_00494,4,2026-08-04,Basic,low_value,2,49,11,13,50,75,100,67.5,2.25,2.333333333333333,3.5714285714285774,1,1,0,0,0,0,0,0,Low Risk
Customer_00494,4,2026-08-05,Basic,low_value,4,52,14,47,75,75,75,75.0,2.6,2.25,-15.55555555555556,1,1,0,0,1,0,0,20,Low Risk
Customer_00495,5,2026-08-01,Premium,high_value,13,192,10,26,100,100,100,100.0,13.0,,,1,1,0,0,0,0,0,0,Low Risk
Customer_00495,5,2026-08-02,Premium,high_value,22,170,20,25,100,75,100,92.5,17.5,13.0,-34.61538461538461,1,1,0,0,0,0,0,0,Low Risk
Customer_00495,5,2026-08-03,Premium,high_value,18,197,19,25,100,75,100,92.5,17.666666666666668,17.5,-0.9523809523809592,1,1,0,0,0,0,0,0,Low Risk
Customer_00495,5,2026-08-04,Premium,high_value,11,205,7,49,100,100,75,95.0,16.0,17.666666666666668,9.43396226415095,1,1,0,0,1,0,0,20,Low Risk
Customer_00495,5,2026-08-05,Premium,high_value,17,166,15,20,100,75,100,92.5,16.2,16.0,-1.2499999999999956,1,1,0,0,0,0,0,0,Low Risk
Customer_00496,2,2026-08-01,Premium,high_value,12,215,11,11,100,75,100,92.5,12.0,,,0,0,0,0,0,0,0,0,Low Risk
Customer_00496,2,2026-08-02,Premium,high_value,16,178,4,40,100,100,75,95.0,14.0,12.0,-16.666666666666664,0,0,0,0,0,0,0,0,Low Risk
Customer_00496,2,2026-08-03,Premium,high_value,22,216,20,43,100,75,75,87.5,16.666666666666668,14.0,-19.04761904761905,0,0,0,0,1,0,0,20,Low Risk
Customer_00496,2,2026-08-04,Premium,high_value,20,166,25,33,100,75,75,87.5,17.5,16.666666666666668,-4.999999999999993,0,0,0,1,0,0,0,25,Low Risk
Customer_00496,2,2026-08-05,Premium,high_value,22,226,17,43,100,75,75,87.5,18.4,17.5,-5.142857142857134,0,0,0,0,1,0,0,20,Low Risk
Customer_00497,4,2026-08-01,Standard,mid_value,13,103,17,44,100,75,75,87.5,13.0,,,0,0,0,0,1,0,0,20,Low Risk
Customer_00497,4,2026-08-02,Standard,mid_value,8,85,1,18,75,100,100,87.5,10.5,13.0,19.230769230769237,0,0,0,0,0,0,0,0,Low Risk
Customer_00497,4,2026-08-03,Standard,mid_value,7,82,24,44,75,75,75,75.0,9.333333333333334,10.5,11.111111111111104,0,0,0,1,1,0,0,45,Medium Risk
Customer_00497,4,2026-08-04,Standard,mid_value,8,80,2,48,75,100,75,82.5,9.0,9.333333333333334,3.5714285714285774,0,0,0,0,1,0,0,20,Low Risk
Customer_00497,4,2026-08-05,Standard,mid_value,15,100,19,18,100,75,100,92.5,10.2,9.0,-13.333333333333323,0,0,0,0,0,0,0,0,Low Risk
Customer_00498,5,2026-08-01,Premium,high_value,14,227,27,38,100,75,75,87.5,14.0,,,1,1,0,1,0,0,0,25,Low Risk
Customer_00498,5,2026-08-02,Premium,high_value,19,224,20,10,100,75,100,92.5,16.5,14.0,-17.857142857142858,1,1,0,0,0,0,0,0,Low Risk
Customer_00498,5,2026-08-03,Premium,high_value,20,245,12,29,100,75,100,92.5,17.666666666666668,16.5,-7.070707070707077,1,1,0,0,0,0,0,0,Low Risk
Customer_00498,5,2026-08-04,Premium,high_value,24,204,6,32,100,100,75,95.0,19.25,17.666666666666668,-8.962264150943389,1,1,0,0,0,0,0,0,Low Risk
Customer_00498,5,2026-08-05,Premium,high_value,20,178,28,13,100,75,100,92.5,19.4,19.25,-0.7792207792207718,1,1,0,1,0,0,0,25,Low Risk
Customer_00499,4,2026-08-01,Premium,high_value,14,157,14,15,100,75,100,92.5,14.0,,,1,1,0,0,0,0,0,0,Low Risk
Customer_00499,4,2026-08-02,Premium,high_value,15,210,28,48,100,75,75,87.5,14.5,14.0,-3.571428571428571,1,1,0,1,1,0,0,45,Medium Risk
Customer_00499,4,2026-08-03,Premium,high_value,14,160,26,49,100,75,75,87.5,14.333333333333334,14.5,1.1494252873563178,1,1,0,1,1,0,0,45,Medium Risk
Customer_00499,4,2026-08-04,Premium,high_value,10,244,12,40,100,75,75,87.5,13.25,14.333333333333334,7.558139534883725,1,1,0,0,0,0,0,0,Low Risk
Customer_00499,4,2026-08-05,Premium,high_value,15,193,17,29,100,75,100,92.5,13.6,13.25,-2.6415094339622613,1,1,0,0,0,0,0,0,Low Risk
Customer_00500,4,2026-08-01,Premium,high_value,14,243,16,26,100,75,100,92.5,14.0,,,1,1,0,0,0,0,0,0,Low Risk
Customer_00500,4,2026-08-02,Premium,high_value,19,196,16,23,100,75,100,92.5,16.5,14.0,-17.857142857142858,1,1,0,0,0,0,0,0,Low Risk
Customer_00500,4,2026-08-03,Premium,high_value,12,247,10,20,100,100,100,100.0,15.0,16.5,9.090909090909092,1,1,0,0,0,0,0,0,Low Risk
Customer_00500,4,2026-08-04,Premium,high_value,20,227,2,10,100,100,100,100.0,16.25,15.0,-8.333333333333332,1,1,0,0,0,0,0,0,Low Risk
Customer_00500,4,2026-08-05,Premium,high_value,12,247,19,44,100,75,75,87.5,15.4,16.25,5.230769230769228,1,1,0,0,1,0,0,20,Low Risk
Customer_00501,6,2026-08-01,Standard,mid_value,6,103,25,49,100,75,75,87.5,6.0,,,1,1,0,1,1,0,0,45,Medium Risk
Customer_00501,6,2026-08-02,Standard,mid_value,8,93,28,12,75,75,100,80.0,7.0,6.0,-16.666666666666664,1,1,0,1,0,0,0,25,Low Risk
Customer_00501,6,2026-08-03,Standard,mid_value,8,104,4,26,100,100,100,100.0,7.333333333333333,7.0,-4.761904761904757,1,1,0,0,0,0,0,0,Low Risk
Customer_00501,6,2026-08-04,Standard,mid_value,14,112,17,33,100,75,75,87.5,9.0,7.333333333333333,-22.727272727272734,1,1,0,0,0,0,0,0,Low Risk
Customer_00501,6,2026-08-05,Standard,mid_value,7,116,21,28,100,75,100,92.5,8.6,9.0,4.444444444444448,1,1,0,1,0,0,0,25,Low Risk
Customer_00502,7,2026-08-01,Premium,high_value,14,177,16,32,100,75,75,87.5,14.0,,,0,0,0,0,0,0,0,0,Low Risk
Customer_00502,7,2026-08-02,Premium,high_value,14,175,10,33,100,100,75,95.0,14.0,14.0,0.0,0,0,0,0,0,0,0,0,Low Risk
Customer_00502,7,2026-08-03,Premium,high_value,14,197,7,30,100,100,100,100.0,14.0,14.0,0.0,0,0,0,0,0,0,0,0,Low Risk
Customer_00502,7,2026-08-04,Premium,high_value,11,241,26,20,100,75,100,92.5,13.25,14.0,5.357142857142857,0,0,0,1,0,0,0,25,Low Risk
Customer_00502,7,2026-08-05,Premium,high_value,15,244,24,44,100,75,75,87.5,13.6,13.25,-2.6415094339622613,0,0,0,1,1,0,0,45,Medium Risk
Customer_00503,9,2026-08-01,Premium,high_value,12,154,21,18,100,75,100,92.5,12.0,,,1,1,0,1,0,0,0,25,Low Risk
Customer_00503,9,2026-08-02,Premium,high_value,19,168,16,14,100,75,100,92.5,15.5,12.0,-29.166666666666668,1,1,0,0,0,0,0,0,Low Risk
Customer_00503,9,2026-08-03,Premium,high_value,15,213,20,34,100,75,75,87.5,15.333333333333334,15.5,1.0752688172042972,1,1,0,0,0,0,0,0,Low Risk
Customer_00503,9,2026-08-04,Premium,high_value,15,211,9,49,100,100,75,95.0,15.25,15.333333333333334,0.543478260869569,1,1,0,0,1,0,0,20,Low Risk
Customer_00503,9,2026-08-05,Premium,high_value,12,224,2,40,100,100,75,95.0,14.6,15.25,4.262295081967215,1,1,0,0,0,0,0,0,Low Risk
Customer_00504,4,2026-08-01,Premium,high_value,22,238,12,21,100,75,100,92.5,22.0,,,1,1,0,0,0,0,0,0,Low Risk
Customer_00504,4,2026-08-02,Premium,high_value,21,228,4,17,100,100,100,100.0,21.5,22.0,2.272727272727273,1,1,0,0,0,0,0,0,Low Risk
Customer_00504,4,2026-08-03,Premium,high_value,24,237,17,37,100,75,75,87.5,22.33333333333333,21.5,-3.875968992248057,1,1,0,0,0,0,0,0,Low Risk
Customer_00504,4,2026-08-04,Premium,high_value,11,227,21,39,100,75,75,87.5,19.5,22.33333333333333,12.6865671641791,1,1,0,1,0,0,0,25,Low Risk
Customer_00504,4,2026-08-05,Premium,high_value,18,179,15,23,100,75,100,92.5,19.2,19.5,1.538461538461542,1,1,0,0,0,0,0,0,Low Risk
Customer_00505,2,2026-08-01,Premium,high_value,23,222,28,26,100,75,100,92.5,23.0,,,1,1,0,1,0,0,0,25,Low Risk
Customer_00505,2,2026-08-02,Premium,high_value,17,154,6,38,100,100,75,95.0,20.0,23.0,13.043478260869565,1,1,0,0,0,0,0,0,Low Risk
Customer_00505,2,2026-08-03,Premium,high_value,11,178,28,20,100,75,100,92.5,17.0,20.0,15.0,1,1,0,1,0,0,0,25,Low Risk
Customer_00505,2,2026-08-04,Premium,high_value,18,190,20,27,100,75,100,92.5,17.25,17.0,-1.4705882352941175,1,1,0,0,0,0,0,0,Low Risk
Customer_00505,2,2026-08-05,Premium,high_value,12,161,19,34,100,75,75,87.5,16.2,17.25,6.086956521739135,1,1,0,0,0,0,0,0,Low Risk
Customer_00506,4,2026-08-01,Premium,high_value,23,166,1,18,100,100,100,100.0,23.0,,,1,1,0,0,0,0,0,0,Low Risk
Customer_00506,4,2026-08-02,Premium,high_value,14,236,24,37,100,75,75,87.5,18.5,23.0,19.565217391304348,1,1,0,1,0,0,0,25,Low Risk
Customer_00506,4,2026-08-03,Premium,high_value,24,210,23,47,100,75,75,87.5,20.33333333333333,18.5,-9.909909909909905,1,1,0,1,1,0,0,45,Medium Risk
Customer_00506,4,2026-08-04,Premium,high_value,17,230,12,39,100,75,75,87.5,19.5,20.33333333333333,4.098360655737699,1,1,0,0,0,0,0,0,Low Risk
Customer_00506,4,2026-08-05,Premium,high_value,10,217,23,27,100,75,100,92.5,17.6,19.5,9.743589743589736,1,1,0,1,0,0,0,25,Low Risk
Customer_00507,1,2026-08-01,Premium,high_value,14,224,22,22,100,75,100,92.5,14.0,,,1,1,0,1,0,0,0,25,Low Risk
Customer_00507,1,2026-08-02,Premium,high_value,17,206,27,48,100,75,75,87.5,15.5,14.0,-10.714285714285714,1,1,0,1,1,0,0,45,Medium Risk
Customer_00507,1,2026-08-03,Premium,high_value,14,231,29,29,100,75,100,92.5,15.0,15.5,3.225806451612903,1,1,0,1,0,0,0,25,Low Risk
Customer_00507,1,2026-08-04,Premium,high_value,19,225,7,46,100,100,75,95.0,16.0,15.0,-6.666666666666667,1,1,0,0,1,0,0,20,Low Risk
Customer_00507,1,2026-08-05,Premium,high_value,14,168,16,23,100,75,100,92.5,15.6,16.0,2.500000000000002,1,1,0,0,0,0,0,0,Low Risk
Customer_00508,4,2026-08-01,Premium,high_value,15,216,16,28,100,75,100,92.5,15.0,,,0,0,0,0,0,0,0,0,Low Risk
Customer_00508,4,2026-08-02,Premium,high_value,14,226,28,48,100,75,75,87.5,14.5,15.0,3.333333333333333,0,0,0,1,1,0,0,45,Medium Risk
Customer_00508,4,2026-08-03,Premium,high_value,21,211,7,26,100,100,100,100.0,16.666666666666668,14.5,-14.942528735632193,0,0,0,0,0,0,0,0,Low Risk
Customer_00508,4,2026-08-04,Premium,high_value,19,185,17,11,100,75,100,92.5,17.25,16.666666666666668,-3.499999999999993,0,0,0,0,0,0,0,0,Low Risk
Customer_00508,4,2026-08-05,Premium,high_value,25,194,22,45,100,75,75,87.5,18.8,17.25,-8.985507246376816,0,0,0,1,1,0,0,45,Medium Risk
Customer_00509,7,2026-08-01,Premium,high_value,23,221,29,36,100,75,75,87.5,23.0,,,1,1,0,1,0,0,0,25,Low Risk
Customer_00509,7,2026-08-02,Premium,high_value,22,162,16,12,100,75,100,92.5,22.5,23.0,2.1739130434782608,1,1,0,0,0,0,0,0,Low Risk
Customer_00509,7,2026-08-03,Premium,high_value,23,197,9,22,100,100,100,100.0,22.666666666666668,22.5,-0.740740740740746,1,1,0,0,0,0,0,0,Low Risk
Customer_00509,7,2026-08-04,Premium,high_value,10,214,9,21,100,100,100,100.0,19.5,22.666666666666668,13.970588235294125,1,1,0,0,0,0,0,0,Low Risk
Customer_00509,7,2026-08-05,Premium,high_value,20,159,12,14,100,75,100,92.5,19.6,19.5,-0.5128205128205201,1,1,0,0,0,0,0,0,Low Risk
Customer_00510,5,2026-08-01,Standard,mid_value,9,90,26,39,75,75,75,75.0,9.0,,,1,1,0,1,0,0,0,25,Low Risk
Customer_00510,5,2026-08-02,Standard,mid_value,12,104,23,32,100,75,75,87.5,10.5,9.0,-16.666666666666664,1,1,0,1,0,0,0,25,Low Risk
Customer_00510,5,2026-08-03,Standard,mid_value,9,98,29,38,75,75,75,75.0,10.0,10.5,4.761904761904762,1,1,0,1,0,0,0,25,Low Risk
Customer_00510,5,2026-08-04,Standard,mid_value,8,103,26,38,100,75,75,87.5,9.5,10.0,5.0,1,1,0,1,0,0,0,25,Low Risk
Customer_00510,5,2026-08-05,Standard,mid_value,8,80,13,41,75,75,75,75.0,9.2,9.5,3.157894736842113,1,1,0,0,1,0,0,20,Low Risk
Customer_00511,1,2026-08-01,Premium,high_value,22,209,10,38,100,100,75,95.0,22.0,,,1,1,0,0,0,0,0,0,Low Risk
Customer_00511,1,2026-08-02,Premium,high_value,22,199,12,14,100,75,100,92.5,22.0,22.0,0.0,1,1,0,0,0,0,0,0,Low Risk
Customer_00511,1,2026-08-03,Premium,high_value,12,211,13,26,100,75,100,92.5,18.666666666666668,22.0,15.151515151515149,1,1,0,0,0,0,0,0,Low Risk
Customer_00511,1,2026-08-04,Premium,high_value,20,153,24,11,100,75,100,92.5,19.0,18.666666666666668,-1.7857142857142794,1,1,0,1,0,0,0,25,Low Risk
Customer_00511,1,2026-08-05,Premium,high_value,24,158,15,23,100,75,100,92.5,20.0,19.0,-5.263157894736842,1,1,0,0,0,0,0,0,Low Risk
Customer_00512,5,2026-08-01,Premium,high_value,10,152,4,28,100,100,100,100.0,10.0,,,1,1,0,0,0,0,0,0,Low Risk
Customer_00512,5,2026-08-02,Premium,high_value,23,218,11,18,100,75,100,92.5,16.5,10.0,-65.0,1,1,0,0,0,0,0,0,Low Risk
Customer_00512,5,2026-08-03,Premium,high_value,10,160,27,33,100,75,75,87.5,14.333333333333334,16.5,13.131313131313128,1,1,0,1,0,0,0,25,Low Risk
Customer_00512,5,2026-08-04,Premium,high_value,24,174,15,32,100,75,75,87.5,16.75,14.333333333333334,-16.860465116279062,1,1,0,0,0,0,0,0,Low Risk
Customer_00512,5,2026-08-05,Premium,high_value,24,199,10,36,100,100,75,95.0,18.2,16.75,-8.656716417910443,1,1,0,0,0,0,0,0,Low Risk
Customer_00513,10,2026-08-01,Premium,high_value,20,162,15,31,100,75,75,87.5,20.0,,,0,0,0,0,0,0,0,0,Low Risk
Customer_00513,10,2026-08-02,Premium,high_value,17,167,1,11,100,100,100,100.0,18.5,20.0,7.5,0,0,0,0,0,0,0,0,Low Risk
Customer_00513,10,2026-08-03,Premium,high_value,22,245,19,40,100,75,75,87.5,19.666666666666668,18.5,-6.306306306306313,0,0,0,0,0,0,0,0,Low Risk
Customer_00513,10,2026-08-04,Premium,high_value,22,155,15,27,100,75,100,92.5,20.25,19.666666666666668,-2.966101694915248,0,0,0,0,0,0,0,0,Low Risk
Customer_00513,10,2026-08-05,Premium,high_value,20,172,16,24,100,75,100,92.5,20.2,20.25,0.2469135802469171,0,0,0,0,0,0,0,0,Low Risk
Customer_00514,9,2026-08-01,Premium,high_value,21,232,28,23,100,75,100,92.5,21.0,,,1,1,0,1,0,0,0,25,Low Risk
Customer_00514,9,2026-08-02,Premium,high_value,12,198,9,17,100,100,100,100.0,16.5,21.0,21.428571428571427,1,1,0,0,0,0,0,0,Low Risk
Customer_00514,9,2026-08-03,Premium,high_value,15,158,26,41,100,75,75,87.5,16.0,16.5,3.0303030303030303,1,1,0,1,1,0,0,45,Medium Risk
Customer_00514,9,2026-08-04,Premium,high_value,25,195,26,29,100,75,100,92.5,18.25,16.0,-14.0625,1,1,0,1,0,0,0,25,Low Risk
Customer_00514,9,2026-08-05,Premium,high_value,18,161,6,48,100,100,75,95.0,18.2,18.25,0.2739726027397299,1,1,0,0,1,0,0,20,Low Risk
Customer_00515,6,2026-08-01,Premium,high_value,18,181,24,40,100,75,75,87.5,18.0,,,0,0,0,1,0,0,0,25,Low Risk
Customer_00515,6,2026-08-02,Premium,high_value,24,238,23,12,100,75,100,92.5,21.0,18.0,-16.666666666666664,0,0,0,1,0,0,0,25,Low Risk
Customer_00515,6,2026-08-03,Premium,high_value,15,218,22,16,100,75,100,92.5,19.0,21.0,9.523809523809524,0,0,0,1,0,0,0,25,Low Risk
Customer_00515,6,2026-08-04,Premium,high_value,10,239,12,44,100,75,75,87.5,16.75,19.0,11.842105263157894,0,0,0,0,1,0,0,20,Low Risk
Customer_00515,6,2026-08-05,Premium,high_value,23,153,14,13,100,75,100,92.5,18.0,16.75,-7.462686567164178,0,0,0,0,0,0,0,0,Low Risk
Customer_00516,10,2026-08-01,Premium,high_value,21,178,18,44,100,75,75,87.5,21.0,,,0,0,0,0,1,0,0,20,Low Risk
Customer_00516,10,2026-08-02,Premium,high_value,13,239,17,45,100,75,75,87.5,17.0,21.0,19.047619047619047,0,0,0,0,1,0,0,20,Low Risk
Customer_00516,10,2026-08-03,Premium,high_value,16,205,8,11,100,100,100,100.0,16.666666666666668,17.0,1.9607843137254832,0,0,0,0,0,0,0,0,Low Risk
Customer_00516,10,2026-08-04,Premium,high_value,18,160,0,23,100,100,100,100.0,17.0,16.666666666666668,-1.999999999999993,0,0,0,0,0,0,0,0,Low Risk
Customer_00516,10,2026-08-05,Premium,high_value,14,248,21,12,100,75,100,92.5,16.4,17.0,3.5294117647058907,0,0,0,1,0,0,0,25,Low Risk
Customer_00517,8,2026-08-01,Premium,high_value,11,243,22,37,100,75,75,87.5,11.0,,,1,1,0,1,0,0,0,25,Low Risk
Customer_00517,8,2026-08-02,Premium,high_value,24,240,6,27,100,100,100,100.0,17.5,11.0,-59.09090909090909,1,1,0,0,0,0,0,0,Low Risk
Customer_00517,8,2026-08-03,Premium,high_value,20,217,3,27,100,100,100,100.0,18.33333333333333,17.5,-4.761904761904756,1,1,0,0,0,0,0,0,Low Risk
Customer_00517,8,2026-08-04,Premium,high_value,17,186,15,32,100,75,75,87.5,18.0,18.33333333333333,1.818181818181812,1,1,0,0,0,0,0,0,Low Risk
Customer_00517,8,2026-08-05,Premium,high_value,23,160,20,18,100,75,100,92.5,19.0,18.0,-5.555555555555555,1,1,0,0,0,0,0,0,Low Risk
Customer_00518,8,2026-08-01,Standard,mid_value,8,110,21,44,100,75,75,87.5,8.0,,,1,1,0,1,1,0,0,45,Medium Risk
Customer_00518,8,2026-08-02,Standard,mid_value,9,86,6,44,75,100,75,82.5,8.5,8.0,-6.25,1,1,0,0,1,0,0,20,Low Risk
Customer_00518,8,2026-08-03,Standard,mid_value,13,114,4,16,100,100,100,100.0,10.0,8.5,-17.647058823529413,1,1,0,0,0,0,0,0,Low Risk
Customer_00518,8,2026-08-04,Standard,mid_value,8,94,19,42,75,75,75,75.0,9.5,10.0,5.0,1,1,0,0,1,0,0,20,Low Risk
Customer_00518,8,2026-08-05,Standard,mid_value,8,107,14,34,100,75,75,87.5,9.2,9.5,3.157894736842113,1,1,0,0,0,0,0,0,Low Risk
Customer_00519,3,2026-08-01,Standard,mid_value,5,85,17,48,75,75,75,75.0,5.0,,,1,1,0,0,1,0,0,20,Low Risk
Customer_00519,3,2026-08-02,Standard,mid_value,11,106,15,32,100,75,75,87.5,8.0,5.0,-60.0,1,1,0,0,0,0,0,0,Low Risk
Customer_00519,3,2026-08-03,Standard,mid_value,7,112,26,19,100,75,100,92.5,7.666666666666667,8.0,4.166666666666663,1,1,0,1,0,0,0,25,Low Risk
Customer_00519,3,2026-08-04,Standard,mid_value,11,110,3,43,100,100,75,95.0,8.5,7.666666666666667,-10.8695652173913,1,1,0,0,1,0,0,20,Low Risk
Customer_00519,3,2026-08-05,Standard,mid_value,9,117,30,38,100,75,75,87.5,8.6,8.5,-1.17647058823529,1,1,0,1,0,0,0,25,Low Risk
Customer_00520,9,2026-08-01,Premium,high_value,24,186,0,19,100,100,100,100.0,24.0,,,0,0,0,0,0,0,0,0,Low Risk
Customer_00520,9,2026-08-02,Premium,high_value,18,205,2,47,100,100,75,95.0,21.0,24.0,12.5,0,0,0,0,1,0,0,20,Low Risk
Customer_00520,9,2026-08-03,Premium,high_value,11,220,28,31,100,75,75,87.5,17.666666666666668,21.0,15.873015873015866,0,0,0,1,0,0,0,25,Low Risk
Customer_00520,9,2026-08-04,Premium,high_value,15,182,18,38,100,75,75,87.5,17.0,17.666666666666668,3.773584905660384,0,0,0,0,0,0,0,0,Low Risk
Customer_00520,9,2026-08-05,Premium,high_value,21,247,4,39,100,100,75,95.0,17.8,17.0,-4.70588235294118,0,0,0,0,0,0,0,0,Low Risk
Customer_00521,6,2026-08-01,Free,free_plan,0,25,26,10,50,75,100,67.5,0.0,,,1,1,0,1,0,0,0,25,Low Risk
Customer_00521,6,2026-08-02,Free,free_plan,0,20,10,48,50,100,75,70.0,0.0,0.0,,1,1,0,0,1,0,0,20,Low Risk
Customer_00521,6,2026-08-03,Free,free_plan,1,25,14,45,50,75,75,62.5,0.3333333333333333,0.0,,1,1,0,0,1,0,0,20,Low Risk
Customer_00521,6,2026-08-04,Free,free_plan,0,27,20,19,50,75,100,67.5,0.25,0.3333333333333333,24.999999999999996,1,1,0,0,0,0,0,0,Low Risk
Customer_00521,6,2026-08-05,Free,free_plan,0,25,20,50,50,75,75,62.5,0.2,0.25,20.0,1,1,0,0,1,0,0,20,Low Risk
Customer_00522,10,2026-08-01,Premium,high_value,15,238,8,37,100,100,75,95.0,15.0,,,1,1,0,0,0,0,0,0,Low Risk
Customer_00522,10,2026-08-02,Premium,high_value,23,235,6,48,100,100,75,95.0,19.0,15.0,-26.666666666666668,1,1,0,0,1,0,0,20,Low Risk
Customer_00522,10,2026-08-03,Premium,high_value,23,240,10,24,100,100,100,100.0,20.33333333333333,19.0,-7.017543859649117,1,1,0,0,0,0,0,0,Low Risk
Customer_00522,10,2026-08-04,Premium,high_value,20,221,12,12,100,75,100,92.5,20.25,20.33333333333333,0.4098360655737647,1,1,0,0,0,0,0,0,Low Risk
Customer_00522,10,2026-08-05,Premium,high_value,16,179,15,40,100,75,75,87.5,19.4,20.25,4.197530864197538,1,1,0,0,0,0,0,0,Low Risk
Customer_00523,3,2026-08-01,Premium,high_value,19,235,25,18,100,75,100,92.5,19.0,,,0,0,0,1,0,0,0,25,Low Risk
Customer_00523,3,2026-08-02,Premium,high_value,14,235,18,26,100,75,100,92.5,16.5,19.0,13.157894736842104,0,0,0,0,0,0,0,0,Low Risk
Customer_00523,3,2026-08-03,Premium,high_value,13,234,8,49,100,100,75,95.0,15.333333333333334,16.5,7.070707070707067,0,0,0,0,1,0,0,20,Low Risk
Customer_00523,3,2026-08-04,Premium,high_value,14,183,28,49,100,75,75,87.5,15.0,15.333333333333334,2.1739130434782648,0,0,0,1,1,0,0,45,Medium Risk
Customer_00523,3,2026-08-05,Premium,high_value,23,187,28,15,100,75,100,92.5,16.6,15.0,-10.666666666666677,0,0,0,1,0,0,0,25,Low Risk
Customer_00524,8,2026-08-01,Premium,high_value,13,233,22,44,100,75,75,87.5,13.0,,,0,0,0,1,1,0,0,45,Medium Risk
Customer_00524,8,2026-08-02,Premium,high_value,25,183,18,18,100,75,100,92.5,19.0,13.0,-46.15384615384615,0,0,0,0,0,0,0,0,Low Risk
Customer_00524,8,2026-08-03,Premium,high_value,18,220,7,20,100,100,100,100.0,18.666666666666668,19.0,1.7543859649122744,0,0,0,0,0,0,0,0,Low Risk
Customer_00524,8,2026-08-04,Premium,high_value,21,216,26,47,100,75,75,87.5,19.25,18.666666666666668,-3.1249999999999933,0,0,0,1,1,0,0,45,Medium Risk
Customer_00524,8,2026-08-05,Premium,high_value,23,218,1,18,100,100,100,100.0,20.0,19.25,-3.896103896103896,0,0,0,0,0,0,0,0,Low Risk
Customer_00525,6,2026-08-01,Premium,high_value,23,203,27,20,100,75,100,92.5,23.0,,,1,1,0,1,0,0,0,25,Low Risk
Customer_00525,6,2026-08-02,Premium,high_value,16,250,21,42,100,75,75,87.5,19.5,23.0,15.217391304347828,1,1,0,1,1,0,0,45,Medium Risk
Customer_00525,6,2026-08-03,Premium,high_value,11,187,6,14,100,100,100,100.0,16.666666666666668,19.5,14.529914529914524,1,1,0,0,0,0,0,0,Low Risk
Customer_00525,6,2026-08-04,Premium,high_value,10,159,30,35,100,75,75,87.5,15.0,16.666666666666668,10.000000000000004,1,1,0,1,0,0,0,25,Low Risk
Customer_00525,6,2026-08-05,Premium,high_value,22,232,30,13,100,75,100,92.5,16.4,15.0,-9.333333333333323,1,1,0,1,0,0,0,25,Low Risk
Customer_00526,5,2026-08-01,Premium,high_value,13,173,22,29,100,75,100,92.5,13.0,,,0,0,0,1,0,0,0,25,Low Risk
Customer_00526,5,2026-08-02,Premium,high_value,14,246,2,32,100,100,75,95.0,13.5,13.0,-3.8461538461538463,0,0,0,0,0,0,0,0,Low Risk
Customer_00526,5,2026-08-03,Premium,high_value,24,182,17,31,100,75,75,87.5,17.0,13.5,-25.925925925925924,0,0,0,0,0,0,0,0,Low Risk
Customer_00526,5,2026-08-04,Premium,high_value,24,160,21,21,100,75,100,92.5,18.75,17.0,-10.294117647058822,0,0,0,1,0,0,0,25,Low Risk
Customer_00526,5,2026-08-05,Premium,high_value,10,198,24,18,100,75,100,92.5,17.0,18.75,9.333333333333334,0,0,0,1,0,0,0,25,Low Risk
Customer_00527,10,2026-08-01,Premium,high_value,16,248,19,20,100,75,100,92.5,16.0,,,0,0,0,0,0,0,0,0,Low Risk
Customer_00527,10,2026-08-02,Premium,high_value,15,176,23,12,100,75,100,92.5,15.5,16.0,3.125,0,0,0,1,0,0,0,25,Low Risk
Customer_00527,10,2026-08-03,Premium,high_value,17,188,4,48,100,100,75,95.0,16.0,15.5,-3.225806451612903,0,0,0,0,1,0,0,20,Low Risk
Customer_00527,10,2026-08-04,Premium,high_value,13,231,6,49,100,100,75,95.0,15.25,16.0,4.6875,0,0,0,0,1,0,0,20,Low Risk
Customer_00527,10,2026-08-05,Premium,high_value,10,200,5,41,100,100,75,95.0,14.2,15.25,6.885245901639349,0,0,0,0,1,0,0,20,Low Risk
Customer_00528,8,2026-08-01,Premium,high_value,24,232,13,35,100,75,75,87.5,24.0,,,1,1,0,0,0,0,0,0,Low Risk
Customer_00528,8,2026-08-02,Premium,high_value,25,151,1,29,100,100,100,100.0,24.5,24.0,-2.083333333333333,1,1,0,0,0,0,0,0,Low Risk
Customer_00528,8,2026-08-03,Premium,high_value,21,201,22,14,100,75,100,92.5,23.33333333333333,24.5,4.761904761904766,1,1,0,1,0,0,0,25,Low Risk
Customer_00528,8,2026-08-04,Premium,high_value,22,192,26,11,100,75,100,92.5,23.0,23.33333333333333,1.4285714285714235,1,1,0,1,0,0,0,25,Low Risk
Customer_00528,8,2026-08-05,Premium,high_value,14,236,19,13,100,75,100,92.5,21.2,23.0,7.826086956521743,1,1,0,0,0,0,0,0,Low Risk
Customer_00529,3,2026-08-01,Premium,high_value,22,212,17,30,100,75,100,92.5,22.0,,,0,0,0,0,0,0,0,0,Low Risk
Customer_00529,3,2026-08-02,Premium,high_value,18,228,8,17,100,100,100,100.0,20.0,22.0,9.090909090909092,0,0,0,0,0,0,0,0,Low Risk
Customer_00529,3,2026-08-03,Premium,high_value,18,224,24,11,100,75,100,92.5,19.33333333333333,20.0,3.33333333333334,0,0,0,1,0,0,0,25,Low Risk
Customer_00529,3,2026-08-04,Premium,high_value,17,157,13,14,100,75,100,92.5,18.75,19.33333333333333,3.0172413793103385,0,0,0,0,0,0,0,0,Low Risk
Customer_00529,3,2026-08-05,Premium,high_value,23,174,8,31,100,100,75,95.0,19.6,18.75,-4.53333333333334,0,0,0,0,0,0,0,0,Low Risk
Customer_00530,4,2026-08-01,Premium,high_value,12,214,8,38,100,100,75,95.0,12.0,,,1,1,0,0,0,0,0,0,Low Risk
Customer_00530,4,2026-08-02,Premium,high_value,21,205,26,41,100,75,75,87.5,16.5,12.0,-37.5,1,1,0,1,1,0,0,45,Medium Risk
Customer_00530,4,2026-08-03,Premium,high_value,23,240,5,36,100,100,75,95.0,18.666666666666668,16.5,-13.13131313131314,1,1,0,0,0,0,0,0,Low Risk
Customer_00530,4,2026-08-04,Premium,high_value,16,185,7,21,100,100,100,100.0,18.0,18.666666666666668,3.5714285714285774,1,1,0,0,0,0,0,0,Low Risk
Customer_00530,4,2026-08-05,Premium,high_value,11,192,6,20,100,100,100,100.0,16.6,18.0,7.77777777777777,1,1,0,0,0,0,0,0,Low Risk
Customer_00531,7,2026-08-01,Premium,high_value,23,152,3,47,100,100,75,95.0,23.0,,,0,0,0,0,1,0,0,20,Low Risk
Customer_00531,7,2026-08-02,Premium,high_value,13,224,17,28,100,75,100,92.5,18.0,23.0,21.73913043478261,0,0,0,0,0,0,0,0,Low Risk
Customer_00531,7,2026-08-03,Premium,high_value,22,189,1,38,100,100,75,95.0,19.33333333333333,18.0,-7.407407407407401,0,0,0,0,0,0,0,0,Low Risk
Customer_00531,7,2026-08-04,Premium,high_value,15,187,2,29,100,100,100,100.0,18.25,19.33333333333333,5.603448275862063,0,0,0,0,0,0,0,0,Low Risk
Customer_00531,7,2026-08-05,Premium,high_value,19,198,8,27,100,100,100,100.0,18.4,18.25,-0.8219178082191704,0,0,0,0,0,0,0,0,Low Risk
Customer_00532,6,2026-08-01,Standard,mid_value,13,88,7,34,75,100,75,82.5,13.0,,,0,0,0,0,0,0,0,0,Low Risk
Customer_00532,6,2026-08-02,Standard,mid_value,7,81,4,30,75,100,100,87.5,10.0,13.0,23.07692307692308,0,0,0,0,0,0,0,0,Low Risk
Customer_00532,6,2026-08-03,Standard,mid_value,12,88,8,14,75,100,100,87.5,10.666666666666666,10.0,-6.666666666666661,0,0,0,0,0,0,0,0,Low Risk
Customer_00532,6,2026-08-04,Standard,mid_value,12,85,21,44,75,75,75,75.0,11.0,10.666666666666666,-3.1250000000000053,0,0,0,1,1,0,0,45,Medium Risk
Customer_00532,6,2026-08-05,Standard,mid_value,12,91,16,19,75,75,100,80.0,11.2,11.0,-1.818181818181812,0,0,0,0,0,0,0,0,Low Risk
Customer_00533,1,2026-08-01,Premium,high_value,14,212,3,48,100,100,75,95.0,14.0,,,1,1,0,0,1,0,0,20,Low Risk
Customer_00533,1,2026-08-02,Premium,high_value,13,242,21,14,100,75,100,92.5,13.5,14.0,3.571428571428571,1,1,0,1,0,0,0,25,Low Risk
Customer_00533,1,2026-08-03,Premium,high_value,14,214,28,39,100,75,75,87.5,13.666666666666666,13.5,-1.2345679012345634,1,1,0,1,0,0,0,25,Low Risk
Customer_00533,1,2026-08-04,Premium,high_value,11,204,24,13,100,75,100,92.5,13.0,13.666666666666666,4.878048780487801,1,1,0,1,0,0,0,25,Low Risk
Customer_00533,1,2026-08-05,Premium,high_value,14,199,3,31,100,100,75,95.0,13.2,13.0,-1.538461538461533,1,1,0,0,0,0,0,0,Low Risk
Customer_00534,10,2026-08-01,Premium,high_value,23,230,10,31,100,100,75,95.0,23.0,,,0,0,0,0,0,0,0,0,Low Risk
Customer_00534,10,2026-08-02,Premium,high_value,22,207,17,40,100,75,75,87.5,22.5,23.0,2.1739130434782608,0,0,0,0,0,0,0,0,Low Risk
Customer_00534,10,2026-08-03,Premium,high_value,22,166,23,45,100,75,75,87.5,22.33333333333333,22.5,0.740740740740746,0,0,0,1,1,0,0,45,Medium Risk
Customer_00534,10,2026-08-04,Premium,high_value,12,241,23,40,100,75,75,87.5,19.75,22.33333333333333,11.567164179104472,0,0,0,1,0,0,0,25,Low Risk
Customer_00534,10,2026-08-05,Premium,high_value,24,200,6,48,100,100,75,95.0,20.6,19.75,-4.303797468354437,0,0,0,0,1,0,0,20,Low Risk
Customer_00535,4,2026-08-01,Standard,mid_value,9,116,11,48,100,75,75,87.5,9.0,,,0,0,0,0,1,0,0,20,Low Risk
Customer_00535,4,2026-08-02,Standard,mid_value,12,115,18,49,100,75,75,87.5,10.5,9.0,-16.666666666666664,0,0,0,0,1,0,0,20,Low Risk
Customer_00535,4,2026-08-03,Standard,mid_value,6,114,14,26,100,75,100,92.5,9.0,10.5,14.285714285714285,0,0,0,0,0,0,0,0,Low Risk
Customer_00535,4,2026-08-04,Standard,mid_value,8,120,26,19,100,75,100,92.5,8.75,9.0,2.7777777777777777,0,0,0,1,0,0,0,25,Low Risk
Customer_00535,4,2026-08-05,Standard,mid_value,7,102,21,46,100,75,75,87.5,8.4,8.75,3.999999999999996,0,0,0,1,1,0,0,45,Medium Risk
Customer_00536,3,2026-08-01,Premium,high_value,22,226,1,26,100,100,100,100.0,22.0,,,0,0,0,0,0,0,0,0,Low Risk
Customer_00536,3,2026-08-02,Premium,high_value,21,247,25,50,100,75,75,87.5,21.5,22.0,2.272727272727273,0,0,0,1,1,0,0,45,Medium Risk
Customer_00536,3,2026-08-03,Premium,high_value,20,212,25,35,100,75,75,87.5,21.0,21.5,2.3255813953488373,0,0,0,1,0,0,0,25,Low Risk
Customer_00536,3,2026-08-04,Premium,high_value,19,205,10,27,100,100,100,100.0,20.5,21.0,2.380952380952381,0,0,0,0,0,0,0,0,Low Risk
Customer_00536,3,2026-08-05,Premium,high_value,15,220,17,48,100,75,75,87.5,19.4,20.5,5.365853658536592,0,0,0,0,1,0,0,20,Low Risk
Customer_00537,7,2026-08-01,Premium,high_value,10,236,13,42,100,75,75,87.5,10.0,,,0,0,0,0,1,0,0,20,Low Risk
Customer_00537,7,2026-08-02,Premium,high_value,19,173,19,26,100,75,100,92.5,14.5,10.0,-45.0,0,0,0,0,0,0,0,0,Low Risk
Customer_00537,7,2026-08-03,Premium,high_value,21,220,18,20,100,75,100,92.5,16.666666666666668,14.5,-14.942528735632193,0,0,0,0,0,0,0,0,Low Risk
Customer_00537,7,2026-08-04,Premium,high_value,18,232,9,29,100,100,100,100.0,17.0,16.666666666666668,-1.999999999999993,0,0,0,0,0,0,0,0,Low Risk
Customer_00537,7,2026-08-05,Premium,high_value,19,234,5,49,100,100,75,95.0,17.4,17.0,-2.35294117647058,0,0,0,0,1,0,0,20,Low Risk
Customer_00538,8,2026-08-01,Premium,high_value,24,182,2,48,100,100,75,95.0,24.0,,,1,1,0,0,1,0,0,20,Low Risk
Customer_00538,8,2026-08-02,Premium,high_value,11,208,27,43,100,75,75,87.5,17.5,24.0,27.08333333333333,1,1,0,1,1,0,0,45,Medium Risk
Customer_00538,8,2026-08-03,Premium,high_value,15,193,20,24,100,75,100,92.5,16.666666666666668,17.5,4.761904761904756,1,1,0,0,0,0,0,0,Low Risk
Customer_00538,8,2026-08-04,Premium,high_value,11,198,1,20,100,100,100,100.0,15.25,16.666666666666668,8.500000000000005,1,1,0,0,0,0,0,0,Low Risk
Customer_00538,8,2026-08-05,Premium,high_value,12,219,25,26,100,75,100,92.5,14.6,15.25,4.262295081967215,1,1,0,1,0,0,0,25,Low Risk
Customer_00539,4,2026-08-01,Standard,mid_value,11,98,10,32,75,100,75,82.5,11.0,,,0,0,0,0,0,0,0,0,Low Risk
Customer_00539,4,2026-08-02,Standard,mid_value,9,86,18,39,75,75,75,75.0,10.0,11.0,9.090909090909092,0,0,0,0,0,0,0,0,Low Risk
Customer_00539,4,2026-08-03,Standard,mid_value,14,84,19,34,75,75,75,75.0,11.333333333333334,10.0,-13.33333333333334,0,0,0,0,0,0,0,0,Low Risk
Customer_00539,4,2026-08-04,Standard,mid_value,12,83,5,13,75,100,100,87.5,11.5,11.333333333333334,-1.4705882352941124,0,0,0,0,0,0,0,0,Low Risk
Customer_00539,4,2026-08-05,Standard,mid_value,10,96,5,36,75,100,75,82.5,11.2,11.5,2.6086956521739197,0,0,0,0,0,0,0,0,Low Risk
Customer_00540,7,2026-08-01,Standard,mid_value,5,105,5,37,100,100,75,95.0,5.0,,,1,1,0,0,0,0,0,0,Low Risk
Customer_00540,7,2026-08-02,Standard,mid_value,8,81,22,39,75,75,75,75.0,6.5,5.0,-30.0,1,1,0,1,0,0,0,25,Low Risk
Customer_00540,7,2026-08-03,Standard,mid_value,5,82,17,23,75,75,100,80.0,6.0,6.5,7.6923076923076925,1,1,0,0,0,0,0,0,Low Risk
Customer_00540,7,2026-08-04,Standard,mid_value,6,93,10,11,75,100,100,87.5,6.0,6.0,0.0,1,1,0,0,0,0,0,0,Low Risk
Customer_00540,7,2026-08-05,Standard,mid_value,10,93,12,18,75,75,100,80.0,6.8,6.0,-13.33333333333333,1,1,0,0,0,0,0,0,Low Risk
Customer_00541,3,2026-08-01,Standard,mid_value,9,105,12,33,100,75,75,87.5,9.0,,,0,0,0,0,0,0,0,0,Low Risk
Customer_00541,3,2026-08-02,Standard,mid_value,11,83,29,13,75,75,100,80.0,10.0,9.0,-11.11111111111111,0,0,0,1,0,0,0,25,Low Risk
Customer_00541,3,2026-08-03,Standard,mid_value,13,80,7,33,75,100,75,82.5,11.0,10.0,-10.0,0,0,0,0,0,0,0,0,Low Risk
Customer_00541,3,2026-08-04,Standard,mid_value,11,101,15,42,100,75,75,87.5,11.0,11.0,0.0,0,0,0,0,1,0,0,20,Low Risk
Customer_00541,3,2026-08-05,Standard,mid_value,9,102,20,29,100,75,100,92.5,10.6,11.0,3.63636363636364,0,0,0,0,0,0,0,0,Low Risk
Customer_00542,7,2026-08-01,Standard,mid_value,13,114,13,16,100,75,100,92.5,13.0,,,0,0,0,0,0,0,0,0,Low Risk
Customer_00542,7,2026-08-02,Standard,mid_value,7,110,17,15,100,75,100,92.5,10.0,13.0,23.07692307692308,0,0,0,0,0,0,0,0,Low Risk
Customer_00542,7,2026-08-03,Standard,mid_value,9,109,11,15,100,75,100,92.5,9.666666666666666,10.0,3.33333333333334,0,0,0,0,0,0,0,0,Low Risk
Customer_00542,7,2026-08-04,Standard,mid_value,11,82,12,48,75,75,75,75.0,10.0,9.666666666666666,-3.4482758620689715,0,0,0,0,1,0,0,20,Low Risk
Customer_00542,7,2026-08-05,Standard,mid_value,11,103,9,23,100,100,100,100.0,10.2,10.0,-1.999999999999993,0,0,0,0,0,0,0,0,Low Risk
Customer_00543,1,2026-08-01,Premium,high_value,13,199,25,28,100,75,100,92.5,13.0,,,1,1,0,1,0,0,0,25,Low Risk
Customer_00543,1,2026-08-02,Premium,high_value,11,238,26,26,100,75,100,92.5,12.0,13.0,7.6923076923076925,1,1,0,1,0,0,0,25,Low Risk
Customer_00543,1,2026-08-03,Premium,high_value,13,227,16,42,100,75,75,87.5,12.333333333333334,12.0,-2.777777777777783,1,1,0,0,1,0,0,20,Low Risk
Customer_00543,1,2026-08-04,Premium,high_value,16,156,7,14,100,100,100,100.0,13.25,12.333333333333334,-7.432432432432427,1,1,0,0,0,0,0,0,Low Risk
Customer_00543,1,2026-08-05,Premium,high_value,16,210,30,12,100,75,100,92.5,13.8,13.25,-4.15094339622642,1,1,0,1,0,0,0,25,Low Risk
Customer_00544,9,2026-08-01,Premium,high_value,21,183,5,23,100,100,100,100.0,21.0,,,1,1,0,0,0,0,0,0,Low Risk
Customer_00544,9,2026-08-02,Premium,high_value,23,213,20,28,100,75,100,92.5,22.0,21.0,-4.761904761904762,1,1,0,0,0,0,0,0,Low Risk
Customer_00544,9,2026-08-03,Premium,high_value,24,197,22,13,100,75,100,92.5,22.666666666666668,22.0,-3.030303030303036,1,1,0,1,0,0,0,25,Low Risk
Customer_00544,9,2026-08-04,Premium,high_value,20,156,27,34,100,75,75,87.5,22.0,22.666666666666668,2.9411764705882404,1,1,0,1,0,0,0,25,Low Risk
Customer_00544,9,2026-08-05,Premium,high_value,22,175,0,32,100,100,75,95.0,22.0,22.0,0.0,1,1,0,0,0,0,0,0,Low Risk
Customer_00545,10,2026-08-01,Premium,high_value,21,225,7,45,100,100,75,95.0,21.0,,,0,0,0,0,1,0,0,20,Low Risk
Customer_00545,10,2026-08-02,Premium,high_value,20,185,7,19,100,100,100,100.0,20.5,21.0,2.380952380952381,0,0,0,0,0,0,0,0,Low Risk
Customer_00545,10,2026-08-03,Premium,high_value,13,154,0,41,100,100,75,95.0,18.0,20.5,12.195121951219512,0,0,0,0,1,0,0,20,Low Risk
Customer_00545,10,2026-08-04,Premium,high_value,22,224,24,24,100,75,100,92.5,19.0,18.0,-5.555555555555555,0,0,0,1,0,0,0,25,Low Risk
Customer_00545,10,2026-08-05,Premium,high_value,15,193,24,29,100,75,100,92.5,18.2,19.0,4.210526315789478,0,0,0,1,0,0,0,25,Low Risk
Customer_00546,5,2026-08-01,Premium,high_value,11,246,12,16,100,75,100,92.5,11.0,,,1,1,0,0,0,0,0,0,Low Risk
Customer_00546,5,2026-08-02,Premium,high_value,11,155,22,21,100,75,100,92.5,11.0,11.0,0.0,1,1,0,1,0,0,0,25,Low Risk
Customer_00546,5,2026-08-03,Premium,high_value,12,180,28,42,100,75,75,87.5,11.333333333333334,11.0,-3.030303030303036,1,1,0,1,1,0,0,45,Medium Risk
Customer_00546,5,2026-08-04,Premium,high_value,19,168,2,21,100,100,100,100.0,13.25,11.333333333333334,-16.911764705882344,1,1,0,0,0,0,0,0,Low Risk
Customer_00546,5,2026-08-05,Premium,high_value,14,218,12,24,100,75,100,92.5,13.4,13.25,-1.1320754716981158,1,1,0,0,0,0,0,0,Low Risk
Customer_00547,8,2026-08-01,Premium,high_value,23,176,20,37,100,75,75,87.5,23.0,,,1,1,0,0,0,0,0,0,Low Risk
Customer_00547,8,2026-08-02,Premium,high_value,13,250,25,32,100,75,75,87.5,18.0,23.0,21.73913043478261,1,1,0,1,0,0,0,25,Low Risk
Customer_00547,8,2026-08-03,Premium,high_value,18,227,8,16,100,100,100,100.0,18.0,18.0,0.0,1,1,0,0,0,0,0,0,Low Risk
Customer_00547,8,2026-08-04,Premium,high_value,13,197,0,30,100,100,100,100.0,16.75,18.0,6.944444444444445,1,1,0,0,0,0,0,0,Low Risk
Customer_00547,8,2026-08-05,Premium,high_value,10,187,2,20,100,100,100,100.0,15.4,16.75,8.059701492537313,1,1,0,0,0,0,0,0,Low Risk
Customer_00548,10,2026-08-01,Premium,high_value,11,199,10,28,100,100,100,100.0,11.0,,,0,0,0,0,0,0,0,0,Low Risk
Customer_00548,10,2026-08-02,Premium,high_value,18,241,14,45,100,75,75,87.5,14.5,11.0,-31.818181818181817,0,0,0,0,1,0,0,20,Low Risk
Customer_00548,10,2026-08-03,Premium,high_value,17,213,4,48,100,100,75,95.0,15.333333333333334,14.5,-5.747126436781613,0,0,0,0,1,0,0,20,Low Risk
Customer_00548,10,2026-08-04,Premium,high_value,22,169,25,49,100,75,75,87.5,17.0,15.333333333333334,-10.8695652173913,0,0,0,1,1,0,0,45,Medium Risk
Customer_00548,10,2026-08-05,Premium,high_value,11,241,21,29,100,75,100,92.5,15.8,17.0,7.05882352941176,0,0,0,1,0,0,0,25,Low Risk
Customer_00549,8,2026-08-01,Premium,high_value,22,188,13,21,100,75,100,92.5,22.0,,,1,1,0,0,0,0,0,0,Low Risk
Customer_00549,8,2026-08-02,Premium,high_value,16,161,27,18,100,75,100,92.5,19.0,22.0,13.636363636363637,1,1,0,1,0,0,0,25,Low Risk
Customer_00549,8,2026-08-03,Premium,high_value,24,162,23,47,100,75,75,87.5,20.666666666666668,19.0,-8.77192982456141,1,1,0,1,1,0,0,45,Medium Risk
Customer_00549,8,2026-08-04,Premium,high_value,21,190,18,40,100,75,75,87.5,20.75,20.666666666666668,-0.4032258064516071,1,1,0,0,0,0,0,0,Low Risk
Customer_00549,8,2026-08-05,Premium,high_value,17,220,8,10,100,100,100,100.0,20.0,20.75,3.614457831325301,1,1,0,0,0,0,0,0,Low Risk
Customer_00550,6,2026-08-01,Premium,high_value,11,224,18,35,100,75,75,87.5,11.0,,,1,1,0,0,0,0,0,0,Low Risk
Customer_00550,6,2026-08-02,Premium,high_value,19,202,5,17,100,100,100,100.0,15.0,11.0,-36.36363636363637,1,1,0,0,0,0,0,0,Low Risk
Customer_00550,6,2026-08-03,Premium,high_value,19,219,7,13,100,100,100,100.0,16.333333333333332,15.0,-8.88888888888888,1,1,0,0,0,0,0,0,Low Risk
Customer_00550,6,2026-08-04,Premium,high_value,17,236,25,49,100,75,75,87.5,16.5,16.333333333333332,-1.0204081632653137,1,1,0,1,1,0,0,45,Medium Risk
Customer_00550,6,2026-08-05,Premium,high_value,14,193,11,24,100,75,100,92.5,16.0,16.5,3.0303030303030303,1,1,0,0,0,0,0,0,Low Risk
Customer_00551,3,2026-08-01,Premium,high_value,13,157,19,27,100,75,100,92.5,13.0,,,1,1,0,0,0,0,0,0,Low Risk
Customer_00551,3,2026-08-02,Premium,high_value,13,203,10,15,100,100,100,100.0,13.0,13.0,0.0,1,1,0,0,0,0,0,0,Low Risk
Customer_00551,3,2026-08-03,Premium,high_value,11,194,3,41,100,100,75,95.0,12.333333333333334,13.0,5.128205128205124,1,1,0,0,1,0,0,20,Low Risk
Customer_00551,3,2026-08-04,Premium,high_value,21,170,19,25,100,75,100,92.5,14.5,12.333333333333334,-17.56756756756756,1,1,0,0,0,0,0,0,Low Risk
Customer_00551,3,2026-08-05,Premium,high_value,22,230,29,45,100,75,75,87.5,16.0,14.5,-10.344827586206897,1,1,0,1,1,0,0,45,Medium Risk
Customer_00552,5,2026-08-01,Standard,mid_value,7,94,2,34,75,100,75,82.5,7.0,,,0,0,0,0,0,0,0,0,Low Risk
Customer_00552,5,2026-08-02,Standard,mid_value,12,84,23,37,75,75,75,75.0,9.5,7.0,-35.714285714285715,0,0,0,1,0,0,0,25,Low Risk
Customer_00552,5,2026-08-03,Standard,mid_value,10,89,29,18,75,75,100,80.0,9.666666666666666,9.5,-1.7543859649122744,0,0,0,1,0,0,0,25,Low Risk
Customer_00552,5,2026-08-04,Standard,mid_value,10,88,8,19,75,100,100,87.5,9.75,9.666666666666666,-0.8620689655172477,0,0,0,0,0,0,0,0,Low Risk
Customer_00552,5,2026-08-05,Standard,mid_value,11,94,20,23,75,75,100,80.0,10.0,9.75,-2.564102564102564,0,0,0,0,0,0,0,0,Low Risk
Customer_00553,2,2026-08-01,Premium,high_value,19,221,22,32,100,75,75,87.5,19.0,,,0,0,0,1,0,0,0,25,Low Risk
Customer_00553,2,2026-08-02,Premium,high_value,20,243,16,16,100,75,100,92.5,19.5,19.0,-2.631578947368421,0,0,0,0,0,0,0,0,Low Risk
Customer_00553,2,2026-08-03,Premium,high_value,19,205,21,11,100,75,100,92.5,19.33333333333333,19.5,0.8547008547008609,0,0,0,1,0,0,0,25,Low Risk
Customer_00553,2,2026-08-04,Premium,high_value,12,173,23,38,100,75,75,87.5,17.5,19.33333333333333,9.48275862068965,0,0,0,1,0,0,0,25,Low Risk
Customer_00553,2,2026-08-05,Premium,high_value,24,168,24,46,100,75,75,87.5,18.8,17.5,-7.428571428571433,0,0,0,1,1,0,0,45,Medium Risk
Customer_00554,9,2026-08-01,Premium,high_value,24,155,27,35,100,75,75,87.5,24.0,,,0,0,0,1,0,0,0,25,Low Risk
Customer_00554,9,2026-08-02,Premium,high_value,21,176,2,28,100,100,100,100.0,22.5,24.0,6.25,0,0,0,0,0,0,0,0,Low Risk
Customer_00554,9,2026-08-03,Premium,high_value,22,226,24,43,100,75,75,87.5,22.33333333333333,22.5,0.740740740740746,0,0,0,1,1,0,0,45,Medium Risk
Customer_00554,9,2026-08-04,Premium,high_value,19,238,29,14,100,75,100,92.5,21.5,22.33333333333333,3.731343283582084,0,0,0,1,0,0,0,25,Low Risk
Customer_00554,9,2026-08-05,Premium,high_value,14,214,2,45,100,100,75,95.0,20.0,21.5,6.976744186046512,0,0,0,0,1,0,0,20,Low Risk
Customer_00555,3,2026-08-01,Premium,high_value,22,167,22,47,100,75,75,87.5,22.0,,,0,0,0,1,1,0,0,45,Medium Risk
Customer_00555,3,2026-08-02,Premium,high_value,12,209,1,27,100,100,100,100.0,17.0,22.0,22.727272727272727,0,0,0,0,0,0,0,0,Low Risk
Customer_00555,3,2026-08-03,Premium,high_value,23,179,6,38,100,100,75,95.0,19.0,17.0,-11.76470588235294,0,0,0,0,0,0,0,0,Low Risk
Customer_00555,3,2026-08-04,Premium,high_value,18,178,7,21,100,100,100,100.0,18.75,19.0,1.3157894736842104,0,0,0,0,0,0,0,0,Low Risk
Customer_00555,3,2026-08-05,Premium,high_value,14,184,1,25,100,100,100,100.0,17.8,18.75,5.066666666666663,0,0,0,0,0,0,0,0,Low Risk
Customer_00556,7,2026-08-01,Premium,high_value,17,195,8,31,100,100,75,95.0,17.0,,,0,0,0,0,0,0,0,0,Low Risk
Customer_00556,7,2026-08-02,Premium,high_value,16,224,11,37,100,75,75,87.5,16.5,17.0,2.941176470588235,0,0,0,0,0,0,0,0,Low Risk
Customer_00556,7,2026-08-03,Premium,high_value,19,195,10,47,100,100,75,95.0,17.333333333333332,16.5,-5.050505050505043,0,0,0,0,1,0,0,20,Low Risk
Customer_00556,7,2026-08-04,Premium,high_value,25,155,14,18,100,75,100,92.5,19.25,17.333333333333332,-11.057692307692315,0,0,0,0,0,0,0,0,Low Risk
Customer_00556,7,2026-08-05,Premium,high_value,14,228,28,46,100,75,75,87.5,18.2,19.25,5.454545454545459,0,0,0,1,1,0,0,45,Medium Risk
Customer_00557,8,2026-08-01,Premium,high_value,11,206,10,35,100,100,75,95.0,11.0,,,1,1,0,0,0,0,0,0,Low Risk
Customer_00557,8,2026-08-02,Premium,high_value,13,248,13,38,100,75,75,87.5,12.0,11.0,-9.090909090909092,1,1,0,0,0,0,0,0,Low Risk
Customer_00557,8,2026-08-03,Premium,high_value,13,179,11,49,100,75,75,87.5,12.333333333333334,12.0,-2.777777777777783,1,1,0,0,1,0,0,20,Low Risk
Customer_00557,8,2026-08-04,Premium,high_value,15,215,22,11,100,75,100,92.5,13.0,12.333333333333334,-5.4054054054054,1,1,0,1,0,0,0,25,Low Risk
Customer_00557,8,2026-08-05,Premium,high_value,15,186,19,48,100,75,75,87.5,13.4,13.0,-3.0769230769230798,1,1,0,0,1,0,0,20,Low Risk
Customer_00558,7,2026-08-01,Premium,high_value,24,208,20,48,100,75,75,87.5,24.0,,,0,0,0,0,1,0,0,20,Low Risk
Customer_00558,7,2026-08-02,Premium,high_value,25,217,17,43,100,75,75,87.5,24.5,24.0,-2.083333333333333,0,0,0,0,1,0,0,20,Low Risk
Customer_00558,7,2026-08-03,Premium,high_value,14,184,23,24,100,75,100,92.5,21.0,24.5,14.285714285714285,0,0,0,1,0,0,0,25,Low Risk
Customer_00558,7,2026-08-04,Premium,high_value,17,171,7,31,100,100,75,95.0,20.0,21.0,4.761904761904762,0,0,0,0,0,0,0,0,Low Risk
Customer_00558,7,2026-08-05,Premium,high_value,11,183,10,39,100,100,75,95.0,18.2,20.0,9.000000000000004,0,0,0,0,0,0,0,0,Low Risk
Customer_00559,10,2026-08-01,Basic,low_value,4,45,14,24,50,75,100,67.5,4.0,,,1,1,0,0,0,0,0,0,Low Risk
Customer_00559,10,2026-08-02,Basic,low_value,4,46,1,11,50,100,100,75.0,4.0,4.0,0.0,1,1,0,0,0,0,0,0,Low Risk
Customer_00559,10,2026-08-03,Basic,low_value,3,58,4,17,75,100,100,87.5,3.6666666666666665,4.0,8.333333333333337,1,1,0,0,0,0,0,0,Low Risk
Customer_00559,10,2026-08-04,Basic,low_value,4,48,3,21,50,100,100,75.0,3.75,3.6666666666666665,-2.272727272727277,1,1,0,0,0,0,0,0,Low Risk
Customer_00559,10,2026-08-05,Basic,low_value,2,42,21,21,50,75,100,67.5,3.4,3.75,9.333333333333336,1,1,0,1,0,0,0,25,Low Risk
Customer_00560,2,2026-08-01,Basic,low_value,1,59,25,28,75,75,100,80.0,1.0,,,1,1,0,1,0,0,0,25,Low Risk
Customer_00560,2,2026-08-02,Basic,low_value,5,55,19,13,75,75,100,80.0,3.0,1.0,-200.0,1,1,0,0,0,0,0,0,Low Risk
Customer_00560,2,2026-08-03,Basic,low_value,4,54,3,32,75,100,75,82.5,3.333333333333333,3.0,-11.111111111111116,1,1,0,0,0,0,0,0,Low Risk
Customer_00560,2,2026-08-04,Basic,low_value,1,53,11,18,75,75,100,80.0,2.75,3.333333333333333,17.500000000000004,1,1,0,0,0,0,0,0,Low Risk
Customer_00560,2,2026-08-05,Basic,low_value,1,57,27,14,75,75,100,80.0,2.4,2.75,12.727272727272732,1,1,0,1,0,0,0,25,Low Risk
Customer_00561,6,2026-08-01,Premium,high_value,11,193,22,46,100,75,75,87.5,11.0,,,1,1,0,1,1,0,0,45,Medium Risk
Customer_00561,6,2026-08-02,Premium,high_value,13,239,21,15,100,75,100,92.5,12.0,11.0,-9.090909090909092,1,1,0,1,0,0,0,25,Low Risk
Customer_00561,6,2026-08-03,Premium,high_value,25,198,29,29,100,75,100,92.5,16.333333333333332,12.0,-36.1111111111111,1,1,0,1,0,0,0,25,Low Risk
Customer_00561,6,2026-08-04,Premium,high_value,19,241,25,34,100,75,75,87.5,17.0,16.333333333333332,-4.081632653061232,1,1,0,1,0,0,0,25,Low Risk
Customer_00561,6,2026-08-05,Premium,high_value,13,240,16,39,100,75,75,87.5,16.2,17.0,4.70588235294118,1,1,0,0,0,0,0,0,Low Risk
Customer_00562,2,2026-08-01,Premium,high_value,19,161,22,40,100,75,75,87.5,19.0,,,0,0,0,1,0,0,0,25,Low Risk
Customer_00562,2,2026-08-02,Premium,high_value,25,200,11,33,100,75,75,87.5,22.0,19.0,-15.789473684210526,0,0,0,0,0,0,0,0,Low Risk
Customer_00562,2,2026-08-03,Premium,high_value,23,198,10,24,100,100,100,100.0,22.33333333333333,22.0,-1.5151515151515098,0,0,0,0,0,0,0,0,Low Risk
Customer_00562,2,2026-08-04,Premium,high_value,24,236,20,37,100,75,75,87.5,22.75,22.33333333333333,-1.8656716417910504,0,0,0,0,0,0,0,0,Low Risk
Customer_00562,2,2026-08-05,Premium,high_value,17,245,28,16,100,75,100,92.5,21.6,22.75,5.0549450549450485,0,0,0,1,0,0,0,25,Low Risk
Customer_00563,5,2026-08-01,Premium,high_value,13,214,22,32,100,75,75,87.5,13.0,,,0,0,0,1,0,0,0,25,Low Risk
Customer_00563,5,2026-08-02,Premium,high_value,21,172,22,35,100,75,75,87.5,17.0,13.0,-30.76923076923077,0,0,0,1,0,0,0,25,Low Risk
Customer_00563,5,2026-08-03,Premium,high_value,11,233,27,18,100,75,100,92.5,15.0,17.0,11.76470588235294,0,0,0,1,0,0,0,25,Low Risk
Customer_00563,5,2026-08-04,Premium,high_value,21,176,2,17,100,100,100,100.0,16.5,15.0,-10.0,0,0,0,0,0,0,0,0,Low Risk
Customer_00563,5,2026-08-05,Premium,high_value,17,204,28,32,100,75,75,87.5,16.6,16.5,-0.6060606060606146,0,0,0,1,0,0,0,25,Low Risk
Customer_00564,7,2026-08-01,Premium,high_value,15,189,20,16,100,75,100,92.5,15.0,,,1,1,0,0,0,0,0,0,Low Risk
Customer_00564,7,2026-08-02,Premium,high_value,16,236,30,32,100,75,75,87.5,15.5,15.0,-3.333333333333333,1,1,0,1,0,0,0,25,Low Risk
Customer_00564,7,2026-08-03,Premium,high_value,19,174,20,38,100,75,75,87.5,16.666666666666668,15.5,-7.526881720430115,1,1,0,0,0,0,0,0,Low Risk
Customer_00564,7,2026-08-04,Premium,high_value,15,195,8,47,100,100,75,95.0,16.25,16.666666666666668,2.500000000000007,1,1,0,0,1,0,0,20,Low Risk
Customer_00564,7,2026-08-05,Premium,high_value,24,201,29,14,100,75,100,92.5,17.8,16.25,-9.538461538461544,1,1,0,1,0,0,0,25,Low Risk
Customer_00565,10,2026-08-01,Premium,high_value,10,202,18,45,100,75,75,87.5,10.0,,,1,1,0,0,1,0,0,20,Low Risk
Customer_00565,10,2026-08-02,Premium,high_value,25,152,29,20,100,75,100,92.5,17.5,10.0,-75.0,1,1,0,1,0,0,0,25,Low Risk
Customer_00565,10,2026-08-03,Premium,high_value,21,154,15,17,100,75,100,92.5,18.666666666666668,17.5,-6.666666666666673,1,1,0,0,0,0,0,0,Low Risk
Customer_00565,10,2026-08-04,Premium,high_value,21,162,7,40,100,100,75,95.0,19.25,18.666666666666668,-3.1249999999999933,1,1,0,0,0,0,0,0,Low Risk
Customer_00565,10,2026-08-05,Premium,high_value,24,166,9,41,100,100,75,95.0,20.2,19.25,-4.935064935064931,1,1,0,0,1,0,0,20,Low Risk
Customer_00566,4,2026-08-01,Premium,high_value,23,249,6,24,100,100,100,100.0,23.0,,,0,0,0,0,0,0,0,0,Low Risk
Customer_00566,4,2026-08-02,Premium,high_value,19,173,2,11,100,100,100,100.0,21.0,23.0,8.695652173913043,0,0,0,0,0,0,0,0,Low Risk
Customer_00566,4,2026-08-03,Premium,high_value,16,191,17,31,100,75,75,87.5,19.33333333333333,21.0,7.936507936507942,0,0,0,0,0,0,0,0,Low Risk
Customer_00566,4,2026-08-04,Premium,high_value,12,226,1,33,100,100,75,95.0,17.5,19.33333333333333,9.48275862068965,0,0,0,0,0,0,0,0,Low Risk
Customer_00566,4,2026-08-05,Premium,high_value,13,198,9,31,100,100,75,95.0,16.6,17.5,5.142857142857134,0,0,0,0,0,0,0,0,Low Risk
Customer_00567,4,2026-08-01,Standard,mid_value,7,80,20,15,75,75,100,80.0,7.0,,,0,0,0,0,0,0,0,0,Low Risk
Customer_00567,4,2026-08-02,Standard,mid_value,6,103,29,49,100,75,75,87.5,6.5,7.0,7.142857142857142,0,0,0,1,1,0,0,45,Medium Risk
Customer_00567,4,2026-08-03,Standard,mid_value,14,104,4,32,100,100,75,95.0,9.0,6.5,-38.46153846153847,0,0,0,0,0,0,0,0,Low Risk
Customer_00567,4,2026-08-04,Standard,mid_value,6,114,7,39,100,100,75,95.0,8.25,9.0,8.333333333333332,0,0,0,0,0,0,0,0,Low Risk
Customer_00567,4,2026-08-05,Standard,mid_value,10,85,26,20,75,75,100,80.0,8.6,8.25,-4.242424242424238,0,0,0,1,0,0,0,25,Low Risk
Customer_00568,10,2026-08-01,Standard,mid_value,8,98,20,37,75,75,75,75.0,8.0,,,1,1,0,0,0,0,0,0,Low Risk
Customer_00568,10,2026-08-02,Standard,mid_value,13,103,23,49,100,75,75,87.5,10.5,8.0,-31.25,1,1,0,1,1,0,0,45,Medium Risk
Customer_00568,10,2026-08-03,Standard,mid_value,13,103,2,27,100,100,100,100.0,11.333333333333334,10.5,-7.936507936507942,1,1,0,0,0,0,0,0,Low Risk
Customer_00568,10,2026-08-04,Standard,mid_value,7,86,2,34,75,100,75,82.5,10.25,11.333333333333334,9.55882352941177,1,1,0,0,0,0,0,0,Low Risk
Customer_00568,10,2026-08-05,Standard,mid_value,13,84,26,25,75,75,100,80.0,10.8,10.25,-5.365853658536592,1,1,0,1,0,0,0,25,Low Risk
Customer_00569,8,2026-08-01,Premium,high_value,20,188,17,10,100,75,100,92.5,20.0,,,0,0,0,0,0,0,0,0,Low Risk
Customer_00569,8,2026-08-02,Premium,high_value,19,169,16,32,100,75,75,87.5,19.5,20.0,2.5,0,0,0,0,0,0,0,0,Low Risk
Customer_00569,8,2026-08-03,Premium,high_value,22,161,10,32,100,100,75,95.0,20.33333333333333,19.5,-4.273504273504267,0,0,0,0,0,0,0,0,Low Risk
Customer_00569,8,2026-08-04,Premium,high_value,24,172,19,45,100,75,75,87.5,21.25,20.33333333333333,-4.5081967213114815,0,0,0,0,1,0,0,20,Low Risk
Customer_00569,8,2026-08-05,Premium,high_value,17,224,4,29,100,100,100,100.0,20.4,21.25,4.000000000000007,0,0,0,0,0,0,0,0,Low Risk
Customer_00570,6,2026-08-01,Premium,high_value,13,183,27,24,100,75,100,92.5,13.0,,,1,1,0,1,0,0,0,25,Low Risk
Customer_00570,6,2026-08-02,Premium,high_value,25,197,5,41,100,100,75,95.0,19.0,13.0,-46.15384615384615,1,1,0,0,1,0,0,20,Low Risk
Customer_00570,6,2026-08-03,Premium,high_value,11,186,3,39,100,100,75,95.0,16.333333333333332,19.0,14.035087719298254,1,1,0,0,0,0,0,0,Low Risk
Customer_00570,6,2026-08-04,Premium,high_value,13,244,21,43,100,75,75,87.5,15.5,16.333333333333332,5.102040816326523,1,1,0,1,1,0,0,45,Medium Risk
Customer_00570,6,2026-08-05,Premium,high_value,23,231,12,25,100,75,100,92.5,17.0,15.5,-9.67741935483871,1,1,0,0,0,0,0,0,Low Risk
Customer_00571,7,2026-08-01,Standard,mid_value,5,109,24,34,100,75,75,87.5,5.0,,,1,1,0,1,0,0,0,25,Low Risk
Customer_00571,7,2026-08-02,Standard,mid_value,7,110,13,28,100,75,100,92.5,6.0,5.0,-20.0,1,1,0,0,0,0,0,0,Low Risk
Customer_00571,7,2026-08-03,Standard,mid_value,8,102,2,35,100,100,75,95.0,6.666666666666667,6.0,-11.111111111111116,1,1,0,0,0,0,0,0,Low Risk
Customer_00571,7,2026-08-04,Standard,mid_value,8,119,15,28,100,75,100,92.5,7.0,6.666666666666667,-4.999999999999996,1,1,0,0,0,0,0,0,Low Risk
Customer_00571,7,2026-08-05,Standard,mid_value,10,87,0,14,75,100,100,87.5,7.6,7.0,-8.571428571428566,1,1,0,0,0,0,0,0,Low Risk
Customer_00572,2,2026-08-01,Basic,low_value,2,53,6,15,75,100,100,87.5,2.0,,,0,0,0,0,0,0,0,0,Low Risk
Customer_00572,2,2026-08-02,Basic,low_value,3,52,19,39,75,75,75,75.0,2.5,2.0,-25.0,0,0,0,0,0,0,0,0,Low Risk
Customer_00572,2,2026-08-03,Basic,low_value,4,41,26,29,50,75,100,67.5,3.0,2.5,-20.0,0,0,0,1,0,0,0,25,Low Risk
Customer_00572,2,2026-08-04,Basic,low_value,3,50,22,39,75,75,75,75.0,3.0,3.0,0.0,0,0,0,1,0,0,0,25,Low Risk
Customer_00572,2,2026-08-05,Basic,low_value,2,44,20,39,50,75,75,62.5,2.8,3.0,6.666666666666672,0,0,0,0,0,0,0,0,Low Risk
Customer_00573,1,2026-08-01,Standard,mid_value,9,115,25,44,100,75,75,87.5,9.0,,,1,1,0,1,1,0,0,45,Medium Risk
Customer_00573,1,2026-08-02,Standard,mid_value,6,108,18,17,100,75,100,92.5,7.5,9.0,16.666666666666664,1,1,0,0,0,0,0,0,Low Risk
Customer_00573,1,2026-08-03,Standard,mid_value,14,85,13,50,75,75,75,75.0,9.666666666666666,7.5,-28.88888888888888,1,1,0,0,1,0,0,20,Low Risk
Customer_00573,1,2026-08-04,Standard,mid_value,11,118,12,45,100,75,75,87.5,10.0,9.666666666666666,-3.4482758620689715,1,1,0,0,1,0,0,20,Low Risk
Customer_00573,1,2026-08-05,Standard,mid_value,11,88,3,39,75,100,75,82.5,10.2,10.0,-1.999999999999993,1,1,0,0,0,0,0,0,Low Risk
Customer_00574,9,2026-08-01,Standard,mid_value,14,119,15,46,100,75,75,87.5,14.0,,,1,1,0,0,1,0,0,20,Low Risk
Customer_00574,9,2026-08-02,Standard,mid_value,13,103,7,12,100,100,100,100.0,13.5,14.0,3.571428571428571,1,1,0,0,0,0,0,0,Low Risk
Customer_00574,9,2026-08-03,Standard,mid_value,9,106,8,38,100,100,75,95.0,12.0,13.5,11.11111111111111,1,1,0,0,0,0,0,0,Low Risk
Customer_00574,9,2026-08-04,Standard,mid_value,11,111,29,37,100,75,75,87.5,11.75,12.0,2.083333333333333,1,1,0,1,0,0,0,25,Low Risk
Customer_00574,9,2026-08-05,Standard,mid_value,9,96,24,36,75,75,75,75.0,11.2,11.75,4.6808510638297935,1,1,0,1,0,0,0,25,Low Risk
Customer_00575,2,2026-08-01,Premium,high_value,18,191,28,31,100,75,75,87.5,18.0,,,1,1,0,1,0,0,0,25,Low Risk
Customer_00575,2,2026-08-02,Premium,high_value,12,172,9,33,100,100,75,95.0,15.0,18.0,16.666666666666664,1,1,0,0,0,0,0,0,Low Risk
Customer_00575,2,2026-08-03,Premium,high_value,16,224,3,11,100,100,100,100.0,15.333333333333334,15.0,-2.2222222222222263,1,1,0,0,0,0,0,0,Low Risk
Customer_00575,2,2026-08-04,Premium,high_value,12,177,23,29,100,75,100,92.5,14.5,15.333333333333334,5.434782608695656,1,1,0,1,0,0,0,25,Low Risk
Customer_00575,2,2026-08-05,Premium,high_value,23,161,24,19,100,75,100,92.5,16.2,14.5,-11.72413793103448,1,1,0,1,0,0,0,25,Low Risk
Customer_00576,3,2026-08-01,Standard,mid_value,10,92,1,22,75,100,100,87.5,10.0,,,0,0,0,0,0,0,0,0,Low Risk
Customer_00576,3,2026-08-02,Standard,mid_value,7,88,27,15,75,75,100,80.0,8.5,10.0,15.0,0,0,0,1,0,0,0,25,Low Risk
Customer_00576,3,2026-08-03,Standard,mid_value,7,88,19,35,75,75,75,75.0,8.0,8.5,5.88235294117647,0,0,0,0,0,0,0,0,Low Risk
Customer_00576,3,2026-08-04,Standard,mid_value,13,111,9,30,100,100,100,100.0,9.25,8.0,-15.625,0,0,0,0,0,0,0,0,Low Risk
Customer_00576,3,2026-08-05,Standard,mid_value,14,107,17,10,100,75,100,92.5,10.2,9.25,-10.270270270270265,0,0,0,0,0,0,0,0,Low Risk
Customer_00577,4,2026-08-01,Standard,mid_value,10,96,29,40,75,75,75,75.0,10.0,,,1,1,0,1,0,0,0,25,Low Risk
Customer_00577,4,2026-08-02,Standard,mid_value,10,85,10,29,75,100,100,87.5,10.0,10.0,0.0,1,1,0,0,0,0,0,0,Low Risk
Customer_00577,4,2026-08-03,Standard,mid_value,6,85,19,48,75,75,75,75.0,8.666666666666666,10.0,13.33333333333334,1,1,0,0,1,0,0,20,Low Risk
Customer_00577,4,2026-08-04,Standard,mid_value,7,118,24,12,100,75,100,92.5,8.25,8.666666666666666,4.807692307692301,1,1,0,1,0,0,0,25,Low Risk
Customer_00577,4,2026-08-05,Standard,mid_value,6,106,18,17,100,75,100,92.5,7.8,8.25,5.454545454545457,1,1,0,0,0,0,0,0,Low Risk
Customer_00578,1,2026-08-01,Standard,mid_value,8,99,2,38,75,100,75,82.5,8.0,,,0,0,0,0,0,0,0,0,Low Risk
Customer_00578,1,2026-08-02,Standard,mid_value,10,82,17,21,75,75,100,80.0,9.0,8.0,-12.5,0,0,0,0,0,0,0,0,Low Risk
Customer_00578,1,2026-08-03,Standard,mid_value,8,118,24,13,100,75,100,92.5,8.666666666666666,9.0,3.7037037037037104,0,0,0,1,0,0,0,25,Low Risk
Customer_00578,1,2026-08-04,Standard,mid_value,11,84,20,40,75,75,75,75.0,9.25,8.666666666666666,-6.730769230769237,0,0,0,0,0,0,0,0,Low Risk
Customer_00578,1,2026-08-05,Standard,mid_value,7,116,23,12,100,75,100,92.5,8.8,9.25,4.864864864864858,0,0,0,1,0,0,0,25,Low Risk
Customer_00579,8,2026-08-01,Premium,high_value,23,197,23,34,100,75,75,87.5,23.0,,,1,1,0,1,0,0,0,25,Low Risk
Customer_00579,8,2026-08-02,Premium,high_value,15,176,11,39,100,75,75,87.5,19.0,23.0,17.391304347826086,1,1,0,0,0,0,0,0,Low Risk
Customer_00579,8,2026-08-03,Premium,high_value,22,158,26,37,100,75,75,87.5,20.0,19.0,-5.263157894736842,1,1,0,1,0,0,0,25,Low Risk
Customer_00579,8,2026-08-04,Premium,high_value,24,233,6,43,100,100,75,95.0,21.0,20.0,-5.0,1,1,0,0,1,0,0,20,Low Risk
Customer_00579,8,2026-08-05,Premium,high_value,18,163,9,14,100,100,100,100.0,20.4,21.0,2.857142857142864,1,1,0,0,0,0,0,0,Low Risk
Customer_00580,5,2026-08-01,Premium,high_value,15,245,4,48,100,100,75,95.0,15.0,,,0,0,0,0,1,0,0,20,Low Risk
Customer_00580,5,2026-08-02,Premium,high_value,21,244,29,23,100,75,100,92.5,18.0,15.0,-20.0,0,0,0,1,0,0,0,25,Low Risk
Customer_00580,5,2026-08-03,Premium,high_value,17,218,18,28,100,75,100,92.5,17.666666666666668,18.0,1.8518518518518448,0,0,0,0,0,0,0,0,Low Risk
Customer_00580,5,2026-08-04,Premium,high_value,14,216,13,47,100,75,75,87.5,16.75,17.666666666666668,5.1886792452830255,0,0,0,0,1,0,0,20,Low Risk
Customer_00580,5,2026-08-05,Premium,high_value,11,182,24,25,100,75,100,92.5,15.6,16.75,6.865671641791046,0,0,0,1,0,0,0,25,Low Risk
Customer_00581,9,2026-08-01,Premium,high_value,23,171,26,11,100,75,100,92.5,23.0,,,1,1,0,1,0,0,0,25,Low Risk
Customer_00581,9,2026-08-02,Premium,high_value,18,169,26,45,100,75,75,87.5,20.5,23.0,10.869565217391305,1,1,0,1,1,0,0,45,Medium Risk
Customer_00581,9,2026-08-03,Premium,high_value,25,208,15,29,100,75,100,92.5,22.0,20.5,-7.317073170731707,1,1,0,0,0,0,0,0,Low Risk
Customer_00581,9,2026-08-04,Premium,high_value,21,192,28,44,100,75,75,87.5,21.75,22.0,1.1363636363636365,1,1,0,1,1,0,0,45,Medium Risk
Customer_00581,9,2026-08-05,Premium,high_value,11,191,10,21,100,100,100,100.0,19.6,21.75,9.88505747126436,1,1,0,0,0,0,0,0,Low Risk
Customer_00582,3,2026-08-01,Premium,high_value,11,165,11,47,100,75,75,87.5,11.0,,,1,1,0,0,1,0,0,20,Low Risk
Customer_00582,3,2026-08-02,Premium,high_value,17,172,5,18,100,100,100,100.0,14.0,11.0,-27.27272727272727,1,1,0,0,0,0,0,0,Low Risk
Customer_00582,3,2026-08-03,Premium,high_value,25,169,8,47,100,100,75,95.0,17.666666666666668,14.0,-26.1904761904762,1,1,0,0,1,0,0,20,Low Risk
Customer_00582,3,2026-08-04,Premium,high_value,22,192,21,42,100,75,75,87.5,18.75,17.666666666666668,-6.132075471698107,1,1,0,1,1,0,0,45,Medium Risk
Customer_00582,3,2026-08-05,Premium,high_value,21,199,23,35,100,75,75,87.5,19.2,18.75,-2.3999999999999964,1,1,0,1,0,0,0,25,Low Risk
Customer_00583,3,2026-08-01,Premium,high_value,10,174,24,26,100,75,100,92.5,10.0,,,0,0,0,1,0,0,0,25,Low Risk
Customer_00583,3,2026-08-02,Premium,high_value,11,202,15,33,100,75,75,87.5,10.5,10.0,-5.0,0,0,0,0,0,0,0,0,Low Risk
Customer_00583,3,2026-08-03,Premium,high_value,19,196,18,38,100,75,75,87.5,13.333333333333334,10.5,-26.984126984126988,0,0,0,0,0,0,0,0,Low Risk
Customer_00583,3,2026-08-04,Premium,high_value,11,192,7,28,100,100,100,100.0,12.75,13.333333333333334,4.375000000000004,0,0,0,0,0,0,0,0,Low Risk
Customer_00583,3,2026-08-05,Premium,high_value,25,208,24,43,100,75,75,87.5,15.2,12.75,-19.2156862745098,0,0,0,1,1,0,0,45,Medium Risk
Customer_00584,5,2026-08-01,Premium,high_value,25,165,6,35,100,100,75,95.0,25.0,,,1,1,0,0,0,0,0,0,Low Risk
Customer_00584,5,2026-08-02,Premium,high_value,23,200,7,11,100,100,100,100.0,24.0,25.0,4.0,1,1,0,0,0,0,0,0,Low Risk
Customer_00584,5,2026-08-03,Premium,high_value,16,201,8,19,100,100,100,100.0,21.33333333333333,24.0,11.111111111111116,1,1,0,0,0,0,0,0,Low Risk
Customer_00584,5,2026-08-04,Premium,high_value,16,182,23,11,100,75,100,92.5,20.0,21.33333333333333,6.249999999999995,1,1,0,1,0,0,0,25,Low Risk
Customer_00584,5,2026-08-05,Premium,high_value,14,212,1,35,100,100,75,95.0,18.8,20.0,5.9999999999999964,1,1,0,0,0,0,0,0,Low Risk
Customer_00585,5,2026-08-01,Premium,high_value,12,213,11,35,100,75,75,87.5,12.0,,,0,0,0,0,0,0,0,0,Low Risk
Customer_00585,5,2026-08-02,Premium,high_value,20,177,23,31,100,75,75,87.5,16.0,12.0,-33.33333333333333,0,0,0,1,0,0,0,25,Low Risk
Customer_00585,5,2026-08-03,Premium,high_value,23,238,20,48,100,75,75,87.5,18.33333333333333,16.0,-14.583333333333323,0,0,0,0,1,0,0,20,Low Risk
Customer_00585,5,2026-08-04,Premium,high_value,13,169,11,20,100,75,100,92.5,17.0,18.33333333333333,7.272727272727267,0,0,0,0,0,0,0,0,Low Risk
Customer_00585,5,2026-08-05,Premium,high_value,16,235,19,41,100,75,75,87.5,16.8,17.0,1.17647058823529,0,0,0,0,1,0,0,20,Low Risk
Customer_00586,1,2026-08-01,Premium,high_value,20,239,12,17,100,75,100,92.5,20.0,,,0,0,0,0,0,0,0,0,Low Risk
Customer_00586,1,2026-08-02,Premium,high_value,20,235,21,30,100,75,100,92.5,20.0,20.0,0.0,0,0,0,1,0,0,0,25,Low Risk
Customer_00586,1,2026-08-03,Premium,high_value,16,224,12,19,100,75,100,92.5,18.666666666666668,20.0,6.666666666666661,0,0,0,0,0,0,0,0,Low Risk
Customer_00586,1,2026-08-04,Premium,high_value,25,212,18,16,100,75,100,92.5,20.25,18.666666666666668,-8.48214285714285,0,0,0,0,0,0,0,0,Low Risk
Customer_00586,1,2026-08-05,Premium,high_value,21,186,27,41,100,75,75,87.5,20.4,20.25,-0.7407407407407337,0,0,0,1,1,0,0,45,Medium Risk
Customer_00587,3,2026-08-01,Premium,high_value,19,245,7,43,100,100,75,95.0,19.0,,,1,1,0,0,1,0,0,20,Low Risk
Customer_00587,3,2026-08-02,Premium,high_value,10,195,16,30,100,75,100,92.5,14.5,19.0,23.684210526315788,1,1,0,0,0,0,0,0,Low Risk
Customer_00587,3,2026-08-03,Premium,high_value,22,160,26,26,100,75,100,92.5,17.0,14.5,-17.24137931034483,1,1,0,1,0,0,0,25,Low Risk
Customer_00587,3,2026-08-04,Premium,high_value,19,217,2,38,100,100,75,95.0,17.5,17.0,-2.941176470588235,1,1,0,0,0,0,0,0,Low Risk
Customer_00587,3,2026-08-05,Premium,high_value,20,194,1,15,100,100,100,100.0,18.0,17.5,-2.857142857142857,1,1,0,0,0,0,0,0,Low Risk
Customer_00588,5,2026-08-01,Standard,mid_value,6,120,15,10,100,75,100,92.5,6.0,,,1,1,0,0,0,0,0,0,Low Risk
Customer_00588,5,2026-08-02,Standard,mid_value,7,113,22,41,100,75,75,87.5,6.5,6.0,-8.333333333333332,1,1,0,1,1,0,0,45,Medium Risk
Customer_00588,5,2026-08-03,Standard,mid_value,15,99,25,12,75,75,100,80.0,9.333333333333334,6.5,-43.5897435897436,1,1,0,1,0,0,0,25,Low Risk
Customer_00588,5,2026-08-04,Standard,mid_value,7,95,8,27,75,100,100,87.5,8.75,9.333333333333334,6.250000000000005,1,1,0,0,0,0,0,0,Low Risk
Customer_00588,5,2026-08-05,Standard,mid_value,7,108,20,22,100,75,100,92.5,8.4,8.75,3.999999999999996,1,1,0,0,0,0,0,0,Low Risk
Customer_00589,2,2026-08-01,Standard,mid_value,14,108,22,16,100,75,100,92.5,14.0,,,0,0,0,1,0,0,0,25,Low Risk
Customer_00589,2,2026-08-02,Standard,mid_value,10,120,18,13,100,75,100,92.5,12.0,14.0,14.285714285714285,0,0,0,0,0,0,0,0,Low Risk
Customer_00589,2,2026-08-03,Standard,mid_value,8,98,9,41,75,100,75,82.5,10.666666666666666,12.0,11.111111111111116,0,0,0,0,1,0,0,20,Low Risk
Customer_00589,2,2026-08-04,Standard,mid_value,14,108,5,32,100,100,75,95.0,11.5,10.666666666666666,-7.812500000000005,0,0,0,0,0,0,0,0,Low Risk
Customer_00589,2,2026-08-05,Standard,mid_value,10,104,27,16,100,75,100,92.5,11.2,11.5,2.6086956521739197,0,0,0,1,0,0,0,25,Low Risk
Customer_00590,7,2026-08-01,Premium,high_value,14,154,25,30,100,75,100,92.5,14.0,,,1,1,0,1,0,0,0,25,Low Risk
Customer_00590,7,2026-08-02,Premium,high_value,13,220,20,40,100,75,75,87.5,13.5,14.0,3.571428571428571,1,1,0,0,0,0,0,0,Low Risk
Customer_00590,7,2026-08-03,Premium,high_value,22,216,16,49,100,75,75,87.5,16.333333333333332,13.5,-20.987654320987644,1,1,0,0,1,0,0,20,Low Risk
Customer_00590,7,2026-08-04,Premium,high_value,16,222,6,31,100,100,75,95.0,16.25,16.333333333333332,0.5102040816326459,1,1,0,0,0,0,0,0,Low Risk
Customer_00590,7,2026-08-05,Premium,high_value,11,216,7,30,100,100,100,100.0,15.2,16.25,6.461538461538466,1,1,0,0,0,0,0,0,Low Risk
Customer_00591,8,2026-08-01,Premium,high_value,14,222,28,26,100,75,100,92.5,14.0,,,1,1,0,1,0,0,0,25,Low Risk
Customer_00591,8,2026-08-02,Premium,high_value,10,174,29,33,100,75,75,87.5,12.0,14.0,14.285714285714285,1,1,0,1,0,0,0,25,Low Risk
Customer_00591,8,2026-08-03,Premium,high_value,14,248,30,38,100,75,75,87.5,12.666666666666666,12.0,-5.55555555555555,1,1,0,1,0,0,0,25,Low Risk
Customer_00591,8,2026-08-04,Premium,high_value,15,164,28,43,100,75,75,87.5,13.25,12.666666666666666,-4.605263157894742,1,1,0,1,1,0,0,45,Medium Risk
Customer_00591,8,2026-08-05,Premium,high_value,13,201,28,31,100,75,75,87.5,13.2,13.25,0.3773584905660431,1,1,0,1,0,0,0,25,Low Risk
Customer_00592,7,2026-08-01,Premium,high_value,15,167,4,49,100,100,75,95.0,15.0,,,1,1,0,0,1,0,0,20,Low Risk
Customer_00592,7,2026-08-02,Premium,high_value,19,198,30,22,100,75,100,92.5,17.0,15.0,-13.333333333333334,1,1,0,1,0,0,0,25,Low Risk
Customer_00592,7,2026-08-03,Premium,high_value,25,205,13,40,100,75,75,87.5,19.666666666666668,17.0,-15.68627450980393,1,1,0,0,0,0,0,0,Low Risk
Customer_00592,7,2026-08-04,Premium,high_value,19,204,28,45,100,75,75,87.5,19.5,19.666666666666668,0.8474576271186499,1,1,0,1,1,0,0,45,Medium Risk
Customer_00592,7,2026-08-05,Premium,high_value,10,197,4,14,100,100,100,100.0,17.6,19.5,9.743589743589736,1,1,0,0,0,0,0,0,Low Risk
Customer_00593,3,2026-08-01,Premium,high_value,25,246,23,22,100,75,100,92.5,25.0,,,1,1,0,1,0,0,0,25,Low Risk
Customer_00593,3,2026-08-02,Premium,high_value,14,159,18,34,100,75,75,87.5,19.5,25.0,22.0,1,1,0,0,0,0,0,0,Low Risk
Customer_00593,3,2026-08-03,Premium,high_value,15,225,16,10,100,75,100,92.5,18.0,19.5,7.6923076923076925,1,1,0,0,0,0,0,0,Low Risk
Customer_00593,3,2026-08-04,Premium,high_value,18,240,26,21,100,75,100,92.5,18.0,18.0,0.0,1,1,0,1,0,0,0,25,Low Risk
Customer_00593,3,2026-08-05,Premium,high_value,25,185,8,29,100,100,100,100.0,19.4,18.0,-7.77777777777777,1,1,0,0,0,0,0,0,Low Risk
Customer_00594,2,2026-08-01,Premium,high_value,21,205,10,47,100,100,75,95.0,21.0,,,1,1,0,0,1,0,0,20,Low Risk
Customer_00594,2,2026-08-02,Premium,high_value,14,183,15,11,100,75,100,92.5,17.5,21.0,16.666666666666664,1,1,0,0,0,0,0,0,Low Risk
Customer_00594,2,2026-08-03,Premium,high_value,23,193,10,20,100,100,100,100.0,19.33333333333333,17.5,-10.47619047619047,1,1,0,0,0,0,0,0,Low Risk
Customer_00594,2,2026-08-04,Premium,high_value,10,234,15,38,100,75,75,87.5,17.0,19.33333333333333,12.068965517241374,1,1,0,0,0,0,0,0,Low Risk
Customer_00594,2,2026-08-05,Premium,high_value,22,158,9,37,100,100,75,95.0,18.0,17.0,-5.88235294117647,1,1,0,0,0,0,0,0,Low Risk
Customer_00595,1,2026-08-01,Premium,high_value,11,235,2,29,100,100,100,100.0,11.0,,,1,1,0,0,0,0,0,0,Low Risk
Customer_00595,1,2026-08-02,Premium,high_value,18,171,25,29,100,75,100,92.5,14.5,11.0,-31.818181818181817,1,1,0,1,0,0,0,25,Low Risk
Customer_00595,1,2026-08-03,Premium,high_value,21,175,8,34,100,100,75,95.0,16.666666666666668,14.5,-14.942528735632193,1,1,0,0,0,0,0,0,Low Risk
Customer_00595,1,2026-08-04,Premium,high_value,11,180,14,49,100,75,75,87.5,15.25,16.666666666666668,8.500000000000005,1,1,0,0,1,0,0,20,Low Risk
Customer_00595,1,2026-08-05,Premium,high_value,13,225,4,29,100,100,100,100.0,14.8,15.25,2.950819672131143,1,1,0,0,0,0,0,0,Low Risk
Customer_00596,1,2026-08-01,Standard,mid_value,9,119,19,16,100,75,100,92.5,9.0,,,1,1,0,0,0,0,0,0,Low Risk
Customer_00596,1,2026-08-02,Standard,mid_value,15,116,5,24,100,100,100,100.0,12.0,9.0,-33.33333333333333,1,1,0,0,0,0,0,0,Low Risk
Customer_00596,1,2026-08-03,Standard,mid_value,13,104,3,23,100,100,100,100.0,12.333333333333334,12.0,-2.777777777777783,1,1,0,0,0,0,0,0,Low Risk
Customer_00596,1,2026-08-04,Standard,mid_value,14,89,13,37,75,75,75,75.0,12.75,12.333333333333334,-3.3783783783783736,1,1,0,0,0,0,0,0,Low Risk
Customer_00596,1,2026-08-05,Standard,mid_value,14,114,30,25,100,75,100,92.5,13.0,12.75,-1.96078431372549,1,1,0,1,0,0,0,25,Low Risk
Customer_00597,6,2026-08-01,Basic,low_value,2,52,1,23,75,100,100,87.5,2.0,,,1,1,0,0,0,0,0,0,Low Risk
Customer_00597,6,2026-08-02,Basic,low_value,1,45,18,22,50,75,100,67.5,1.5,2.0,25.0,1,1,0,0,0,0,0,0,Low Risk
Customer_00597,6,2026-08-03,Basic,low_value,4,43,11,18,50,75,100,67.5,2.333333333333333,1.5,-55.55555555555557,1,1,0,0,0,0,0,0,Low Risk
Customer_00597,6,2026-08-04,Basic,low_value,5,48,19,20,50,75,100,67.5,3.0,2.333333333333333,-28.57142857142857,1,1,0,0,0,0,0,0,Low Risk
Customer_00597,6,2026-08-05,Basic,low_value,3,55,28,20,75,75,100,80.0,3.0,3.0,0.0,1,1,0,1,0,0,0,25,Low Risk
Customer_00598,8,2026-08-01,Premium,high_value,14,164,21,21,100,75,100,92.5,14.0,,,0,0,0,1,0,0,0,25,Low Risk
Customer_00598,8,2026-08-02,Premium,high_value,10,199,21,23,100,75,100,92.5,12.0,14.0,14.285714285714285,0,0,0,1,0,0,0,25,Low Risk
Customer_00598,8,2026-08-03,Premium,high_value,17,158,15,27,100,75,100,92.5,13.666666666666666,12.0,-13.888888888888884,0,0,0,0,0,0,0,0,Low Risk
Customer_00598,8,2026-08-04,Premium,high_value,20,221,23,45,100,75,75,87.5,15.25,13.666666666666666,-11.58536585365854,0,0,0,1,1,0,0,45,Medium Risk
Customer_00598,8,2026-08-05,Premium,high_value,21,208,11,11,100,75,100,92.5,16.4,15.25,-7.540983606557368,0,0,0,0,0,0,0,0,Low Risk
Customer_00599,7,2026-08-01,Basic,low_value,3,50,25,19,75,75,100,80.0,3.0,,,1,1,0,1,0,0,0,25,Low Risk
Customer_00599,7,2026-08-02,Basic,low_value,4,48,12,45,50,75,75,62.5,3.5,3.0,-16.666666666666664,1,1,0,0,1,0,0,20,Low Risk
Customer_00599,7,2026-08-03,Basic,low_value,4,59,0,49,75,100,75,82.5,3.6666666666666665,3.5,-4.761904761904757,1,1,0,0,1,0,0,20,Low Risk
Customer_00599,7,2026-08-04,Basic,low_value,3,41,20,30,50,75,100,67.5,3.5,3.6666666666666665,4.545454545454541,1,1,0,0,0,0,0,0,Low Risk
Customer_00599,7,2026-08-05,Basic,low_value,2,60,9,35,75,100,75,82.5,3.2,3.5,8.571428571428566,1,1,0,0,0,0,0,0,Low Risk
Customer_00600,8,2026-08-01,Premium,high_value,24,200,21,30,100,75,100,92.5,24.0,,,0,0,0,1,0,0,0,25,Low Risk
Customer_00600,8,2026-08-02,Premium,high_value,15,201,23,25,100,75,100,92.5,19.5,24.0,18.75,0,0,0,1,0,0,0,25,Low Risk
Customer_00600,8,2026-08-03,Premium,high_value,15,172,14,43,100,75,75,87.5,18.0,19.5,7.6923076923076925,0,0,0,0,1,0,0,20,Low Risk
Customer_00600,8,2026-08-04,Premium,high_value,17,196,22,43,100,75,75,87.5,17.75,18.0,1.3888888888888888,0,0,0,1,1,0,0,45,Medium Risk
Customer_00600,8,2026-08-05,Premium,high_value,19,232,2,49,100,100,75,95.0,18.0,17.75,-1.4084507042253522,0,0,0,0,1,0,0,20,Low Risk
Customer_00601,5,2026-08-01,Premium,high_value,14,169,0,32,100,100,75,95.0,14.0,,,1,1,0,0,0,0,0,0,Low Risk
Customer_00601,5,2026-08-02,Premium,high_value,22,212,28,23,100,75,100,92.5,18.0,14.0,-28.57142857142857,1,1,0,1,0,0,0,25,Low Risk
Customer_00601,5,2026-08-03,Premium,high_value,17,169,6,13,100,100,100,100.0,17.666666666666668,18.0,1.8518518518518448,1,1,0,0,0,0,0,0,Low Risk
Customer_00601,5,2026-08-04,Premium,high_value,22,211,24,35,100,75,75,87.5,18.75,17.666666666666668,-6.132075471698107,1,1,0,1,0,0,0,25,Low Risk
Customer_00601,5,2026-08-05,Premium,high_value,17,172,3,35,100,100,75,95.0,18.4,18.75,1.866666666666674,1,1,0,0,0,0,0,0,Low Risk
Customer_00602,9,2026-08-01,Premium,high_value,20,232,28,15,100,75,100,92.5,20.0,,,1,1,0,1,0,0,0,25,Low Risk
Customer_00602,9,2026-08-02,Premium,high_value,11,186,3,32,100,100,75,95.0,15.5,20.0,22.5,1,1,0,0,0,0,0,0,Low Risk
Customer_00602,9,2026-08-03,Premium,high_value,15,209,4,46,100,100,75,95.0,15.333333333333334,15.5,1.0752688172042972,1,1,0,0,1,0,0,20,Low Risk
Customer_00602,9,2026-08-04,Premium,high_value,13,191,8,22,100,100,100,100.0,14.75,15.333333333333334,3.80434782608696,1,1,0,0,0,0,0,0,Low Risk
Customer_00602,9,2026-08-05,Premium,high_value,13,218,21,25,100,75,100,92.5,14.4,14.75,2.372881355932201,1,1,0,1,0,0,0,25,Low Risk
Customer_00603,2,2026-08-01,Premium,high_value,22,227,20,30,100,75,100,92.5,22.0,,,1,1,0,0,0,0,0,0,Low Risk
Customer_00603,2,2026-08-02,Premium,high_value,15,240,16,15,100,75,100,92.5,18.5,22.0,15.909090909090908,1,1,0,0,0,0,0,0,Low Risk
Customer_00603,2,2026-08-03,Premium,high_value,12,200,2,30,100,100,100,100.0,16.333333333333332,18.5,11.711711711711718,1,1,0,0,0,0,0,0,Low Risk
Customer_00603,2,2026-08-04,Premium,high_value,11,150,30,18,100,75,100,92.5,15.0,16.333333333333332,8.163265306122442,1,1,0,1,0,0,0,25,Low Risk
Customer_00603,2,2026-08-05,Premium,high_value,14,236,9,34,100,100,75,95.0,14.8,15.0,1.3333333333333286,1,1,0,0,0,0,0,0,Low Risk
Customer_00604,3,2026-08-01,Free,free_plan,1,25,28,15,50,75,100,67.5,1.0,,,1,1,0,1,0,0,0,25,Low Risk
Customer_00604,3,2026-08-02,Free,free_plan,1,22,7,14,50,100,100,75.0,1.0,1.0,0.0,1,1,0,0,0,0,0,0,Low Risk
Customer_00604,3,2026-08-03,Free,free_plan,0,20,16,13,50,75,100,67.5,0.6666666666666666,1.0,33.333333333333336,1,1,1,0,0,0,0,30,Low Risk
Customer_00604,3,2026-08-04,Free,free_plan,1,25,12,14,50,75,100,67.5,0.75,0.6666666666666666,-12.500000000000004,1,1,0,0,0,0,0,0,Low Risk
Customer_00604,3,2026-08-05,Free,free_plan,1,27,24,21,50,75,100,67.5,0.8,0.75,-6.666666666666672,1,1,0,1,0,0,0,25,Low Risk
Customer_00605,10,2026-08-01,Standard,mid_value,6,112,20,47,100,75,75,87.5,6.0,,,1,1,0,0,1,0,0,20,Low Risk
Customer_00605,10,2026-08-02,Standard,mid_value,8,83,21,37,75,75,75,75.0,7.0,6.0,-16.666666666666664,1,1,0,1,0,0,0,25,Low Risk
Customer_00605,10,2026-08-03,Standard,mid_value,9,89,25,26,75,75,100,80.0,7.666666666666667,7.0,-9.523809523809527,1,1,0,1,0,0,0,25,Low Risk
Customer_00605,10,2026-08-04,Standard,mid_value,12,112,26,16,100,75,100,92.5,8.75,7.666666666666667,-14.130434782608692,1,1,0,1,0,0,0,25,Low Risk
Customer_00605,10,2026-08-05,Standard,mid_value,10,119,28,25,100,75,100,92.5,9.0,8.75,-2.857142857142857,1,1,0,1,0,0,0,25,Low Risk
Customer_00606,4,2026-08-01,Premium,high_value,15,230,10,16,100,100,100,100.0,15.0,,,1,1,0,0,0,0,0,0,Low Risk
Customer_00606,4,2026-08-02,Premium,high_value,15,173,26,14,100,75,100,92.5,15.0,15.0,0.0,1,1,0,1,0,0,0,25,Low Risk
Customer_00606,4,2026-08-03,Premium,high_value,24,230,8,44,100,100,75,95.0,18.0,15.0,-20.0,1,1,0,0,1,0,0,20,Low Risk
Customer_00606,4,2026-08-04,Premium,high_value,24,185,2,26,100,100,100,100.0,19.5,18.0,-8.333333333333332,1,1,0,0,0,0,0,0,Low Risk
Customer_00606,4,2026-08-05,Premium,high_value,13,244,15,15,100,75,100,92.5,18.2,19.5,6.666666666666671,1,1,0,0,0,0,0,0,Low Risk
Customer_00607,5,2026-08-01,Premium,high_value,17,218,4,20,100,100,100,100.0,17.0,,,1,1,0,0,0,0,0,0,Low Risk
Customer_00607,5,2026-08-02,Premium,high_value,16,238,2,32,100,100,75,95.0,16.5,17.0,2.941176470588235,1,1,0,0,0,0,0,0,Low Risk
Customer_00607,5,2026-08-03,Premium,high_value,23,227,15,26,100,75,100,92.5,18.666666666666668,16.5,-13.13131313131314,1,1,0,0,0,0,0,0,Low Risk
Customer_00607,5,2026-08-04,Premium,high_value,12,182,4,42,100,100,75,95.0,17.0,18.666666666666668,8.928571428571434,1,1,0,0,1,0,0,20,Low Risk
Customer_00607,5,2026-08-05,Premium,high_value,19,242,24,48,100,75,75,87.5,17.4,17.0,-2.35294117647058,1,1,0,1,1,0,0,45,Medium Risk
Customer_00608,1,2026-08-01,Premium,high_value,16,245,22,47,100,75,75,87.5,16.0,,,1,1,0,1,1,0,0,45,Medium Risk
Customer_00608,1,2026-08-02,Premium,high_value,24,189,12,21,100,75,100,92.5,20.0,16.0,-25.0,1,1,0,0,0,0,0,0,Low Risk
Customer_00608,1,2026-08-03,Premium,high_value,15,233,11,15,100,75,100,92.5,18.33333333333333,20.0,8.33333333333334,1,1,0,0,0,0,0,0,Low Risk
Customer_00608,1,2026-08-04,Premium,high_value,12,158,12,13,100,75,100,92.5,16.75,18.33333333333333,8.636363636363631,1,1,0,0,0,0,0,0,Low Risk
Customer_00608,1,2026-08-05,Premium,high_value,18,247,26,18,100,75,100,92.5,17.0,16.75,-1.4925373134328357,1,1,0,1,0,0,0,25,Low Risk
Customer_00609,6,2026-08-01,Premium,high_value,17,173,0,19,100,100,100,100.0,17.0,,,0,0,0,0,0,0,0,0,Low Risk
Customer_00609,6,2026-08-02,Premium,high_value,13,234,18,21,100,75,100,92.5,15.0,17.0,11.76470588235294,0,0,0,0,0,0,0,0,Low Risk
Customer_00609,6,2026-08-03,Premium,high_value,15,230,0,43,100,100,75,95.0,15.0,15.0,0.0,0,0,0,0,1,0,0,20,Low Risk
Customer_00609,6,2026-08-04,Premium,high_value,11,214,0,40,100,100,75,95.0,14.0,15.0,6.666666666666667,0,0,0,0,0,0,0,0,Low Risk
Customer_00609,6,2026-08-05,Premium,high_value,15,184,29,26,100,75,100,92.5,14.2,14.0,-1.4285714285714235,0,0,0,1,0,0,0,25,Low Risk
Customer_00610,4,2026-08-01,Premium,high_value,12,237,24,11,100,75,100,92.5,12.0,,,1,1,0,1,0,0,0,25,Low Risk
Customer_00610,4,2026-08-02,Premium,high_value,20,174,14,31,100,75,75,87.5,16.0,12.0,-33.33333333333333,1,1,0,0,0,0,0,0,Low Risk
Customer_00610,4,2026-08-03,Premium,high_value,12,219,10,42,100,100,75,95.0,14.666666666666666,16.0,8.333333333333337,1,1,0,0,1,0,0,20,Low Risk
Customer_00610,4,2026-08-04,Premium,high_value,12,231,28,17,100,75,100,92.5,14.0,14.666666666666666,4.545454545454541,1,1,0,1,0,0,0,25,Low Risk
Customer_00610,4,2026-08-05,Premium,high_value,10,199,22,44,100,75,75,87.5,13.2,14.0,5.71428571428572,1,1,0,1,1,0,0,45,Medium Risk
Customer_00611,3,2026-08-01,Standard,mid_value,10,119,20,39,100,75,75,87.5,10.0,,,1,1,0,0,0,0,0,0,Low Risk
Customer_00611,3,2026-08-02,Standard,mid_value,5,116,20,34,100,75,75,87.5,7.5,10.0,25.0,1,1,0,0,0,0,0,0,Low Risk
Customer_00611,3,2026-08-03,Standard,mid_value,9,89,12,40,75,75,75,75.0,8.0,7.5,-6.666666666666667,1,1,0,0,0,0,0,0,Low Risk
Customer_00611,3,2026-08-04,Standard,mid_value,8,85,28,30,75,75,100,80.0,8.0,8.0,0.0,1,1,0,1,0,0,0,25,Low Risk
Customer_00611,3,2026-08-05,Standard,mid_value,13,83,13,24,75,75,100,80.0,9.0,8.0,-12.5,1,1,0,0,0,0,0,0,Low Risk
Customer_00612,4,2026-08-01,Premium,high_value,16,233,20,15,100,75,100,92.5,16.0,,,0,0,0,0,0,0,0,0,Low Risk
Customer_00612,4,2026-08-02,Premium,high_value,13,246,1,36,100,100,75,95.0,14.5,16.0,9.375,0,0,0,0,0,0,0,0,Low Risk
Customer_00612,4,2026-08-03,Premium,high_value,20,151,20,15,100,75,100,92.5,16.333333333333332,14.5,-12.643678160919531,0,0,0,0,0,0,0,0,Low Risk
Customer_00612,4,2026-08-04,Premium,high_value,25,155,18,39,100,75,75,87.5,18.5,16.333333333333332,-13.265306122448989,0,0,0,0,0,0,0,0,Low Risk
Customer_00612,4,2026-08-05,Premium,high_value,24,156,23,12,100,75,100,92.5,19.6,18.5,-5.945945945945954,0,0,0,1,0,0,0,25,Low Risk
Customer_00613,3,2026-08-01,Premium,high_value,15,214,29,37,100,75,75,87.5,15.0,,,1,1,0,1,0,0,0,25,Low Risk
Customer_00613,3,2026-08-02,Premium,high_value,20,185,14,33,100,75,75,87.5,17.5,15.0,-16.666666666666664,1,1,0,0,0,0,0,0,Low Risk
Customer_00613,3,2026-08-03,Premium,high_value,15,199,12,36,100,75,75,87.5,16.666666666666668,17.5,4.761904761904756,1,1,0,0,0,0,0,0,Low Risk
Customer_00613,3,2026-08-04,Premium,high_value,13,171,15,39,100,75,75,87.5,15.75,16.666666666666668,5.500000000000007,1,1,0,0,0,0,0,0,Low Risk
Customer_00613,3,2026-08-05,Premium,high_value,22,161,23,26,100,75,100,92.5,17.0,15.75,-7.936507936507936,1,1,0,1,0,0,0,25,Low Risk
Customer_00614,4,2026-08-01,Premium,high_value,16,205,5,15,100,100,100,100.0,16.0,,,0,0,0,0,0,0,0,0,Low Risk
Customer_00614,4,2026-08-02,Premium,high_value,19,176,24,19,100,75,100,92.5,17.5,16.0,-9.375,0,0,0,1,0,0,0,25,Low Risk
Customer_00614,4,2026-08-03,Premium,high_value,11,191,20,48,100,75,75,87.5,15.333333333333334,17.5,12.380952380952378,0,0,0,0,1,0,0,20,Low Risk
Customer_00614,4,2026-08-04,Premium,high_value,24,163,27,29,100,75,100,92.5,17.5,15.333333333333334,-14.130434782608692,0,0,0,1,0,0,0,25,Low Risk
Customer_00614,4,2026-08-05,Premium,high_value,22,154,4,44,100,100,75,95.0,18.4,17.5,-5.142857142857134,0,0,0,0,1,0,0,20,Low Risk
Customer_00615,5,2026-08-01,Premium,high_value,13,155,1,44,100,100,75,95.0,13.0,,,0,0,0,0,1,0,0,20,Low Risk
Customer_00615,5,2026-08-02,Premium,high_value,11,210,6,33,100,100,75,95.0,12.0,13.0,7.6923076923076925,0,0,0,0,0,0,0,0,Low Risk
Customer_00615,5,2026-08-03,Premium,high_value,21,249,27,25,100,75,100,92.5,15.0,12.0,-25.0,0,0,0,1,0,0,0,25,Low Risk
Customer_00615,5,2026-08-04,Premium,high_value,23,212,27,19,100,75,100,92.5,17.0,15.0,-13.333333333333334,0,0,0,1,0,0,0,25,Low Risk
Customer_00615,5,2026-08-05,Premium,high_value,11,158,19,18,100,75,100,92.5,15.8,17.0,7.05882352941176,0,0,0,0,0,0,0,0,Low Risk
Customer_00616,2,2026-08-01,Premium,high_value,14,227,1,37,100,100,75,95.0,14.0,,,1,1,0,0,0,0,0,0,Low Risk
Customer_00616,2,2026-08-02,Premium,high_value,15,192,28,27,100,75,100,92.5,14.5,14.0,-3.571428571428571,1,1,0,1,0,0,0,25,Low Risk
Customer_00616,2,2026-08-03,Premium,high_value,18,199,15,44,100,75,75,87.5,15.666666666666666,14.5,-8.045977011494248,1,1,0,0,1,0,0,20,Low Risk
Customer_00616,2,2026-08-04,Premium,high_value,23,240,15,45,100,75,75,87.5,17.5,15.666666666666666,-11.702127659574472,1,1,0,0,1,0,0,20,Low Risk
Customer_00616,2,2026-08-05,Premium,high_value,22,185,0,18,100,100,100,100.0,18.4,17.5,-5.142857142857134,1,1,0,0,0,0,0,0,Low Risk
Customer_00617,1,2026-08-01,Premium,high_value,11,180,23,26,100,75,100,92.5,11.0,,,1,1,0,1,0,0,0,25,Low Risk
Customer_00617,1,2026-08-02,Premium,high_value,11,162,20,30,100,75,100,92.5,11.0,11.0,0.0,1,1,0,0,0,0,0,0,Low Risk
Customer_00617,1,2026-08-03,Premium,high_value,14,192,1,47,100,100,75,95.0,12.0,11.0,-9.090909090909092,1,1,0,0,1,0,0,20,Low Risk
Customer_00617,1,2026-08-04,Premium,high_value,21,249,18,22,100,75,100,92.5,14.25,12.0,-18.75,1,1,0,0,0,0,0,0,Low Risk
Customer_00617,1,2026-08-05,Premium,high_value,14,203,29,25,100,75,100,92.5,14.2,14.25,0.3508771929824611,1,1,0,1,0,0,0,25,Low Risk
Customer_00618,4,2026-08-01,Premium,high_value,19,203,21,43,100,75,75,87.5,19.0,,,0,0,0,1,1,0,0,45,Medium Risk
Customer_00618,4,2026-08-02,Premium,high_value,13,210,6,12,100,100,100,100.0,16.0,19.0,15.789473684210526,0,0,0,0,0,0,0,0,Low Risk
Customer_00618,4,2026-08-03,Premium,high_value,12,154,2,41,100,100,75,95.0,14.666666666666666,16.0,8.333333333333337,0,0,0,0,1,0,0,20,Low Risk
Customer_00618,4,2026-08-04,Premium,high_value,13,229,2,30,100,100,100,100.0,14.25,14.666666666666666,2.840909090909087,0,0,0,0,0,0,0,0,Low Risk
Customer_00618,4,2026-08-05,Premium,high_value,23,190,22,23,100,75,100,92.5,16.0,14.25,-12.280701754385964,0,0,0,1,0,0,0,25,Low Risk
Customer_00619,6,2026-08-01,Standard,mid_value,14,80,15,26,75,75,100,80.0,14.0,,,0,0,0,0,0,0,0,0,Low Risk
Customer_00619,6,2026-08-02,Standard,mid_value,12,112,24,44,100,75,75,87.5,13.0,14.0,7.142857142857142,0,0,0,1,1,0,0,45,Medium Risk
Customer_00619,6,2026-08-03,Standard,mid_value,10,100,29,17,100,75,100,92.5,12.0,13.0,7.6923076923076925,0,0,0,1,0,0,0,25,Low Risk
Customer_00619,6,2026-08-04,Standard,mid_value,11,80,15,23,75,75,100,80.0,11.75,12.0,2.083333333333333,0,0,0,0,0,0,0,0,Low Risk
Customer_00619,6,2026-08-05,Standard,mid_value,14,83,7,32,75,100,75,82.5,12.2,11.75,-3.8297872340425463,0,0,0,0,0,0,0,0,Low Risk
Customer_00620,1,2026-08-01,Premium,high_value,24,197,7,31,100,100,75,95.0,24.0,,,1,1,0,0,0,0,0,0,Low Risk
Customer_00620,1,2026-08-02,Premium,high_value,24,200,14,41,100,75,75,87.5,24.0,24.0,0.0,1,1,0,0,1,0,0,20,Low Risk
Customer_00620,1,2026-08-03,Premium,high_value,17,221,25,19,100,75,100,92.5,21.666666666666668,24.0,9.722222222222216,1,1,0,1,0,0,0,25,Low Risk
Customer_00620,1,2026-08-04,Premium,high_value,19,191,20,14,100,75,100,92.5,21.0,21.666666666666668,3.0769230769230824,1,1,0,0,0,0,0,0,Low Risk
Customer_00620,1,2026-08-05,Premium,high_value,21,162,3,42,100,100,75,95.0,21.0,21.0,0.0,1,1,0,0,1,0,0,20,Low Risk
Customer_00621,6,2026-08-01,Standard,mid_value,12,107,3,17,100,100,100,100.0,12.0,,,0,0,0,0,0,0,0,0,Low Risk
Customer_00621,6,2026-08-02,Standard,mid_value,7,92,20,18,75,75,100,80.0,9.5,12.0,20.833333333333336,0,0,0,0,0,0,0,0,Low Risk
Customer_00621,6,2026-08-03,Standard,mid_value,9,85,5,21,75,100,100,87.5,9.333333333333334,9.5,1.7543859649122744,0,0,0,0,0,0,0,0,Low Risk
Customer_00621,6,2026-08-04,Standard,mid_value,12,107,2,42,100,100,75,95.0,10.0,9.333333333333334,-7.142857142857135,0,0,0,0,1,0,0,20,Low Risk
Customer_00621,6,2026-08-05,Standard,mid_value,7,89,22,40,75,75,75,75.0,9.4,10.0,5.9999999999999964,0,0,0,1,0,0,0,25,Low Risk
Customer_00622,6,2026-08-01,Standard,mid_value,9,84,5,41,75,100,75,82.5,9.0,,,1,1,0,0,1,0,0,20,Low Risk
Customer_00622,6,2026-08-02,Standard,mid_value,11,92,9,24,75,100,100,87.5,10.0,9.0,-11.11111111111111,1,1,0,0,0,0,0,0,Low Risk
Customer_00622,6,2026-08-03,Standard,mid_value,8,107,6,18,100,100,100,100.0,9.333333333333334,10.0,6.666666666666661,1,1,0,0,0,0,0,0,Low Risk
Customer_00622,6,2026-08-04,Standard,mid_value,10,100,6,48,100,100,75,95.0,9.5,9.333333333333334,-1.7857142857142794,1,1,0,0,1,0,0,20,Low Risk
Customer_00622,6,2026-08-05,Standard,mid_value,11,117,15,49,100,75,75,87.5,9.8,9.5,-3.157894736842113,1,1,0,0,1,0,0,20,Low Risk
Customer_00623,6,2026-08-01,Premium,high_value,18,226,1,36,100,100,75,95.0,18.0,,,1,1,0,0,0,0,0,0,Low Risk
Customer_00623,6,2026-08-02,Premium,high_value,12,182,19,48,100,75,75,87.5,15.0,18.0,16.666666666666664,1,1,0,0,1,0,0,20,Low Risk
Customer_00623,6,2026-08-03,Premium,high_value,20,162,8,17,100,100,100,100.0,16.666666666666668,15.0,-11.11111111111112,1,1,0,0,0,0,0,0,Low Risk
Customer_00623,6,2026-08-04,Premium,high_value,10,225,20,14,100,75,100,92.5,15.0,16.666666666666668,10.000000000000004,1,1,0,0,0,0,0,0,Low Risk
Customer_00623,6,2026-08-05,Premium,high_value,13,184,5,17,100,100,100,100.0,14.6,15.0,2.6666666666666687,1,1,0,0,0,0,0,0,Low Risk
Customer_00624,1,2026-08-01,Premium,high_value,25,152,20,11,100,75,100,92.5,25.0,,,1,1,0,0,0,0,0,0,Low Risk
Customer_00624,1,2026-08-02,Premium,high_value,24,222,9,25,100,100,100,100.0,24.5,25.0,2.0,1,1,0,0,0,0,0,0,Low Risk
Customer_00624,1,2026-08-03,Premium,high_value,17,204,12,18,100,75,100,92.5,22.0,24.5,10.20408163265306,1,1,0,0,0,0,0,0,Low Risk
Customer_00624,1,2026-08-04,Premium,high_value,20,203,2,46,100,100,75,95.0,21.5,22.0,2.272727272727273,1,1,0,0,1,0,0,20,Low Risk
Customer_00624,1,2026-08-05,Premium,high_value,20,196,1,31,100,100,75,95.0,21.2,21.5,1.3953488372093057,1,1,0,0,0,0,0,0,Low Risk
Customer_00625,9,2026-08-01,Premium,high_value,13,169,26,32,100,75,75,87.5,13.0,,,0,0,0,1,0,0,0,25,Low Risk
Customer_00625,9,2026-08-02,Premium,high_value,22,158,26,13,100,75,100,92.5,17.5,13.0,-34.61538461538461,0,0,0,1,0,0,0,25,Low Risk
Customer_00625,9,2026-08-03,Premium,high_value,21,231,24,11,100,75,100,92.5,18.666666666666668,17.5,-6.666666666666673,0,0,0,1,0,0,0,25,Low Risk
Customer_00625,9,2026-08-04,Premium,high_value,11,189,18,35,100,75,75,87.5,16.75,18.666666666666668,10.267857142857148,0,0,0,0,0,0,0,0,Low Risk
Customer_00625,9,2026-08-05,Premium,high_value,23,245,17,15,100,75,100,92.5,18.0,16.75,-7.462686567164178,0,0,0,0,0,0,0,0,Low Risk
Customer_00626,2,2026-08-01,Premium,high_value,20,217,24,25,100,75,100,92.5,20.0,,,0,0,0,1,0,0,0,25,Low Risk
Customer_00626,2,2026-08-02,Premium,high_value,14,179,24,28,100,75,100,92.5,17.0,20.0,15.0,0,0,0,1,0,0,0,25,Low Risk
Customer_00626,2,2026-08-03,Premium,high_value,18,179,4,23,100,100,100,100.0,17.333333333333332,17.0,-1.9607843137254832,0,0,0,0,0,0,0,0,Low Risk
Customer_00626,2,2026-08-04,Premium,high_value,14,172,26,48,100,75,75,87.5,16.5,17.333333333333332,4.807692307692301,0,0,0,1,1,0,0,45,Medium Risk
Customer_00626,2,2026-08-05,Premium,high_value,17,156,27,18,100,75,100,92.5,16.6,16.5,-0.6060606060606146,0,0,0,1,0,0,0,25,Low Risk
Customer_00627,1,2026-08-01,Premium,high_value,18,171,14,38,100,75,75,87.5,18.0,,,1,1,0,0,0,0,0,0,Low Risk
Customer_00627,1,2026-08-02,Premium,high_value,13,223,11,39,100,75,75,87.5,15.5,18.0,13.88888888888889,1,1,0,0,0,0,0,0,Low Risk
Customer_00627,1,2026-08-03,Premium,high_value,21,162,4,10,100,100,100,100.0,17.333333333333332,15.5,-11.827956989247305,1,1,0,0,0,0,0,0,Low Risk
Customer_00627,1,2026-08-04,Premium,high_value,24,150,2,28,100,100,100,100.0,19.0,17.333333333333332,-9.615384615384622,1,1,0,0,0,0,0,0,Low Risk
Customer_00627,1,2026-08-05,Premium,high_value,25,177,27,49,100,75,75,87.5,20.2,19.0,-6.315789473684206,1,1,0,1,1,0,0,45,Medium Risk
Customer_00628,7,2026-08-01,Premium,high_value,20,173,23,45,100,75,75,87.5,20.0,,,0,0,0,1,1,0,0,45,Medium Risk
Customer_00628,7,2026-08-02,Premium,high_value,11,237,29,49,100,75,75,87.5,15.5,20.0,22.5,0,0,0,1,1,0,0,45,Medium Risk
Customer_00628,7,2026-08-03,Premium,high_value,13,175,20,19,100,75,100,92.5,14.666666666666666,15.5,5.376344086021509,0,0,0,0,0,0,0,0,Low Risk
Customer_00628,7,2026-08-04,Premium,high_value,24,202,17,11,100,75,100,92.5,17.0,14.666666666666666,-15.909090909090914,0,0,0,0,0,0,0,0,Low Risk
Customer_00628,7,2026-08-05,Premium,high_value,11,218,24,49,100,75,75,87.5,15.8,17.0,7.05882352941176,0,0,0,1,1,0,0,45,Medium Risk
Customer_00629,2,2026-08-01,Premium,high_value,18,239,14,26,100,75,100,92.5,18.0,,,0,0,0,0,0,0,0,0,Low Risk
Customer_00629,2,2026-08-02,Premium,high_value,25,208,27,37,100,75,75,87.5,21.5,18.0,-19.444444444444446,0,0,0,1,0,0,0,25,Low Risk
Customer_00629,2,2026-08-03,Premium,high_value,15,229,27,11,100,75,100,92.5,19.33333333333333,21.5,10.077519379844968,0,0,0,1,0,0,0,25,Low Risk
Customer_00629,2,2026-08-04,Premium,high_value,14,165,20,24,100,75,100,92.5,18.0,19.33333333333333,6.896551724137925,0,0,0,0,0,0,0,0,Low Risk
Customer_00629,2,2026-08-05,Premium,high_value,10,247,6,15,100,100,100,100.0,16.4,18.0,8.888888888888896,0,0,0,0,0,0,0,0,Low Risk
Customer_00630,5,2026-08-01,Premium,high_value,11,198,17,15,100,75,100,92.5,11.0,,,1,1,0,0,0,0,0,0,Low Risk
Customer_00630,5,2026-08-02,Premium,high_value,23,226,29,40,100,75,75,87.5,17.0,11.0,-54.54545454545454,1,1,0,1,0,0,0,25,Low Risk
Customer_00630,5,2026-08-03,Premium,high_value,22,216,26,50,100,75,75,87.5,18.666666666666668,17.0,-9.803921568627455,1,1,0,1,1,0,0,45,Medium Risk
Customer_00630,5,2026-08-04,Premium,high_value,13,193,9,19,100,100,100,100.0,17.25,18.666666666666668,7.589285714285721,1,1,0,0,0,0,0,0,Low Risk
Customer_00630,5,2026-08-05,Premium,high_value,21,188,13,24,100,75,100,92.5,18.0,17.25,-4.3478260869565215,1,1,0,0,0,0,0,0,Low Risk
Customer_00631,8,2026-08-01,Premium,high_value,24,212,14,11,100,75,100,92.5,24.0,,,1,1,0,0,0,0,0,0,Low Risk
Customer_00631,8,2026-08-02,Premium,high_value,20,222,21,28,100,75,100,92.5,22.0,24.0,8.333333333333332,1,1,0,1,0,0,0,25,Low Risk
Customer_00631,8,2026-08-03,Premium,high_value,22,242,23,45,100,75,75,87.5,22.0,22.0,0.0,1,1,0,1,1,0,0,45,Medium Risk
Customer_00631,8,2026-08-04,Premium,high_value,15,211,9,34,100,100,75,95.0,20.25,22.0,7.954545454545454,1,1,0,0,0,0,0,0,Low Risk
Customer_00631,8,2026-08-05,Premium,high_value,13,212,22,16,100,75,100,92.5,18.8,20.25,7.16049382716049,1,1,0,1,0,0,0,25,Low Risk
Customer_00632,9,2026-08-01,Premium,high_value,13,246,13,49,100,75,75,87.5,13.0,,,1,1,0,0,1,0,0,20,Low Risk
Customer_00632,9,2026-08-02,Premium,high_value,24,214,4,23,100,100,100,100.0,18.5,13.0,-42.30769230769231,1,1,0,0,0,0,0,0,Low Risk
Customer_00632,9,2026-08-03,Premium,high_value,24,199,15,47,100,75,75,87.5,20.33333333333333,18.5,-9.909909909909905,1,1,0,0,1,0,0,20,Low Risk
Customer_00632,9,2026-08-04,Premium,high_value,15,214,16,49,100,75,75,87.5,19.0,20.33333333333333,6.557377049180323,1,1,0,0,1,0,0,20,Low Risk
Customer_00632,9,2026-08-05,Premium,high_value,24,175,20,19,100,75,100,92.5,20.0,19.0,-5.263157894736842,1,1,0,0,0,0,0,0,Low Risk
Customer_00633,10,2026-08-01,Premium,high_value,17,221,24,18,100,75,100,92.5,17.0,,,0,0,0,1,0,0,0,25,Low Risk
Customer_00633,10,2026-08-02,Premium,high_value,16,189,22,22,100,75,100,92.5,16.5,17.0,2.941176470588235,0,0,0,1,0,0,0,25,Low Risk
Customer_00633,10,2026-08-03,Premium,high_value,19,166,9,28,100,100,100,100.0,17.333333333333332,16.5,-5.050505050505043,0,0,0,0,0,0,0,0,Low Risk
Customer_00633,10,2026-08-04,Premium,high_value,17,206,16,22,100,75,100,92.5,17.25,17.333333333333332,0.4807692307692239,0,0,0,0,0,0,0,0,Low Risk
Customer_00633,10,2026-08-05,Premium,high_value,12,220,12,20,100,75,100,92.5,16.2,17.25,6.086956521739135,0,0,0,0,0,0,0,0,Low Risk
Customer_00634,10,2026-08-01,Premium,high_value,19,209,19,13,100,75,100,92.5,19.0,,,1,1,0,0,0,0,0,0,Low Risk
Customer_00634,10,2026-08-02,Premium,high_value,21,180,10,14,100,100,100,100.0,20.0,19.0,-5.263157894736842,1,1,0,0,0,0,0,0,Low Risk
Customer_00634,10,2026-08-03,Premium,high_value,19,238,12,17,100,75,100,92.5,19.666666666666668,20.0,1.6666666666666607,1,1,0,0,0,0,0,0,Low Risk
Customer_00634,10,2026-08-04,Premium,high_value,23,222,20,46,100,75,75,87.5,20.5,19.666666666666668,-4.2372881355932135,1,1,0,0,1,0,0,20,Low Risk
Customer_00634,10,2026-08-05,Premium,high_value,21,203,27,11,100,75,100,92.5,20.6,20.5,-0.4878048780487874,1,1,0,1,0,0,0,25,Low Risk
Customer_00635,4,2026-08-01,Premium,high_value,24,183,2,23,100,100,100,100.0,24.0,,,0,0,0,0,0,0,0,0,Low Risk
Customer_00635,4,2026-08-02,Premium,high_value,23,198,2,38,100,100,75,95.0,23.5,24.0,2.083333333333333,0,0,0,0,0,0,0,0,Low Risk
Customer_00635,4,2026-08-03,Premium,high_value,25,154,4,26,100,100,100,100.0,24.0,23.5,-2.127659574468085,0,0,0,0,0,0,0,0,Low Risk
Customer_00635,4,2026-08-04,Premium,high_value,24,227,6,20,100,100,100,100.0,24.0,24.0,0.0,0,0,0,0,0,0,0,0,Low Risk
Customer_00635,4,2026-08-05,Premium,high_value,10,197,1,21,100,100,100,100.0,21.2,24.0,11.66666666666667,0,0,0,0,0,0,0,0,Low Risk
Customer_00636,6,2026-08-01,Standard,mid_value,9,113,4,36,100,100,75,95.0,9.0,,,1,1,0,0,0,0,0,0,Low Risk
Customer_00636,6,2026-08-02,Standard,mid_value,10,120,3,45,100,100,75,95.0,9.5,9.0,-5.555555555555555,1,1,0,0,1,0,0,20,Low Risk
Customer_00636,6,2026-08-03,Standard,mid_value,12,100,7,40,100,100,75,95.0,10.333333333333334,9.5,-8.77192982456141,1,1,0,0,0,0,0,0,Low Risk
Customer_00636,6,2026-08-04,Standard,mid_value,9,99,29,32,75,75,75,75.0,10.0,10.333333333333334,3.225806451612909,1,1,0,1,0,0,0,25,Low Risk
Customer_00636,6,2026-08-05,Standard,mid_value,15,113,3,29,100,100,100,100.0,11.0,10.0,-10.0,1,1,0,0,0,0,0,0,Low Risk
Customer_00637,10,2026-08-01,Premium,high_value,10,187,14,42,100,75,75,87.5,10.0,,,1,1,0,0,1,0,0,20,Low Risk
Customer_00637,10,2026-08-02,Premium,high_value,20,153,23,13,100,75,100,92.5,15.0,10.0,-50.0,1,1,0,1,0,0,0,25,Low Risk
Customer_00637,10,2026-08-03,Premium,high_value,14,227,7,21,100,100,100,100.0,14.666666666666666,15.0,2.2222222222222263,1,1,0,0,0,0,0,0,Low Risk
Customer_00637,10,2026-08-04,Premium,high_value,18,165,8,36,100,100,75,95.0,15.5,14.666666666666666,-5.681818181818186,1,1,0,0,0,0,0,0,Low Risk
Customer_00637,10,2026-08-05,Premium,high_value,11,170,13,50,100,75,75,87.5,14.6,15.5,5.806451612903228,1,1,0,0,1,0,0,20,Low Risk
Customer_00638,2,2026-08-01,Premium,high_value,13,244,12,32,100,75,75,87.5,13.0,,,0,0,0,0,0,0,0,0,Low Risk
Customer_00638,2,2026-08-02,Premium,high_value,21,167,21,26,100,75,100,92.5,17.0,13.0,-30.76923076923077,0,0,0,1,0,0,0,25,Low Risk
Customer_00638,2,2026-08-03,Premium,high_value,17,177,22,32,100,75,75,87.5,17.0,17.0,0.0,0,0,0,1,0,0,0,25,Low Risk
Customer_00638,2,2026-08-04,Premium,high_value,10,172,29,42,100,75,75,87.5,15.25,17.0,10.294117647058822,0,0,0,1,1,0,0,45,Medium Risk
Customer_00638,2,2026-08-05,Premium,high_value,22,179,8,14,100,100,100,100.0,16.6,15.25,-8.852459016393452,0,0,0,0,0,0,0,0,Low Risk
Customer_00639,7,2026-08-01,Standard,mid_value,13,105,15,20,100,75,100,92.5,13.0,,,0,0,0,0,0,0,0,0,Low Risk
Customer_00639,7,2026-08-02,Standard,mid_value,6,106,29,29,100,75,100,92.5,9.5,13.0,26.923076923076923,0,0,0,1,0,0,0,25,Low Risk
Customer_00639,7,2026-08-03,Standard,mid_value,11,107,29,29,100,75,100,92.5,10.0,9.5,-5.263157894736842,0,0,0,1,0,0,0,25,Low Risk
Customer_00639,7,2026-08-04,Standard,mid_value,13,109,19,11,100,75,100,92.5,10.75,10.0,-7.5,0,0,0,0,0,0,0,0,Low Risk
Customer_00639,7,2026-08-05,Standard,mid_value,6,106,6,35,100,100,75,95.0,9.8,10.75,8.837209302325574,0,0,0,0,0,0,0,0,Low Risk
Customer_00640,7,2026-08-01,Standard,mid_value,7,105,26,45,100,75,75,87.5,7.0,,,0,0,0,1,1,0,0,45,Medium Risk
Customer_00640,7,2026-08-02,Standard,mid_value,5,97,12,36,75,75,75,75.0,6.0,7.0,14.285714285714285,0,0,0,0,0,0,0,0,Low Risk
Customer_00640,7,2026-08-03,Standard,mid_value,10,97,24,47,75,75,75,75.0,7.333333333333333,6.0,-22.222222222222214,0,0,0,1,1,0,0,45,Medium Risk
Customer_00640,7,2026-08-04,Standard,mid_value,11,87,16,20,75,75,100,80.0,8.25,7.333333333333333,-12.500000000000004,0,0,0,0,0,0,0,0,Low Risk
Customer_00640,7,2026-08-05,Standard,mid_value,14,83,30,12,75,75,100,80.0,9.4,8.25,-13.939393939393945,0,0,0,1,0,0,0,25,Low Risk
Customer_00641,7,2026-08-01,Standard,mid_value,7,99,22,15,75,75,100,80.0,7.0,,,0,0,0,1,0,0,0,25,Low Risk
Customer_00641,7,2026-08-02,Standard,mid_value,6,118,10,38,100,100,75,95.0,6.5,7.0,7.142857142857142,0,0,0,0,0,0,0,0,Low Risk
Customer_00641,7,2026-08-03,Standard,mid_value,10,88,17,39,75,75,75,75.0,7.666666666666667,6.5,-17.948717948717956,0,0,0,0,0,0,0,0,Low Risk
Customer_00641,7,2026-08-04,Standard,mid_value,11,91,4,47,75,100,75,82.5,8.5,7.666666666666667,-10.8695652173913,0,0,0,0,1,0,0,20,Low Risk
Customer_00641,7,2026-08-05,Standard,mid_value,11,112,22,35,100,75,75,87.5,9.0,8.5,-5.88235294117647,0,0,0,1,0,0,0,25,Low Risk
Customer_00642,8,2026-08-01,Standard,mid_value,9,84,18,24,75,75,100,80.0,9.0,,,0,0,0,0,0,0,0,0,Low Risk
Customer_00642,8,2026-08-02,Standard,mid_value,13,98,20,21,75,75,100,80.0,11.0,9.0,-22.22222222222222,0,0,0,0,0,0,0,0,Low Risk
Customer_00642,8,2026-08-03,Standard,mid_value,14,105,23,43,100,75,75,87.5,12.0,11.0,-9.090909090909092,0,0,0,1,1,0,0,45,Medium Risk
Customer_00642,8,2026-08-04,Standard,mid_value,12,92,9,49,75,100,75,82.5,12.0,12.0,0.0,0,0,0,0,1,0,0,20,Low Risk
Customer_00642,8,2026-08-05,Standard,mid_value,10,81,22,35,75,75,75,75.0,11.6,12.0,3.333333333333336,0,0,0,1,0,0,0,25,Low Risk
Customer_00643,10,2026-08-01,Premium,high_value,10,236,17,29,100,75,100,92.5,10.0,,,1,1,0,0,0,0,0,0,Low Risk
Customer_00643,10,2026-08-02,Premium,high_value,12,223,17,45,100,75,75,87.5,11.0,10.0,-10.0,1,1,0,0,1,0,0,20,Low Risk
Customer_00643,10,2026-08-03,Premium,high_value,22,163,21,18,100,75,100,92.5,14.666666666666666,11.0,-33.33333333333333,1,1,0,1,0,0,0,25,Low Risk
Customer_00643,10,2026-08-04,Premium,high_value,15,162,10,16,100,100,100,100.0,14.75,14.666666666666666,-0.5681818181818222,1,1,0,0,0,0,0,0,Low Risk
Customer_00643,10,2026-08-05,Premium,high_value,24,225,5,43,100,100,75,95.0,16.6,14.75,-12.542372881355943,1,1,0,0,1,0,0,20,Low Risk
Customer_00644,10,2026-08-01,Premium,high_value,13,200,24,49,100,75,75,87.5,13.0,,,0,0,0,1,1,0,0,45,Medium Risk
Customer_00644,10,2026-08-02,Premium,high_value,23,236,28,20,100,75,100,92.5,18.0,13.0,-38.46153846153847,0,0,0,1,0,0,0,25,Low Risk
Customer_00644,10,2026-08-03,Premium,high_value,11,172,15,38,100,75,75,87.5,15.666666666666666,18.0,12.962962962962964,0,0,0,0,0,0,0,0,Low Risk
Customer_00644,10,2026-08-04,Premium,high_value,22,168,15,34,100,75,75,87.5,17.25,15.666666666666666,-10.106382978723408,0,0,0,0,0,0,0,0,Low Risk
Customer_00644,10,2026-08-05,Premium,high_value,14,192,26,24,100,75,100,92.5,16.6,17.25,3.768115942028978,0,0,0,1,0,0,0,25,Low Risk
Customer_00645,10,2026-08-01,Standard,mid_value,9,92,29,26,75,75,100,80.0,9.0,,,0,0,0,1,0,0,0,25,Low Risk
Customer_00645,10,2026-08-02,Standard,mid_value,10,88,10,23,75,100,100,87.5,9.5,9.0,-5.555555555555555,0,0,0,0,0,0,0,0,Low Risk
Customer_00645,10,2026-08-03,Standard,mid_value,12,108,27,42,100,75,75,87.5,10.333333333333334,9.5,-8.77192982456141,0,0,0,1,1,0,0,45,Medium Risk
Customer_00645,10,2026-08-04,Standard,mid_value,13,120,13,37,100,75,75,87.5,11.0,10.333333333333334,-6.451612903225801,0,0,0,0,0,0,0,0,Low Risk
Customer_00645,10,2026-08-05,Standard,mid_value,7,107,6,41,100,100,75,95.0,10.2,11.0,7.27272727272728,0,0,0,0,1,0,0,20,Low Risk
Customer_00646,4,2026-08-01,Standard,mid_value,11,103,12,10,100,75,100,92.5,11.0,,,0,0,0,0,0,0,0,0,Low Risk
Customer_00646,4,2026-08-02,Standard,mid_value,10,102,12,15,100,75,100,92.5,10.5,11.0,4.545454545454546,0,0,0,0,0,0,0,0,Low Risk
Customer_00646,4,2026-08-03,Standard,mid_value,7,112,10,37,100,100,75,95.0,9.333333333333334,10.5,11.111111111111104,0,0,0,0,0,0,0,0,Low Risk
Customer_00646,4,2026-08-04,Standard,mid_value,8,113,9,40,100,100,75,95.0,9.0,9.333333333333334,3.5714285714285774,0,0,0,0,0,0,0,0,Low Risk
Customer_00646,4,2026-08-05,Standard,mid_value,15,102,8,35,100,100,75,95.0,10.2,9.0,-13.333333333333323,0,0,0,0,0,0,0,0,Low Risk
Customer_00647,4,2026-08-01,Standard,mid_value,7,88,16,47,75,75,75,75.0,7.0,,,1,1,0,0,1,0,0,20,Low Risk
Customer_00647,4,2026-08-02,Standard,mid_value,5,86,16,49,75,75,75,75.0,6.0,7.0,14.285714285714285,1,1,0,0,1,0,0,20,Low Risk
Customer_00647,4,2026-08-03,Standard,mid_value,10,115,18,44,100,75,75,87.5,7.333333333333333,6.0,-22.222222222222214,1,1,0,0,1,0,0,20,Low Risk
Customer_00647,4,2026-08-04,Standard,mid_value,6,86,14,45,75,75,75,75.0,7.0,7.333333333333333,4.545454545454541,1,1,0,0,1,0,0,20,Low Risk
Customer_00647,4,2026-08-05,Standard,mid_value,6,114,11,43,100,75,75,87.5,6.8,7.0,2.85714285714286,1,1,0,0,1,0,0,20,Low Risk
Customer_00648,1,2026-08-01,Premium,high_value,24,168,21,46,100,75,75,87.5,24.0,,,0,0,0,1,1,0,0,45,Medium Risk
Customer_00648,1,2026-08-02,Premium,high_value,15,204,11,23,100,75,100,92.5,19.5,24.0,18.75,0,0,0,0,0,0,0,0,Low Risk
Customer_00648,1,2026-08-03,Premium,high_value,18,193,20,36,100,75,75,87.5,19.0,19.5,2.564102564102564,0,0,0,0,0,0,0,0,Low Risk
Customer_00648,1,2026-08-04,Premium,high_value,20,161,6,42,100,100,75,95.0,19.25,19.0,-1.3157894736842104,0,0,0,0,1,0,0,20,Low Risk
Customer_00648,1,2026-08-05,Premium,high_value,11,240,2,46,100,100,75,95.0,17.6,19.25,8.571428571428564,0,0,0,0,1,0,0,20,Low Risk
Customer_00649,10,2026-08-01,Standard,mid_value,12,87,19,45,75,75,75,75.0,12.0,,,0,0,0,0,1,0,0,20,Low Risk
Customer_00649,10,2026-08-02,Standard,mid_value,6,88,25,33,75,75,75,75.0,9.0,12.0,25.0,0,0,0,1,0,0,0,25,Low Risk
Customer_00649,10,2026-08-03,Standard,mid_value,13,81,22,35,75,75,75,75.0,10.333333333333334,9.0,-14.814814814814822,0,0,0,1,0,0,0,25,Low Risk
Customer_00649,10,2026-08-04,Standard,mid_value,14,82,9,12,75,100,100,87.5,11.25,10.333333333333334,-8.870967741935477,0,0,0,0,0,0,0,0,Low Risk
Customer_00649,10,2026-08-05,Standard,mid_value,12,108,17,21,100,75,100,92.5,11.4,11.25,-1.3333333333333366,0,0,0,0,0,0,0,0,Low Risk
Customer_00650,1,2026-08-01,Premium,high_value,11,198,25,42,100,75,75,87.5,11.0,,,0,0,0,1,1,0,0,45,Medium Risk
Customer_00650,1,2026-08-02,Premium,high_value,15,234,1,36,100,100,75,95.0,13.0,11.0,-18.181818181818183,0,0,0,0,0,0,0,0,Low Risk
Customer_00650,1,2026-08-03,Premium,high_value,13,240,21,11,100,75,100,92.5,13.0,13.0,0.0,0,0,0,1,0,0,0,25,Low Risk
Customer_00650,1,2026-08-04,Premium,high_value,11,151,27,29,100,75,100,92.5,12.5,13.0,3.8461538461538463,0,0,0,1,0,0,0,25,Low Risk
Customer_00650,1,2026-08-05,Premium,high_value,12,203,11,24,100,75,100,92.5,12.4,12.5,0.7999999999999973,0,0,0,0,0,0,0,0,Low Risk
Customer_00651,7,2026-08-01,Premium,high_value,25,188,25,48,100,75,75,87.5,25.0,,,0,0,0,1,1,0,0,45,Medium Risk
Customer_00651,7,2026-08-02,Premium,high_value,23,198,22,21,100,75,100,92.5,24.0,25.0,4.0,0,0,0,1,0,0,0,25,Low Risk
Customer_00651,7,2026-08-03,Premium,high_value,21,208,23,14,100,75,100,92.5,23.0,24.0,4.166666666666666,0,0,0,1,0,0,0,25,Low Risk
Customer_00651,7,2026-08-04,Premium,high_value,24,154,17,45,100,75,75,87.5,23.25,23.0,-1.0869565217391304,0,0,0,0,1,0,0,20,Low Risk
Customer_00651,7,2026-08-05,Premium,high_value,24,247,14,23,100,75,100,92.5,23.4,23.25,-0.6451612903225745,0,0,0,0,0,0,0,0,Low Risk
Customer_00652,2,2026-08-01,Premium,high_value,14,205,21,12,100,75,100,92.5,14.0,,,0,0,0,1,0,0,0,25,Low Risk
Customer_00652,2,2026-08-02,Premium,high_value,25,150,8,11,100,100,100,100.0,19.5,14.0,-39.285714285714285,0,0,0,0,0,0,0,0,Low Risk
Customer_00652,2,2026-08-03,Premium,high_value,23,226,27,45,100,75,75,87.5,20.666666666666668,19.5,-5.982905982905988,0,0,0,1,1,0,0,45,Medium Risk
Customer_00652,2,2026-08-04,Premium,high_value,15,177,7,41,100,100,75,95.0,19.25,20.666666666666668,6.854838709677424,0,0,0,0,1,0,0,20,Low Risk
Customer_00652,2,2026-08-05,Premium,high_value,23,152,13,47,100,75,75,87.5,20.0,19.25,-3.896103896103896,0,0,0,0,1,0,0,20,Low Risk
Customer_00653,6,2026-08-01,Standard,mid_value,10,81,22,27,75,75,100,80.0,10.0,,,1,1,0,1,0,0,0,25,Low Risk
Customer_00653,6,2026-08-02,Standard,mid_value,6,81,1,47,75,100,75,82.5,8.0,10.0,20.0,1,1,0,0,1,0,0,20,Low Risk
Customer_00653,6,2026-08-03,Standard,mid_value,6,97,10,21,75,100,100,87.5,7.333333333333333,8.0,8.333333333333337,1,1,0,0,0,0,0,0,Low Risk
Customer_00653,6,2026-08-04,Standard,mid_value,7,95,22,30,75,75,100,80.0,7.25,7.333333333333333,1.1363636363636325,1,1,0,1,0,0,0,25,Low Risk
Customer_00653,6,2026-08-05,Standard,mid_value,10,114,19,42,100,75,75,87.5,7.8,7.25,-7.5862068965517215,1,1,0,0,1,0,0,20,Low Risk
Customer_00654,8,2026-08-01,Premium,high_value,13,180,9,44,100,100,75,95.0,13.0,,,1,1,0,0,1,0,0,20,Low Risk
Customer_00654,8,2026-08-02,Premium,high_value,15,155,26,12,100,75,100,92.5,14.0,13.0,-7.6923076923076925,1,1,0,1,0,0,0,25,Low Risk
Customer_00654,8,2026-08-03,Premium,high_value,13,222,13,10,100,75,100,92.5,13.666666666666666,14.0,2.3809523809523854,1,1,0,0,0,0,0,0,Low Risk
Customer_00654,8,2026-08-04,Premium,high_value,21,165,15,48,100,75,75,87.5,15.5,13.666666666666666,-13.414634146341466,1,1,0,0,1,0,0,20,Low Risk
Customer_00654,8,2026-08-05,Premium,high_value,13,204,28,33,100,75,75,87.5,15.0,15.5,3.225806451612903,1,1,0,1,0,0,0,25,Low Risk
Customer_00655,5,2026-08-01,Standard,mid_value,6,82,25,16,75,75,100,80.0,6.0,,,1,1,0,1,0,0,0,25,Low Risk
Customer_00655,5,2026-08-02,Standard,mid_value,15,119,10,23,100,100,100,100.0,10.5,6.0,-75.0,1,1,0,0,0,0,0,0,Low Risk
Customer_00655,5,2026-08-03,Standard,mid_value,13,84,6,23,75,100,100,87.5,11.333333333333334,10.5,-7.936507936507942,1,1,0,0,0,0,0,0,Low Risk
Customer_00655,5,2026-08-04,Standard,mid_value,6,109,29,44,100,75,75,87.5,10.0,11.333333333333334,11.764705882352946,1,1,0,1,1,0,0,45,Medium Risk
Customer_00655,5,2026-08-05,Standard,mid_value,13,98,23,13,75,75,100,80.0,10.6,10.0,-5.9999999999999964,1,1,0,1,0,0,0,25,Low Risk
Customer_00656,4,2026-08-01,Standard,mid_value,14,80,21,21,75,75,100,80.0,14.0,,,1,1,0,1,0,0,0,25,Low Risk
Customer_00656,4,2026-08-02,Standard,mid_value,12,97,23,17,75,75,100,80.0,13.0,14.0,7.142857142857142,1,1,0,1,0,0,0,25,Low Risk
Customer_00656,4,2026-08-03,Standard,mid_value,10,111,17,18,100,75,100,92.5,12.0,13.0,7.6923076923076925,1,1,0,0,0,0,0,0,Low Risk
Customer_00656,4,2026-08-04,Standard,mid_value,10,83,26,43,75,75,75,75.0,11.5,12.0,4.166666666666666,1,1,0,1,1,0,0,45,Medium Risk
Customer_00656,4,2026-08-05,Standard,mid_value,9,111,4,12,100,100,100,100.0,11.0,11.5,4.3478260869565215,1,1,0,0,0,0,0,0,Low Risk
Customer_00657,1,2026-08-01,Premium,high_value,17,187,11,20,100,75,100,92.5,17.0,,,0,0,0,0,0,0,0,0,Low Risk
Customer_00657,1,2026-08-02,Premium,high_value,21,154,6,31,100,100,75,95.0,19.0,17.0,-11.76470588235294,0,0,0,0,0,0,0,0,Low Risk
Customer_00657,1,2026-08-03,Premium,high_value,21,192,24,49,100,75,75,87.5,19.666666666666668,19.0,-3.5087719298245674,0,0,0,1,1,0,0,45,Medium Risk
Customer_00657,1,2026-08-04,Premium,high_value,23,225,16,30,100,75,100,92.5,20.5,19.666666666666668,-4.2372881355932135,0,0,0,0,0,0,0,0,Low Risk
Customer_00657,1,2026-08-05,Premium,high_value,17,223,16,23,100,75,100,92.5,19.8,20.5,3.41463414634146,0,0,0,0,0,0,0,0,Low Risk
Customer_00658,2,2026-08-01,Standard,mid_value,12,94,19,42,75,75,75,75.0,12.0,,,1,1,0,0,1,0,0,20,Low Risk
Customer_00658,2,2026-08-02,Standard,mid_value,13,89,20,39,75,75,75,75.0,12.5,12.0,-4.166666666666666,1,1,0,0,0,0,0,0,Low Risk
Customer_00658,2,2026-08-03,Standard,mid_value,12,115,8,41,100,100,75,95.0,12.333333333333334,12.5,1.3333333333333286,1,1,0,0,1,0,0,20,Low Risk
Customer_00658,2,2026-08-04,Standard,mid_value,8,98,13,35,75,75,75,75.0,11.25,12.333333333333334,8.783783783783788,1,1,0,0,0,0,0,0,Low Risk
Customer_00658,2,2026-08-05,Standard,mid_value,14,95,28,36,75,75,75,75.0,11.8,11.25,-4.888888888888896,1,1,0,1,0,0,0,25,Low Risk
Customer_00659,1,2026-08-01,Premium,high_value,12,203,9,34,100,100,75,95.0,12.0,,,1,1,0,0,0,0,0,0,Low Risk
Customer_00659,1,2026-08-02,Premium,high_value,13,202,17,33,100,75,75,87.5,12.5,12.0,-4.166666666666666,1,1,0,0,0,0,0,0,Low Risk
Customer_00659,1,2026-08-03,Premium,high_value,16,247,16,36,100,75,75,87.5,13.666666666666666,12.5,-9.333333333333329,1,1,0,0,0,0,0,0,Low Risk
Customer_00659,1,2026-08-04,Premium,high_value,21,232,21,45,100,75,75,87.5,15.5,13.666666666666666,-13.414634146341466,1,1,0,1,1,0,0,45,Medium Risk
Customer_00659,1,2026-08-05,Premium,high_value,18,240,10,38,100,100,75,95.0,16.0,15.5,-3.225806451612903,1,1,0,0,0,0,0,0,Low Risk
Customer_00660,2,2026-08-01,Premium,high_value,12,171,19,45,100,75,75,87.5,12.0,,,1,1,0,0,1,0,0,20,Low Risk
Customer_00660,2,2026-08-02,Premium,high_value,18,169,8,14,100,100,100,100.0,15.0,12.0,-25.0,1,1,0,0,0,0,0,0,Low Risk
Customer_00660,2,2026-08-03,Premium,high_value,15,246,13,47,100,75,75,87.5,15.0,15.0,0.0,1,1,0,0,1,0,0,20,Low Risk
Customer_00660,2,2026-08-04,Premium,high_value,14,157,2,14,100,100,100,100.0,14.75,15.0,1.6666666666666667,1,1,0,0,0,0,0,0,Low Risk
Customer_00660,2,2026-08-05,Premium,high_value,12,201,18,14,100,75,100,92.5,14.2,14.75,3.728813559322039,1,1,0,0,0,0,0,0,Low Risk
Customer_00661,5,2026-08-01,Premium,high_value,11,249,7,20,100,100,100,100.0,11.0,,,1,1,0,0,0,0,0,0,Low Risk
Customer_00661,5,2026-08-02,Premium,high_value,17,223,19,49,100,75,75,87.5,14.0,11.0,-27.27272727272727,1,1,0,0,1,0,0,20,Low Risk
Customer_00661,5,2026-08-03,Premium,high_value,17,242,9,31,100,100,75,95.0,15.0,14.0,-7.142857142857142,1,1,0,0,0,0,0,0,Low Risk
Customer_00661,5,2026-08-04,Premium,high_value,22,235,25,11,100,75,100,92.5,16.75,15.0,-11.666666666666666,1,1,0,1,0,0,0,25,Low Risk
Customer_00661,5,2026-08-05,Premium,high_value,25,202,17,22,100,75,100,92.5,18.4,16.75,-9.850746268656708,1,1,0,0,0,0,0,0,Low Risk
Customer_00662,9,2026-08-01,Standard,mid_value,8,107,15,30,100,75,100,92.5,8.0,,,0,0,0,0,0,0,0,0,Low Risk
Customer_00662,9,2026-08-02,Standard,mid_value,14,102,15,12,100,75,100,92.5,11.0,8.0,-37.5,0,0,0,0,0,0,0,0,Low Risk
Customer_00662,9,2026-08-03,Standard,mid_value,11,115,20,24,100,75,100,92.5,11.0,11.0,0.0,0,0,0,0,0,0,0,0,Low Risk
Customer_00662,9,2026-08-04,Standard,mid_value,11,87,3,32,75,100,75,82.5,11.0,11.0,0.0,0,0,0,0,0,0,0,0,Low Risk
Customer_00662,9,2026-08-05,Standard,mid_value,14,91,14,34,75,75,75,75.0,11.6,11.0,-5.454545454545452,0,0,0,0,0,0,0,0,Low Risk
Customer_00663,4,2026-08-01,Premium,high_value,23,181,3,48,100,100,75,95.0,23.0,,,1,1,0,0,1,0,0,20,Low Risk
Customer_00663,4,2026-08-02,Premium,high_value,23,172,18,26,100,75,100,92.5,23.0,23.0,0.0,1,1,0,0,0,0,0,0,Low Risk
Customer_00663,4,2026-08-03,Premium,high_value,21,218,22,29,100,75,100,92.5,22.33333333333333,23.0,2.8985507246376865,1,1,0,1,0,0,0,25,Low Risk
Customer_00663,4,2026-08-04,Premium,high_value,21,240,27,39,100,75,75,87.5,22.0,22.33333333333333,1.4925373134328306,1,1,0,1,0,0,0,25,Low Risk
Customer_00663,4,2026-08-05,Premium,high_value,24,181,14,38,100,75,75,87.5,22.4,22.0,-1.818181818181812,1,1,0,0,0,0,0,0,Low Risk
Customer_00664,5,2026-08-01,Standard,mid_value,8,116,28,12,100,75,100,92.5,8.0,,,1,1,0,1,0,0,0,25,Low Risk
Customer_00664,5,2026-08-02,Standard,mid_value,5,82,17,36,75,75,75,75.0,6.5,8.0,18.75,1,1,0,0,0,0,0,0,Low Risk
Customer_00664,5,2026-08-03,Standard,mid_value,14,97,5,44,75,100,75,82.5,9.0,6.5,-38.46153846153847,1,1,0,0,1,0,0,20,Low Risk
Customer_00664,5,2026-08-04,Standard,mid_value,12,96,27,28,75,75,100,80.0,9.75,9.0,-8.333333333333332,1,1,0,1,0,0,0,25,Low Risk
Customer_00664,5,2026-08-05,Standard,mid_value,8,118,18,20,100,75,100,92.5,9.4,9.75,3.589743589743586,1,1,0,0,0,0,0,0,Low Risk
Customer_00665,10,2026-08-01,Basic,low_value,5,48,21,47,50,75,75,62.5,5.0,,,1,1,0,1,1,0,0,45,Medium Risk
Customer_00665,10,2026-08-02,Basic,low_value,2,43,2,19,50,100,100,75.0,3.5,5.0,30.0,1,1,1,0,0,0,0,30,Low Risk
Customer_00665,10,2026-08-03,Basic,low_value,2,45,16,29,50,75,100,67.5,3.0,3.5,14.285714285714285,1,1,0,0,0,0,0,0,Low Risk
Customer_00665,10,2026-08-04,Basic,low_value,3,60,16,24,75,75,100,80.0,3.0,3.0,0.0,1,1,0,0,0,0,0,0,Low Risk
Customer_00665,10,2026-08-05,Basic,low_value,2,52,3,22,75,100,100,87.5,2.8,3.0,6.666666666666672,1,1,0,0,0,0,0,0,Low Risk
Customer_00666,8,2026-08-01,Premium,high_value,12,221,21,19,100,75,100,92.5,12.0,,,1,1,0,1,0,0,0,25,Low Risk
Customer_00666,8,2026-08-02,Premium,high_value,12,203,7,24,100,100,100,100.0,12.0,12.0,0.0,1,1,0,0,0,0,0,0,Low Risk
Customer_00666,8,2026-08-03,Premium,high_value,11,239,15,42,100,75,75,87.5,11.666666666666666,12.0,2.777777777777783,1,1,0,0,1,0,0,20,Low Risk
Customer_00666,8,2026-08-04,Premium,high_value,13,247,15,25,100,75,100,92.5,12.0,11.666666666666666,-2.857142857142862,1,1,0,0,0,0,0,0,Low Risk
Customer_00666,8,2026-08-05,Premium,high_value,11,242,8,21,100,100,100,100.0,11.8,12.0,1.6666666666666607,1,1,0,0,0,0,0,0,Low Risk
Customer_00667,2,2026-08-01,Basic,low_value,4,55,21,10,75,75,100,80.0,4.0,,,1,1,0,1,0,0,0,25,Low Risk
Customer_00667,2,2026-08-02,Basic,low_value,2,44,9,43,50,100,75,70.0,3.0,4.0,25.0,1,1,0,0,1,0,0,20,Low Risk
Customer_00667,2,2026-08-03,Basic,low_value,2,51,15,50,75,75,75,75.0,2.6666666666666665,3.0,11.111111111111116,1,1,0,0,1,0,0,20,Low Risk
Customer_00667,2,2026-08-04,Basic,low_value,3,60,18,34,75,75,75,75.0,2.75,2.6666666666666665,-3.1250000000000053,1,1,0,0,0,0,0,0,Low Risk
Customer_00667,2,2026-08-05,Basic,low_value,3,52,5,43,75,100,75,82.5,2.8,2.75,-1.818181818181812,1,1,0,0,1,0,0,20,Low Risk
Customer_00668,10,2026-08-01,Premium,high_value,16,178,2,37,100,100,75,95.0,16.0,,,0,0,0,0,0,0,0,0,Low Risk
Customer_00668,10,2026-08-02,Premium,high_value,19,216,13,16,100,75,100,92.5,17.5,16.0,-9.375,0,0,0,0,0,0,0,0,Low Risk
Customer_00668,10,2026-08-03,Premium,high_value,21,159,5,25,100,100,100,100.0,18.666666666666668,17.5,-6.666666666666673,0,0,0,0,0,0,0,0,Low Risk
Customer_00668,10,2026-08-04,Premium,high_value,11,199,17,50,100,75,75,87.5,16.75,18.666666666666668,10.267857142857148,0,0,0,0,1,0,0,20,Low Risk
Customer_00668,10,2026-08-05,Premium,high_value,18,186,13,23,100,75,100,92.5,17.0,16.75,-1.4925373134328357,0,0,0,0,0,0,0,0,Low Risk
Customer_00669,3,2026-08-01,Basic,low_value,4,54,13,18,75,75,100,80.0,4.0,,,1,1,0,0,0,0,0,0,Low Risk
Customer_00669,3,2026-08-02,Basic,low_value,2,45,16,22,50,75,100,67.5,3.0,4.0,25.0,1,1,0,0,0,0,0,0,Low Risk
Customer_00669,3,2026-08-03,Basic,low_value,5,41,16,41,50,75,75,62.5,3.6666666666666665,3.0,-22.222222222222214,1,1,0,0,1,0,0,20,Low Risk
Customer_00669,3,2026-08-04,Basic,low_value,3,41,20,31,50,75,75,62.5,3.5,3.6666666666666665,4.545454545454541,1,1,0,0,0,0,0,0,Low Risk
Customer_00669,3,2026-08-05,Basic,low_value,1,44,30,37,50,75,75,62.5,3.0,3.5,14.285714285714285,1,1,0,1,0,0,0,25,Low Risk
Customer_00670,3,2026-08-01,Premium,high_value,12,188,5,15,100,100,100,100.0,12.0,,,1,1,0,0,0,0,0,0,Low Risk
Customer_00670,3,2026-08-02,Premium,high_value,19,213,8,45,100,100,75,95.0,15.5,12.0,-29.166666666666668,1,1,0,0,1,0,0,20,Low Risk
Customer_00670,3,2026-08-03,Premium,high_value,17,230,11,26,100,75,100,92.5,16.0,15.5,-3.225806451612903,1,1,0,0,0,0,0,0,Low Risk
Customer_00670,3,2026-08-04,Premium,high_value,11,158,26,10,100,75,100,92.5,14.75,16.0,7.8125,1,1,0,1,0,0,0,25,Low Risk
Customer_00670,3,2026-08-05,Premium,high_value,17,214,29,43,100,75,75,87.5,15.2,14.75,-3.050847457627114,1,1,0,1,1,0,0,45,Medium Risk
Customer_00671,6,2026-08-01,Premium,high_value,16,165,7,33,100,100,75,95.0,16.0,,,1,1,0,0,0,0,0,0,Low Risk
Customer_00671,6,2026-08-02,Premium,high_value,14,223,5,38,100,100,75,95.0,15.0,16.0,6.25,1,1,0,0,0,0,0,0,Low Risk
Customer_00671,6,2026-08-03,Premium,high_value,10,220,11,35,100,75,75,87.5,13.333333333333334,15.0,11.111111111111107,1,1,0,0,0,0,0,0,Low Risk
Customer_00671,6,2026-08-04,Premium,high_value,11,243,11,48,100,75,75,87.5,12.75,13.333333333333334,4.375000000000004,1,1,0,0,1,0,0,20,Low Risk
Customer_00671,6,2026-08-05,Premium,high_value,24,204,16,32,100,75,75,87.5,15.0,12.75,-17.647058823529413,1,1,0,0,0,0,0,0,Low Risk
Customer_00672,2,2026-08-01,Standard,mid_value,7,117,7,46,100,100,75,95.0,7.0,,,1,1,0,0,1,0,0,20,Low Risk
Customer_00672,2,2026-08-02,Standard,mid_value,14,111,1,14,100,100,100,100.0,10.5,7.0,-50.0,1,1,0,0,0,0,0,0,Low Risk
Customer_00672,2,2026-08-03,Standard,mid_value,12,80,2,41,75,100,75,82.5,11.0,10.5,-4.761904761904762,1,1,0,0,1,0,0,20,Low Risk
Customer_00672,2,2026-08-04,Standard,mid_value,14,90,23,25,75,75,100,80.0,11.75,11.0,-6.8181818181818175,1,1,0,1,0,0,0,25,Low Risk
Customer_00672,2,2026-08-05,Standard,mid_value,13,120,19,28,100,75,100,92.5,12.0,11.75,-2.127659574468085,1,1,0,0,0,0,0,0,Low Risk
Customer_00673,6,2026-08-01,Premium,high_value,10,165,3,12,100,100,100,100.0,10.0,,,1,1,0,0,0,0,0,0,Low Risk
Customer_00673,6,2026-08-02,Premium,high_value,10,215,12,42,100,75,75,87.5,10.0,10.0,0.0,1,1,0,0,1,0,0,20,Low Risk
Customer_00673,6,2026-08-03,Premium,high_value,20,188,7,34,100,100,75,95.0,13.333333333333334,10.0,-33.333333333333336,1,1,0,0,0,0,0,0,Low Risk
Customer_00673,6,2026-08-04,Premium,high_value,17,245,15,21,100,75,100,92.5,14.25,13.333333333333334,-6.874999999999995,1,1,0,0,0,0,0,0,Low Risk
Customer_00673,6,2026-08-05,Premium,high_value,13,214,15,10,100,75,100,92.5,14.0,14.25,1.7543859649122806,1,1,0,0,0,0,0,0,Low Risk
Customer_00674,3,2026-08-01,Premium,high_value,15,237,6,38,100,100,75,95.0,15.0,,,0,0,0,0,0,0,0,0,Low Risk
Customer_00674,3,2026-08-02,Premium,high_value,23,232,0,30,100,100,100,100.0,19.0,15.0,-26.666666666666668,0,0,0,0,0,0,0,0,Low Risk
Customer_00674,3,2026-08-03,Premium,high_value,15,173,27,45,100,75,75,87.5,17.666666666666668,19.0,7.017543859649117,0,0,0,1,1,0,0,45,Medium Risk
Customer_00674,3,2026-08-04,Premium,high_value,18,181,20,14,100,75,100,92.5,17.75,17.666666666666668,-0.4716981132075404,0,0,0,0,0,0,0,0,Low Risk
Customer_00674,3,2026-08-05,Premium,high_value,16,224,28,16,100,75,100,92.5,17.4,17.75,1.971830985915501,0,0,0,1,0,0,0,25,Low Risk
Customer_00675,3,2026-08-01,Premium,high_value,17,180,1,41,100,100,75,95.0,17.0,,,1,1,0,0,1,0,0,20,Low Risk
Customer_00675,3,2026-08-02,Premium,high_value,22,191,1,32,100,100,75,95.0,19.5,17.0,-14.705882352941178,1,1,0,0,0,0,0,0,Low Risk
Customer_00675,3,2026-08-03,Premium,high_value,18,165,1,25,100,100,100,100.0,19.0,19.5,2.564102564102564,1,1,0,0,0,0,0,0,Low Risk
Customer_00675,3,2026-08-04,Premium,high_value,14,181,10,41,100,100,75,95.0,17.75,19.0,6.578947368421052,1,1,0,0,1,0,0,20,Low Risk
Customer_00675,3,2026-08-05,Premium,high_value,14,250,17,32,100,75,75,87.5,17.0,17.75,4.225352112676056,1,1,0,0,0,0,0,0,Low Risk
Customer_00676,3,2026-08-01,Premium,high_value,21,185,9,33,100,100,75,95.0,21.0,,,1,1,0,0,0,0,0,0,Low Risk
Customer_00676,3,2026-08-02,Premium,high_value,10,171,22,32,100,75,75,87.5,15.5,21.0,26.190476190476197,1,1,0,1,0,0,0,25,Low Risk
Customer_00676,3,2026-08-03,Premium,high_value,12,150,25,29,100,75,100,92.5,14.333333333333334,15.5,7.526881720430103,1,1,0,1,0,0,0,25,Low Risk
Customer_00676,3,2026-08-04,Premium,high_value,22,233,9,19,100,100,100,100.0,16.25,14.333333333333334,-13.37209302325581,1,1,0,0,0,0,0,0,Low Risk
Customer_00676,3,2026-08-05,Premium,high_value,14,243,14,38,100,75,75,87.5,15.8,16.25,2.7692307692307647,1,1,0,0,0,0,0,0,Low Risk
Customer_00677,9,2026-08-01,Standard,mid_value,14,93,10,14,75,100,100,87.5,14.0,,,1,1,0,0,0,0,0,0,Low Risk
Customer_00677,9,2026-08-02,Standard,mid_value,10,92,2,40,75,100,75,82.5,12.0,14.0,14.285714285714285,1,1,0,0,0,0,0,0,Low Risk
Customer_00677,9,2026-08-03,Standard,mid_value,13,85,9,31,75,100,75,82.5,12.333333333333334,12.0,-2.777777777777783,1,1,0,0,0,0,0,0,Low Risk
Customer_00677,9,2026-08-04,Standard,mid_value,15,94,13,45,75,75,75,75.0,13.0,12.333333333333334,-5.4054054054054,1,1,0,0,1,0,0,20,Low Risk
Customer_00677,9,2026-08-05,Standard,mid_value,9,87,15,39,75,75,75,75.0,12.2,13.0,6.153846153846159,1,1,0,0,0,0,0,0,Low Risk
Customer_00678,6,2026-08-01,Standard,mid_value,12,92,27,23,75,75,100,80.0,12.0,,,1,1,0,1,0,0,0,25,Low Risk
Customer_00678,6,2026-08-02,Standard,mid_value,15,115,21,12,100,75,100,92.5,13.5,12.0,-12.5,1,1,0,1,0,0,0,25,Low Risk
Customer_00678,6,2026-08-03,Standard,mid_value,14,114,22,21,100,75,100,92.5,13.666666666666666,13.5,-1.2345679012345634,1,1,0,1,0,0,0,25,Low Risk
Customer_00678,6,2026-08-04,Standard,mid_value,14,86,4,22,75,100,100,87.5,13.75,13.666666666666666,-0.6097560975609799,1,1,0,0,0,0,0,0,Low Risk
Customer_00678,6,2026-08-05,Standard,mid_value,6,117,13,17,100,75,100,92.5,12.2,13.75,11.272727272727275,1,1,0,0,0,0,0,0,Low Risk
Customer_00679,7,2026-08-01,Standard,mid_value,8,88,15,48,75,75,75,75.0,8.0,,,1,1,0,0,1,0,0,20,Low Risk
Customer_00679,7,2026-08-02,Standard,mid_value,7,113,28,18,100,75,100,92.5,7.5,8.0,6.25,1,1,0,1,0,0,0,25,Low Risk
Customer_00679,7,2026-08-03,Standard,mid_value,7,108,22,29,100,75,100,92.5,7.333333333333333,7.5,2.2222222222222263,1,1,0,1,0,0,0,25,Low Risk
Customer_00679,7,2026-08-04,Standard,mid_value,7,118,28,25,100,75,100,92.5,7.25,7.333333333333333,1.1363636363636325,1,1,0,1,0,0,0,25,Low Risk
Customer_00679,7,2026-08-05,Standard,mid_value,14,92,11,43,75,75,75,75.0,8.6,7.25,-18.62068965517241,1,1,0,0,1,0,0,20,Low Risk
Customer_00680,2,2026-08-01,Standard,mid_value,11,101,11,38,100,75,75,87.5,11.0,,,0,0,0,0,0,0,0,0,Low Risk
Customer_00680,2,2026-08-02,Standard,mid_value,10,106,24,35,100,75,75,87.5,10.5,11.0,4.545454545454546,0,0,0,1,0,0,0,25,Low Risk
Customer_00680,2,2026-08-03,Standard,mid_value,10,80,14,10,75,75,100,80.0,10.333333333333334,10.5,1.5873015873015817,0,0,0,0,0,0,0,0,Low Risk
Customer_00680,2,2026-08-04,Standard,mid_value,5,82,6,27,75,100,100,87.5,9.0,10.333333333333334,12.903225806451616,0,0,0,0,0,0,0,0,Low Risk
Customer_00680,2,2026-08-05,Standard,mid_value,15,100,19,40,100,75,75,87.5,10.2,9.0,-13.333333333333323,0,0,0,0,0,0,0,0,Low Risk
Customer_00681,7,2026-08-01,Standard,mid_value,6,120,8,30,100,100,100,100.0,6.0,,,1,1,0,0,0,0,0,0,Low Risk
Customer_00681,7,2026-08-02,Standard,mid_value,10,91,14,21,75,75,100,80.0,8.0,6.0,-33.33333333333333,1,1,0,0,0,0,0,0,Low Risk
Customer_00681,7,2026-08-03,Standard,mid_value,15,120,2,23,100,100,100,100.0,10.333333333333334,8.0,-29.166666666666675,1,1,0,0,0,0,0,0,Low Risk
Customer_00681,7,2026-08-04,Standard,mid_value,15,105,24,36,100,75,75,87.5,11.5,10.333333333333334,-11.290322580645157,1,1,0,1,0,0,0,25,Low Risk
Customer_00681,7,2026-08-05,Standard,mid_value,9,118,20,12,100,75,100,92.5,11.0,11.5,4.3478260869565215,1,1,0,0,0,0,0,0,Low Risk
Customer_00682,1,2026-08-01,Premium,high_value,20,190,0,47,100,100,75,95.0,20.0,,,1,1,0,0,1,0,0,20,Low Risk
Customer_00682,1,2026-08-02,Premium,high_value,10,168,27,19,100,75,100,92.5,15.0,20.0,25.0,1,1,0,1,0,0,0,25,Low Risk
Customer_00682,1,2026-08-03,Premium,high_value,22,166,30,11,100,75,100,92.5,17.333333333333332,15.0,-15.555555555555548,1,1,0,1,0,0,0,25,Low Risk
Customer_00682,1,2026-08-04,Premium,high_value,13,172,11,32,100,75,75,87.5,16.25,17.333333333333332,6.249999999999994,1,1,0,0,0,0,0,0,Low Risk
Customer_00682,1,2026-08-05,Premium,high_value,13,244,6,30,100,100,100,100.0,15.6,16.25,4.000000000000002,1,1,0,0,0,0,0,0,Low Risk
Customer_00683,6,2026-08-01,Premium,high_value,17,237,10,10,100,100,100,100.0,17.0,,,1,1,0,0,0,0,0,0,Low Risk
Customer_00683,6,2026-08-02,Premium,high_value,10,227,6,19,100,100,100,100.0,13.5,17.0,20.588235294117645,1,1,0,0,0,0,0,0,Low Risk
Customer_00683,6,2026-08-03,Premium,high_value,15,227,18,48,100,75,75,87.5,14.0,13.5,-3.7037037037037033,1,1,0,0,1,0,0,20,Low Risk
Customer_00683,6,2026-08-04,Premium,high_value,23,190,9,41,100,100,75,95.0,16.25,14.0,-16.071428571428573,1,1,0,0,1,0,0,20,Low Risk
Customer_00683,6,2026-08-05,Premium,high_value,18,163,8,43,100,100,75,95.0,16.6,16.25,-2.153846153846162,1,1,0,0,1,0,0,20,Low Risk
Customer_00684,5,2026-08-01,Standard,mid_value,7,90,17,30,75,75,100,80.0,7.0,,,0,0,0,0,0,0,0,0,Low Risk
Customer_00684,5,2026-08-02,Standard,mid_value,10,108,13,23,100,75,100,92.5,8.5,7.0,-21.428571428571427,0,0,0,0,0,0,0,0,Low Risk
Customer_00684,5,2026-08-03,Standard,mid_value,8,107,15,22,100,75,100,92.5,8.333333333333334,8.5,1.9607843137254832,0,0,0,0,0,0,0,0,Low Risk
Customer_00684,5,2026-08-04,Standard,mid_value,7,97,29,33,75,75,75,75.0,8.0,8.333333333333334,4.000000000000007,0,0,0,1,0,0,0,25,Low Risk
Customer_00684,5,2026-08-05,Standard,mid_value,9,95,10,22,75,100,100,87.5,8.2,8.0,-2.499999999999991,0,0,0,0,0,0,0,0,Low Risk
Customer_00685,5,2026-08-01,Premium,high_value,17,176,4,33,100,100,75,95.0,17.0,,,1,1,0,0,0,0,0,0,Low Risk
Customer_00685,5,2026-08-02,Premium,high_value,14,163,6,25,100,100,100,100.0,15.5,17.0,8.823529411764707,1,1,0,0,0,0,0,0,Low Risk
Customer_00685,5,2026-08-03,Premium,high_value,19,240,10,42,100,100,75,95.0,16.666666666666668,15.5,-7.526881720430115,1,1,0,0,1,0,0,20,Low Risk
Customer_00685,5,2026-08-04,Premium,high_value,15,235,5,25,100,100,100,100.0,16.25,16.666666666666668,2.500000000000007,1,1,0,0,0,0,0,0,Low Risk
Customer_00685,5,2026-08-05,Premium,high_value,19,233,21,38,100,75,75,87.5,16.8,16.25,-3.3846153846153886,1,1,0,1,0,0,0,25,Low Risk
Customer_00686,2,2026-08-01,Premium,high_value,10,157,17,34,100,75,75,87.5,10.0,,,0,0,0,0,0,0,0,0,Low Risk
Customer_00686,2,2026-08-02,Premium,high_value,11,221,3,44,100,100,75,95.0,10.5,10.0,-5.0,0,0,0,0,1,0,0,20,Low Risk
Customer_00686,2,2026-08-03,Premium,high_value,21,186,26,40,100,75,75,87.5,14.0,10.5,-33.33333333333333,0,0,0,1,0,0,0,25,Low Risk
Customer_00686,2,2026-08-04,Premium,high_value,16,156,3,49,100,100,75,95.0,14.5,14.0,-3.571428571428571,0,0,0,0,1,0,0,20,Low Risk
Customer_00686,2,2026-08-05,Premium,high_value,11,244,30,12,100,75,100,92.5,13.8,14.5,4.827586206896547,0,0,0,1,0,0,0,25,Low Risk
Customer_00687,7,2026-08-01,Premium,high_value,21,194,15,48,100,75,75,87.5,21.0,,,1,1,0,0,1,0,0,20,Low Risk
Customer_00687,7,2026-08-02,Premium,high_value,24,174,11,43,100,75,75,87.5,22.5,21.0,-7.142857142857142,1,1,0,0,1,0,0,20,Low Risk
Customer_00687,7,2026-08-03,Premium,high_value,15,240,9,34,100,100,75,95.0,20.0,22.5,11.11111111111111,1,1,0,0,0,0,0,0,Low Risk
Customer_00687,7,2026-08-04,Premium,high_value,17,196,12,11,100,75,100,92.5,19.25,20.0,3.75,1,1,0,0,0,0,0,0,Low Risk
Customer_00687,7,2026-08-05,Premium,high_value,15,246,25,11,100,75,100,92.5,18.4,19.25,4.415584415584424,1,1,0,1,0,0,0,25,Low Risk
Customer_00688,7,2026-08-01,Premium,high_value,24,229,9,34,100,100,75,95.0,24.0,,,1,1,0,0,0,0,0,0,Low Risk
Customer_00688,7,2026-08-02,Premium,high_value,16,180,19,30,100,75,100,92.5,20.0,24.0,16.666666666666664,1,1,0,0,0,0,0,0,Low Risk
Customer_00688,7,2026-08-03,Premium,high_value,20,237,23,46,100,75,75,87.5,20.0,20.0,0.0,1,1,0,1,1,0,0,45,Medium Risk
Customer_00688,7,2026-08-04,Premium,high_value,13,222,6,12,100,100,100,100.0,18.25,20.0,8.75,1,1,0,0,0,0,0,0,Low Risk
Customer_00688,7,2026-08-05,Premium,high_value,19,238,5,29,100,100,100,100.0,18.4,18.25,-0.8219178082191704,1,1,0,0,0,0,0,0,Low Risk
Customer_00689,5,2026-08-01,Premium,high_value,22,168,27,38,100,75,75,87.5,22.0,,,1,1,0,1,0,0,0,25,Low Risk
Customer_00689,5,2026-08-02,Premium,high_value,23,233,1,25,100,100,100,100.0,22.5,22.0,-2.272727272727273,1,1,0,0,0,0,0,0,Low Risk
Customer_00689,5,2026-08-03,Premium,high_value,17,218,7,37,100,100,75,95.0,20.666666666666668,22.5,8.148148148148143,1,1,0,0,0,0,0,0,Low Risk
Customer_00689,5,2026-08-04,Premium,high_value,12,187,3,42,100,100,75,95.0,18.5,20.666666666666668,10.48387096774194,1,1,0,0,1,0,0,20,Low Risk
Customer_00689,5,2026-08-05,Premium,high_value,25,181,20,27,100,75,100,92.5,19.8,18.5,-7.02702702702703,1,1,0,0,0,0,0,0,Low Risk
Customer_00690,5,2026-08-01,Premium,high_value,13,164,6,25,100,100,100,100.0,13.0,,,1,1,0,0,0,0,0,0,Low Risk
Customer_00690,5,2026-08-02,Premium,high_value,14,157,12,35,100,75,75,87.5,13.5,13.0,-3.8461538461538463,1,1,0,0,0,0,0,0,Low Risk
Customer_00690,5,2026-08-03,Premium,high_value,14,174,7,45,100,100,75,95.0,13.666666666666666,13.5,-1.2345679012345634,1,1,0,0,1,0,0,20,Low Risk
Customer_00690,5,2026-08-04,Premium,high_value,12,232,11,39,100,75,75,87.5,13.25,13.666666666666666,3.0487804878048737,1,1,0,0,0,0,0,0,Low Risk
Customer_00690,5,2026-08-05,Premium,high_value,14,234,19,33,100,75,75,87.5,13.4,13.25,-1.1320754716981158,1,1,0,0,0,0,0,0,Low Risk
Customer_00691,4,2026-08-01,Premium,high_value,20,246,24,15,100,75,100,92.5,20.0,,,1,1,0,1,0,0,0,25,Low Risk
Customer_00691,4,2026-08-02,Premium,high_value,17,185,7,36,100,100,75,95.0,18.5,20.0,7.5,1,1,0,0,0,0,0,0,Low Risk
Customer_00691,4,2026-08-03,Premium,high_value,19,250,30,16,100,75,100,92.5,18.666666666666668,18.5,-0.9009009009009074,1,1,0,1,0,0,0,25,Low Risk
Customer_00691,4,2026-08-04,Premium,high_value,23,248,28,42,100,75,75,87.5,19.75,18.666666666666668,-5.803571428571422,1,1,0,1,1,0,0,45,Medium Risk
Customer_00691,4,2026-08-05,Premium,high_value,17,154,10,40,100,100,75,95.0,19.2,19.75,2.784810126582282,1,1,0,0,0,0,0,0,Low Risk
Customer_00692,9,2026-08-01,Premium,high_value,15,238,7,49,100,100,75,95.0,15.0,,,1,1,0,0,1,0,0,20,Low Risk
Customer_00692,9,2026-08-02,Premium,high_value,23,174,8,14,100,100,100,100.0,19.0,15.0,-26.666666666666668,1,1,0,0,0,0,0,0,Low Risk
Customer_00692,9,2026-08-03,Premium,high_value,14,189,24,36,100,75,75,87.5,17.333333333333332,19.0,8.77192982456141,1,1,0,1,0,0,0,25,Low Risk
Customer_00692,9,2026-08-04,Premium,high_value,22,214,14,32,100,75,75,87.5,18.5,17.333333333333332,-6.730769230769237,1,1,0,0,0,0,0,0,Low Risk
Customer_00692,9,2026-08-05,Premium,high_value,25,157,8,46,100,100,75,95.0,19.8,18.5,-7.02702702702703,1,1,0,0,1,0,0,20,Low Risk
Customer_00693,8,2026-08-01,Premium,high_value,22,231,24,20,100,75,100,92.5,22.0,,,1,1,0,1,0,0,0,25,Low Risk
Customer_00693,8,2026-08-02,Premium,high_value,11,234,24,22,100,75,100,92.5,16.5,22.0,25.0,1,1,0,1,0,0,0,25,Low Risk
Customer_00693,8,2026-08-03,Premium,high_value,18,224,18,14,100,75,100,92.5,17.0,16.5,-3.0303030303030303,1,1,0,0,0,0,0,0,Low Risk
Customer_00693,8,2026-08-04,Premium,high_value,18,231,13,34,100,75,75,87.5,17.25,17.0,-1.4705882352941175,1,1,0,0,0,0,0,0,Low Risk
Customer_00693,8,2026-08-05,Premium,high_value,17,173,8,38,100,100,75,95.0,17.2,17.25,0.2898550724637722,1,1,0,0,0,0,0,0,Low Risk
Customer_00694,8,2026-08-01,Basic,low_value,5,52,11,36,75,75,75,75.0,5.0,,,0,0,0,0,0,0,0,0,Low Risk
Customer_00694,8,2026-08-02,Basic,low_value,3,49,6,48,50,100,75,70.0,4.0,5.0,20.0,0,0,0,0,1,0,0,20,Low Risk
Customer_00694,8,2026-08-03,Basic,low_value,2,56,29,14,75,75,100,80.0,3.333333333333333,4.0,16.666666666666664,0,0,0,1,0,0,0,25,Low Risk
Customer_00694,8,2026-08-04,Basic,low_value,4,43,12,39,50,75,75,62.5,3.5,3.333333333333333,-4.999999999999996,0,0,0,0,0,0,0,0,Low Risk
Customer_00694,8,2026-08-05,Basic,low_value,2,59,4,26,75,100,100,87.5,3.2,3.5,8.571428571428566,0,0,0,0,0,0,0,0,Low Risk
Customer_00695,5,2026-08-01,Premium,high_value,23,164,7,18,100,100,100,100.0,23.0,,,0,0,0,0,0,0,0,0,Low Risk
Customer_00695,5,2026-08-02,Premium,high_value,14,235,11,38,100,75,75,87.5,18.5,23.0,19.565217391304348,0,0,0,0,0,0,0,0,Low Risk
Customer_00695,5,2026-08-03,Premium,high_value,13,249,4,12,100,100,100,100.0,16.666666666666668,18.5,9.909909909909905,0,0,0,0,0,0,0,0,Low Risk
Customer_00695,5,2026-08-04,Premium,high_value,12,173,1,21,100,100,100,100.0,15.5,16.666666666666668,7.000000000000006,0,0,0,0,0,0,0,0,Low Risk
Customer_00695,5,2026-08-05,Premium,high_value,23,249,7,35,100,100,75,95.0,17.0,15.5,-9.67741935483871,0,0,0,0,0,0,0,0,Low Risk
Customer_00696,2,2026-08-01,Premium,high_value,10,172,25,19,100,75,100,92.5,10.0,,,1,1,0,1,0,0,0,25,Low Risk
Customer_00696,2,2026-08-02,Premium,high_value,22,152,29,44,100,75,75,87.5,16.0,10.0,-60.0,1,1,0,1,1,0,0,45,Medium Risk
Customer_00696,2,2026-08-03,Premium,high_value,20,201,8,12,100,100,100,100.0,17.333333333333332,16.0,-8.333333333333325,1,1,0,0,0,0,0,0,Low Risk
Customer_00696,2,2026-08-04,Premium,high_value,13,215,8,12,100,100,100,100.0,16.25,17.333333333333332,6.249999999999994,1,1,0,0,0,0,0,0,Low Risk
Customer_00696,2,2026-08-05,Premium,high_value,11,244,29,14,100,75,100,92.5,15.2,16.25,6.461538461538466,1,1,0,1,0,0,0,25,Low Risk
Customer_00697,9,2026-08-01,Premium,high_value,25,177,5,42,100,100,75,95.0,25.0,,,1,1,0,0,1,0,0,20,Low Risk
Customer_00697,9,2026-08-02,Premium,high_value,11,165,18,37,100,75,75,87.5,18.0,25.0,28.000000000000004,1,1,0,0,0,0,0,0,Low Risk
Customer_00697,9,2026-08-03,Premium,high_value,19,185,21,50,100,75,75,87.5,18.33333333333333,18.0,-1.8518518518518448,1,1,0,1,1,0,0,45,Medium Risk
Customer_00697,9,2026-08-04,Premium,high_value,23,164,5,14,100,100,100,100.0,19.5,18.33333333333333,-6.3636363636363695,1,1,0,0,0,0,0,0,Low Risk
Customer_00697,9,2026-08-05,Premium,high_value,20,209,4,36,100,100,75,95.0,19.6,19.5,-0.5128205128205201,1,1,0,0,0,0,0,0,Low Risk
Customer_00698,1,2026-08-01,Premium,high_value,13,151,7,45,100,100,75,95.0,13.0,,,0,0,0,0,1,0,0,20,Low Risk
Customer_00698,1,2026-08-02,Premium,high_value,18,249,15,40,100,75,75,87.5,15.5,13.0,-19.230769230769237,0,0,0,0,0,0,0,0,Low Risk
Customer_00698,1,2026-08-03,Premium,high_value,22,164,5,27,100,100,100,100.0,17.666666666666668,15.5,-13.97849462365592,0,0,0,0,0,0,0,0,Low Risk
Customer_00698,1,2026-08-04,Premium,high_value,19,225,4,37,100,100,75,95.0,18.0,17.666666666666668,-1.886792452830182,0,0,0,0,0,0,0,0,Low Risk
Customer_00698,1,2026-08-05,Premium,high_value,23,194,21,13,100,75,100,92.5,19.0,18.0,-5.555555555555555,0,0,0,1,0,0,0,25,Low Risk
Customer_00699,3,2026-08-01,Standard,mid_value,7,109,12,11,100,75,100,92.5,7.0,,,0,0,0,0,0,0,0,0,Low Risk
Customer_00699,3,2026-08-02,Standard,mid_value,13,110,2,19,100,100,100,100.0,10.0,7.0,-42.85714285714285,0,0,0,0,0,0,0,0,Low Risk
Customer_00699,3,2026-08-03,Standard,mid_value,12,108,24,12,100,75,100,92.5,10.666666666666666,10.0,-6.666666666666661,0,0,0,1,0,0,0,25,Low Risk
Customer_00699,3,2026-08-04,Standard,mid_value,15,80,13,36,75,75,75,75.0,11.75,10.666666666666666,-10.156250000000004,0,0,0,0,0,0,0,0,Low Risk
Customer_00699,3,2026-08-05,Standard,mid_value,10,100,21,32,100,75,75,87.5,11.4,11.75,2.9787234042553163,0,0,0,1,0,0,0,25,Low Risk
Customer_00700,7,2026-08-01,Premium,high_value,15,176,5,27,100,100,100,100.0,15.0,,,0,0,0,0,0,0,0,0,Low Risk
Customer_00700,7,2026-08-02,Premium,high_value,23,204,9,38,100,100,75,95.0,19.0,15.0,-26.666666666666668,0,0,0,0,0,0,0,0,Low Risk
Customer_00700,7,2026-08-03,Premium,high_value,23,237,8,10,100,100,100,100.0,20.33333333333333,19.0,-7.017543859649117,0,0,0,0,0,0,0,0,Low Risk
Customer_00700,7,2026-08-04,Premium,high_value,24,183,29,25,100,75,100,92.5,21.25,20.33333333333333,-4.5081967213114815,0,0,0,1,0,0,0,25,Low Risk
Customer_00700,7,2026-08-05,Premium,high_value,19,152,15,40,100,75,75,87.5,20.8,21.25,2.1176470588235263,0,0,0,0,0,0,0,0,Low Risk
Customer_00701,2,2026-08-01,Premium,high_value,22,238,8,40,100,100,75,95.0,22.0,,,1,1,0,0,0,0,0,0,Low Risk
Customer_00701,2,2026-08-02,Premium,high_value,12,165,9,33,100,100,75,95.0,17.0,22.0,22.727272727272727,1,1,0,0,0,0,0,0,Low Risk
Customer_00701,2,2026-08-03,Premium,high_value,13,179,20,15,100,75,100,92.5,15.666666666666666,17.0,7.843137254901965,1,1,0,0,0,0,0,0,Low Risk
Customer_00701,2,2026-08-04,Premium,high_value,23,222,16,42,100,75,75,87.5,17.5,15.666666666666666,-11.702127659574472,1,1,0,0,1,0,0,20,Low Risk
Customer_00701,2,2026-08-05,Premium,high_value,12,246,5,18,100,100,100,100.0,16.4,17.5,6.285714285714295,1,1,0,0,0,0,0,0,Low Risk
Customer_00702,5,2026-08-01,Premium,high_value,20,195,9,17,100,100,100,100.0,20.0,,,0,0,0,0,0,0,0,0,Low Risk
Customer_00702,5,2026-08-02,Premium,high_value,18,200,8,19,100,100,100,100.0,19.0,20.0,5.0,0,0,0,0,0,0,0,0,Low Risk
Customer_00702,5,2026-08-03,Premium,high_value,11,245,21,12,100,75,100,92.5,16.333333333333332,19.0,14.035087719298254,0,0,0,1,0,0,0,25,Low Risk
Customer_00702,5,2026-08-04,Premium,high_value,18,233,23,19,100,75,100,92.5,16.75,16.333333333333332,-2.551020408163273,0,0,0,1,0,0,0,25,Low Risk
Customer_00702,5,2026-08-05,Premium,high_value,11,219,5,21,100,100,100,100.0,15.6,16.75,6.865671641791046,0,0,0,0,0,0,0,0,Low Risk
Customer_00703,4,2026-08-01,Premium,high_value,24,213,1,40,100,100,75,95.0,24.0,,,1,1,0,0,0,0,0,0,Low Risk
Customer_00703,4,2026-08-02,Premium,high_value,24,191,25,47,100,75,75,87.5,24.0,24.0,0.0,1,1,0,1,1,0,0,45,Medium Risk
Customer_00703,4,2026-08-03,Premium,high_value,20,214,23,32,100,75,75,87.5,22.666666666666668,24.0,5.55555555555555,1,1,0,1,0,0,0,25,Low Risk
Customer_00703,4,2026-08-04,Premium,high_value,21,160,16,39,100,75,75,87.5,22.25,22.666666666666668,1.8382352941176523,1,1,0,0,0,0,0,0,Low Risk
Customer_00703,4,2026-08-05,Premium,high_value,14,164,6,12,100,100,100,100.0,20.6,22.25,7.415730337078645,1,1,0,0,0,0,0,0,Low Risk
Customer_00704,6,2026-08-01,Premium,high_value,20,187,27,43,100,75,75,87.5,20.0,,,0,0,0,1,1,0,0,45,Medium Risk
Customer_00704,6,2026-08-02,Premium,high_value,20,151,14,20,100,75,100,92.5,20.0,20.0,0.0,0,0,0,0,0,0,0,0,Low Risk
Customer_00704,6,2026-08-03,Premium,high_value,24,238,26,22,100,75,100,92.5,21.33333333333333,20.0,-6.666666666666661,0,0,0,1,0,0,0,25,Low Risk
Customer_00704,6,2026-08-04,Premium,high_value,22,174,27,17,100,75,100,92.5,21.5,21.33333333333333,-0.7812500000000056,0,0,0,1,0,0,0,25,Low Risk
Customer_00704,6,2026-08-05,Premium,high_value,23,221,4,14,100,100,100,100.0,21.8,21.5,-1.3953488372093057,0,0,0,0,0,0,0,0,Low Risk
Customer_00705,10,2026-08-01,Premium,high_value,15,169,8,44,100,100,75,95.0,15.0,,,1,1,0,0,1,0,0,20,Low Risk
Customer_00705,10,2026-08-02,Premium,high_value,17,210,15,29,100,75,100,92.5,16.0,15.0,-6.666666666666667,1,1,0,0,0,0,0,0,Low Risk
Customer_00705,10,2026-08-03,Premium,high_value,23,240,13,37,100,75,75,87.5,18.33333333333333,16.0,-14.583333333333323,1,1,0,0,0,0,0,0,Low Risk
Customer_00705,10,2026-08-04,Premium,high_value,19,235,9,38,100,100,75,95.0,18.5,18.33333333333333,-0.9090909090909156,1,1,0,0,0,0,0,0,Low Risk
Customer_00705,10,2026-08-05,Premium,high_value,14,181,20,23,100,75,100,92.5,17.6,18.5,4.864864864864858,1,1,0,0,0,0,0,0,Low Risk
Customer_00706,6,2026-08-01,Basic,low_value,3,48,29,10,50,75,100,67.5,3.0,,,0,0,0,1,0,0,0,25,Low Risk
Customer_00706,6,2026-08-02,Basic,low_value,1,52,21,41,75,75,75,75.0,2.0,3.0,33.33333333333333,0,0,1,1,1,0,0,75,High Risk
Customer_00706,6,2026-08-03,Basic,low_value,2,55,5,46,75,100,75,82.5,2.0,2.0,0.0,0,0,0,0,1,0,0,20,Low Risk
Customer_00706,6,2026-08-04,Basic,low_value,5,58,26,23,75,75,100,80.0,2.75,2.0,-37.5,0,0,0,1,0,0,0,25,Low Risk
Customer_00706,6,2026-08-05,Basic,low_value,2,57,14,18,75,75,100,80.0,2.6,2.75,5.454545454545452,0,0,0,0,0,0,0,0,Low Risk
Customer_00707,7,2026-08-01,Premium,high_value,10,192,25,38,100,75,75,87.5,10.0,,,0,0,0,1,0,0,0,25,Low Risk
Customer_00707,7,2026-08-02,Premium,high_value,14,198,18,37,100,75,75,87.5,12.0,10.0,-20.0,0,0,0,0,0,0,0,0,Low Risk
Customer_00707,7,2026-08-03,Premium,high_value,16,161,11,47,100,75,75,87.5,13.333333333333334,12.0,-11.111111111111116,0,0,0,0,1,0,0,20,Low Risk
Customer_00707,7,2026-08-04,Premium,high_value,21,244,22,30,100,75,100,92.5,15.25,13.333333333333334,-14.374999999999996,0,0,0,1,0,0,0,25,Low Risk
Customer_00707,7,2026-08-05,Premium,high_value,14,233,5,47,100,100,75,95.0,15.0,15.25,1.639344262295082,0,0,0,0,1,0,0,20,Low Risk
Customer_00708,7,2026-08-01,Premium,high_value,22,184,27,30,100,75,100,92.5,22.0,,,1,1,0,1,0,0,0,25,Low Risk
Customer_00708,7,2026-08-02,Premium,high_value,23,196,13,42,100,75,75,87.5,22.5,22.0,-2.272727272727273,1,1,0,0,1,0,0,20,Low Risk
Customer_00708,7,2026-08-03,Premium,high_value,23,172,11,19,100,75,100,92.5,22.666666666666668,22.5,-0.740740740740746,1,1,0,0,0,0,0,0,Low Risk
Customer_00708,7,2026-08-04,Premium,high_value,24,176,28,50,100,75,75,87.5,23.0,22.666666666666668,-1.4705882352941124,1,1,0,1,1,0,0,45,Medium Risk
Customer_00708,7,2026-08-05,Premium,high_value,12,249,24,26,100,75,100,92.5,20.8,23.0,9.565217391304346,1,1,0,1,0,0,0,25,Low Risk
Customer_00709,5,2026-08-01,Premium,high_value,15,156,24,30,100,75,100,92.5,15.0,,,1,1,0,1,0,0,0,25,Low Risk
Customer_00709,5,2026-08-02,Premium,high_value,23,206,4,37,100,100,75,95.0,19.0,15.0,-26.666666666666668,1,1,0,0,0,0,0,0,Low Risk
Customer_00709,5,2026-08-03,Premium,high_value,13,178,27,45,100,75,75,87.5,17.0,19.0,10.526315789473683,1,1,0,1,1,0,0,45,Medium Risk
Customer_00709,5,2026-08-04,Premium,high_value,13,177,15,25,100,75,100,92.5,16.0,17.0,5.88235294117647,1,1,0,0,0,0,0,0,Low Risk
Customer_00709,5,2026-08-05,Premium,high_value,24,220,15,44,100,75,75,87.5,17.6,16.0,-10.000000000000009,1,1,0,0,1,0,0,20,Low Risk
Customer_00710,2,2026-08-01,Premium,high_value,14,214,23,23,100,75,100,92.5,14.0,,,1,1,0,1,0,0,0,25,Low Risk
Customer_00710,2,2026-08-02,Premium,high_value,16,201,5,24,100,100,100,100.0,15.0,14.0,-7.142857142857142,1,1,0,0,0,0,0,0,Low Risk
Customer_00710,2,2026-08-03,Premium,high_value,20,176,16,48,100,75,75,87.5,16.666666666666668,15.0,-11.11111111111112,1,1,0,0,1,0,0,20,Low Risk
Customer_00710,2,2026-08-04,Premium,high_value,15,170,14,29,100,75,100,92.5,16.25,16.666666666666668,2.500000000000007,1,1,0,0,0,0,0,0,Low Risk
Customer_00710,2,2026-08-05,Premium,high_value,13,221,2,46,100,100,75,95.0,15.6,16.25,4.000000000000002,1,1,0,0,1,0,0,20,Low Risk
Customer_00711,10,2026-08-01,Basic,low_value,5,44,13,49,50,75,75,62.5,5.0,,,1,1,0,0,1,0,0,20,Low Risk
Customer_00711,10,2026-08-02,Basic,low_value,3,42,7,50,50,100,75,70.0,4.0,5.0,20.0,1,1,0,0,1,0,0,20,Low Risk
Customer_00711,10,2026-08-03,Basic,low_value,3,52,24,19,75,75,100,80.0,3.6666666666666665,4.0,8.333333333333337,1,1,0,1,0,0,0,25,Low Risk
Customer_00711,10,2026-08-04,Basic,low_value,2,41,28,10,50,75,100,67.5,3.25,3.6666666666666665,11.36363636363636,1,1,0,1,0,0,0,25,Low Risk
Customer_00711,10,2026-08-05,Basic,low_value,5,60,16,38,75,75,75,75.0,3.6,3.25,-10.769230769230772,1,1,0,0,0,0,0,0,Low Risk
Customer_00712,1,2026-08-01,Premium,high_value,14,161,15,45,100,75,75,87.5,14.0,,,1,1,0,0,1,0,0,20,Low Risk
Customer_00712,1,2026-08-02,Premium,high_value,13,183,10,18,100,100,100,100.0,13.5,14.0,3.571428571428571,1,1,0,0,0,0,0,0,Low Risk
Customer_00712,1,2026-08-03,Premium,high_value,10,181,17,11,100,75,100,92.5,12.333333333333334,13.5,8.641975308641971,1,1,0,0,0,0,0,0,Low Risk
Customer_00712,1,2026-08-04,Premium,high_value,18,195,27,41,100,75,75,87.5,13.75,12.333333333333334,-11.486486486486482,1,1,0,1,1,0,0,45,Medium Risk
Customer_00712,1,2026-08-05,Premium,high_value,21,209,29,16,100,75,100,92.5,15.2,13.75,-10.54545454545454,1,1,0,1,0,0,0,25,Low Risk
Customer_00713,3,2026-08-01,Standard,mid_value,15,83,9,23,75,100,100,87.5,15.0,,,0,0,0,0,0,0,0,0,Low Risk
Customer_00713,3,2026-08-02,Standard,mid_value,10,105,8,41,100,100,75,95.0,12.5,15.0,16.666666666666664,0,0,0,0,1,0,0,20,Low Risk
Customer_00713,3,2026-08-03,Standard,mid_value,9,95,26,19,75,75,100,80.0,11.333333333333334,12.5,9.333333333333329,0,0,0,1,0,0,0,25,Low Risk
Customer_00713,3,2026-08-04,Standard,mid_value,13,101,15,31,100,75,75,87.5,11.75,11.333333333333334,-3.6764705882352886,0,0,0,0,0,0,0,0,Low Risk
Customer_00713,3,2026-08-05,Standard,mid_value,9,95,14,38,75,75,75,75.0,11.2,11.75,4.6808510638297935,0,0,0,0,0,0,0,0,Low Risk
Customer_00714,10,2026-08-01,Premium,high_value,25,236,7,42,100,100,75,95.0,25.0,,,0,0,0,0,1,0,0,20,Low Risk
Customer_00714,10,2026-08-02,Premium,high_value,24,179,15,47,100,75,75,87.5,24.5,25.0,2.0,0,0,0,0,1,0,0,20,Low Risk
Customer_00714,10,2026-08-03,Premium,high_value,11,239,5,46,100,100,75,95.0,20.0,24.5,18.367346938775512,0,0,0,0,1,0,0,20,Low Risk
Customer_00714,10,2026-08-04,Premium,high_value,15,177,18,39,100,75,75,87.5,18.75,20.0,6.25,0,0,0,0,0,0,0,0,Low Risk
Customer_00714,10,2026-08-05,Premium,high_value,24,230,20,11,100,75,100,92.5,19.8,18.75,-5.600000000000003,0,0,0,0,0,0,0,0,Low Risk
Customer_00715,2,2026-08-01,Standard,mid_value,15,91,6,12,75,100,100,87.5,15.0,,,0,0,0,0,0,0,0,0,Low Risk
Customer_00715,2,2026-08-02,Standard,mid_value,7,96,7,23,75,100,100,87.5,11.0,15.0,26.666666666666668,0,0,0,0,0,0,0,0,Low Risk
Customer_00715,2,2026-08-03,Standard,mid_value,13,112,5,46,100,100,75,95.0,11.666666666666666,11.0,-6.060606060606055,0,0,0,0,1,0,0,20,Low Risk
Customer_00715,2,2026-08-04,Standard,mid_value,5,113,22,40,100,75,75,87.5,10.0,11.666666666666666,14.285714285714285,0,0,0,1,0,0,0,25,Low Risk
Customer_00715,2,2026-08-05,Standard,mid_value,11,104,28,43,100,75,75,87.5,10.2,10.0,-1.999999999999993,0,0,0,1,1,0,0,45,Medium Risk
Customer_00716,8,2026-08-01,Premium,high_value,19,164,16,42,100,75,75,87.5,19.0,,,1,1,0,0,1,0,0,20,Low Risk
Customer_00716,8,2026-08-02,Premium,high_value,24,226,6,14,100,100,100,100.0,21.5,19.0,-13.157894736842104,1,1,0,0,0,0,0,0,Low Risk
Customer_00716,8,2026-08-03,Premium,high_value,14,188,3,24,100,100,100,100.0,19.0,21.5,11.627906976744184,1,1,0,0,0,0,0,0,Low Risk
Customer_00716,8,2026-08-04,Premium,high_value,18,241,6,24,100,100,100,100.0,18.75,19.0,1.3157894736842104,1,1,0,0,0,0,0,0,Low Risk
Customer_00716,8,2026-08-05,Premium,high_value,15,182,24,17,100,75,100,92.5,18.0,18.75,4.0,1,1,0,1,0,0,0,25,Low Risk
Customer_00717,1,2026-08-01,Standard,mid_value,9,87,11,34,75,75,75,75.0,9.0,,,0,0,0,0,0,0,0,0,Low Risk
Customer_00717,1,2026-08-02,Standard,mid_value,12,104,29,37,100,75,75,87.5,10.5,9.0,-16.666666666666664,0,0,0,1,0,0,0,25,Low Risk
Customer_00717,1,2026-08-03,Standard,mid_value,10,81,1,47,75,100,75,82.5,10.333333333333334,10.5,1.5873015873015817,0,0,0,0,1,0,0,20,Low Risk
Customer_00717,1,2026-08-04,Standard,mid_value,6,104,7,40,100,100,75,95.0,9.25,10.333333333333334,10.48387096774194,0,0,0,0,0,0,0,0,Low Risk
Customer_00717,1,2026-08-05,Standard,mid_value,7,83,25,20,75,75,100,80.0,8.8,9.25,4.864864864864858,0,0,0,1,0,0,0,25,Low Risk
Customer_00718,8,2026-08-01,Premium,high_value,25,220,21,40,100,75,75,87.5,25.0,,,1,1,0,1,0,0,0,25,Low Risk
Customer_00718,8,2026-08-02,Premium,high_value,16,234,25,10,100,75,100,92.5,20.5,25.0,18.0,1,1,0,1,0,0,0,25,Low Risk
Customer_00718,8,2026-08-03,Premium,high_value,14,223,16,41,100,75,75,87.5,18.33333333333333,20.5,10.569105691056915,1,1,0,0,1,0,0,20,Low Risk
Customer_00718,8,2026-08-04,Premium,high_value,21,219,17,43,100,75,75,87.5,19.0,18.33333333333333,-3.636363636363643,1,1,0,0,1,0,0,20,Low Risk
Customer_00718,8,2026-08-05,Premium,high_value,21,202,10,30,100,100,100,100.0,19.4,19.0,-2.1052631578947296,1,1,0,0,0,0,0,0,Low Risk
Customer_00719,4,2026-08-01,Premium,high_value,17,227,16,37,100,75,75,87.5,17.0,,,1,1,0,0,0,0,0,0,Low Risk
Customer_00719,4,2026-08-02,Premium,high_value,16,192,17,21,100,75,100,92.5,16.5,17.0,2.941176470588235,1,1,0,0,0,0,0,0,Low Risk
Customer_00719,4,2026-08-03,Premium,high_value,14,188,19,17,100,75,100,92.5,15.666666666666666,16.5,5.050505050505054,1,1,0,0,0,0,0,0,Low Risk
Customer_00719,4,2026-08-04,Premium,high_value,24,242,11,43,100,75,75,87.5,17.75,15.666666666666666,-13.297872340425537,1,1,0,0,1,0,0,20,Low Risk
Customer_00719,4,2026-08-05,Premium,high_value,18,238,3,30,100,100,100,100.0,17.8,17.75,-0.2816901408450744,1,1,0,0,0,0,0,0,Low Risk
Customer_00720,9,2026-08-01,Premium,high_value,11,153,9,27,100,100,100,100.0,11.0,,,1,1,0,0,0,0,0,0,Low Risk
Customer_00720,9,2026-08-02,Premium,high_value,19,204,26,20,100,75,100,92.5,15.0,11.0,-36.36363636363637,1,1,0,1,0,0,0,25,Low Risk
Customer_00720,9,2026-08-03,Premium,high_value,23,192,19,18,100,75,100,92.5,17.666666666666668,15.0,-17.777777777777786,1,1,0,0,0,0,0,0,Low Risk
Customer_00720,9,2026-08-04,Premium,high_value,20,192,18,16,100,75,100,92.5,18.25,17.666666666666668,-3.301886792452823,1,1,0,0,0,0,0,0,Low Risk
Customer_00720,9,2026-08-05,Premium,high_value,16,245,9,20,100,100,100,100.0,17.8,18.25,2.4657534246575303,1,1,0,0,0,0,0,0,Low Risk
Customer_00721,8,2026-08-01,Premium,high_value,13,162,20,19,100,75,100,92.5,13.0,,,1,1,0,0,0,0,0,0,Low Risk
Customer_00721,8,2026-08-02,Premium,high_value,22,183,22,47,100,75,75,87.5,17.5,13.0,-34.61538461538461,1,1,0,1,1,0,0,45,Medium Risk
Customer_00721,8,2026-08-03,Premium,high_value,10,237,23,11,100,75,100,92.5,15.0,17.5,14.285714285714285,1,1,0,1,0,0,0,25,Low Risk
Customer_00721,8,2026-08-04,Premium,high_value,11,181,11,37,100,75,75,87.5,14.0,15.0,6.666666666666667,1,1,0,0,0,0,0,0,Low Risk
Customer_00721,8,2026-08-05,Premium,high_value,20,184,7,50,100,100,75,95.0,15.2,14.0,-8.571428571428566,1,1,0,0,1,0,0,20,Low Risk
Customer_00722,4,2026-08-01,Premium,high_value,23,198,26,12,100,75,100,92.5,23.0,,,1,1,0,1,0,0,0,25,Low Risk
Customer_00722,4,2026-08-02,Premium,high_value,13,245,16,43,100,75,75,87.5,18.0,23.0,21.73913043478261,1,1,0,0,1,0,0,20,Low Risk
Customer_00722,4,2026-08-03,Premium,high_value,20,207,19,42,100,75,75,87.5,18.666666666666668,18.0,-3.7037037037037104,1,1,0,0,1,0,0,20,Low Risk
Customer_00722,4,2026-08-04,Premium,high_value,17,233,24,32,100,75,75,87.5,18.25,18.666666666666668,2.2321428571428634,1,1,0,1,0,0,0,25,Low Risk
Customer_00722,4,2026-08-05,Premium,high_value,14,174,8,36,100,100,75,95.0,17.4,18.25,4.65753424657535,1,1,0,0,0,0,0,0,Low Risk
Customer_00723,2,2026-08-01,Standard,mid_value,5,113,1,14,100,100,100,100.0,5.0,,,1,1,0,0,0,0,0,0,Low Risk
Customer_00723,2,2026-08-02,Standard,mid_value,12,112,24,47,100,75,75,87.5,8.5,5.0,-70.0,1,1,0,1,1,0,0,45,Medium Risk
Customer_00723,2,2026-08-03,Standard,mid_value,13,94,13,15,75,75,100,80.0,10.0,8.5,-17.647058823529413,1,1,0,0,0,0,0,0,Low Risk
Customer_00723,2,2026-08-04,Standard,mid_value,9,106,13,28,100,75,100,92.5,9.75,10.0,2.5,1,1,0,0,0,0,0,0,Low Risk
Customer_00723,2,2026-08-05,Standard,mid_value,6,115,3,35,100,100,75,95.0,9.0,9.75,7.6923076923076925,1,1,0,0,0,0,0,0,Low Risk
Customer_00724,1,2026-08-01,Premium,high_value,23,232,6,27,100,100,100,100.0,23.0,,,1,1,0,0,0,0,0,0,Low Risk
Customer_00724,1,2026-08-02,Premium,high_value,17,169,5,17,100,100,100,100.0,20.0,23.0,13.043478260869565,1,1,0,0,0,0,0,0,Low Risk
Customer_00724,1,2026-08-03,Premium,high_value,23,172,18,48,100,75,75,87.5,21.0,20.0,-5.0,1,1,0,0,1,0,0,20,Low Risk
Customer_00724,1,2026-08-04,Premium,high_value,18,204,26,19,100,75,100,92.5,20.25,21.0,3.571428571428571,1,1,0,1,0,0,0,25,Low Risk
Customer_00724,1,2026-08-05,Premium,high_value,18,181,25,37,100,75,75,87.5,19.8,20.25,2.2222222222222188,1,1,0,1,0,0,0,25,Low Risk
Customer_00725,5,2026-08-01,Premium,high_value,24,170,6,17,100,100,100,100.0,24.0,,,1,1,0,0,0,0,0,0,Low Risk
Customer_00725,5,2026-08-02,Premium,high_value,13,202,26,12,100,75,100,92.5,18.5,24.0,22.916666666666664,1,1,0,1,0,0,0,25,Low Risk
Customer_00725,5,2026-08-03,Premium,high_value,25,208,2,22,100,100,100,100.0,20.666666666666668,18.5,-11.711711711711718,1,1,0,0,0,0,0,0,Low Risk
Customer_00725,5,2026-08-04,Premium,high_value,22,212,25,16,100,75,100,92.5,21.0,20.666666666666668,-1.6129032258064455,1,1,0,1,0,0,0,25,Low Risk
Customer_00725,5,2026-08-05,Premium,high_value,23,192,7,11,100,100,100,100.0,21.4,21.0,-1.904761904761898,1,1,0,0,0,0,0,0,Low Risk
Customer_00726,7,2026-08-01,Premium,high_value,13,218,4,15,100,100,100,100.0,13.0,,,0,0,0,0,0,0,0,0,Low Risk
Customer_00726,7,2026-08-02,Premium,high_value,14,198,4,19,100,100,100,100.0,13.5,13.0,-3.8461538461538463,0,0,0,0,0,0,0,0,Low Risk
Customer_00726,7,2026-08-03,Premium,high_value,19,250,25,34,100,75,75,87.5,15.333333333333334,13.5,-13.580246913580252,0,0,0,1,0,0,0,25,Low Risk
Customer_00726,7,2026-08-04,Premium,high_value,13,166,3,45,100,100,75,95.0,14.75,15.333333333333334,3.80434782608696,0,0,0,0,1,0,0,20,Low Risk
Customer_00726,7,2026-08-05,Premium,high_value,18,196,12,44,100,75,75,87.5,15.4,14.75,-4.406779661016952,0,0,0,0,1,0,0,20,Low Risk
Customer_00727,7,2026-08-01,Premium,high_value,11,226,26,45,100,75,75,87.5,11.0,,,1,1,0,1,1,0,0,45,Medium Risk
Customer_00727,7,2026-08-02,Premium,high_value,18,202,17,36,100,75,75,87.5,14.5,11.0,-31.818181818181817,1,1,0,0,0,0,0,0,Low Risk
Customer_00727,7,2026-08-03,Premium,high_value,23,169,10,23,100,100,100,100.0,17.333333333333332,14.5,-19.540229885057464,1,1,0,0,0,0,0,0,Low Risk
Customer_00727,7,2026-08-04,Premium,high_value,21,166,2,47,100,100,75,95.0,18.25,17.333333333333332,-5.288461538461545,1,1,0,0,1,0,0,20,Low Risk
Customer_00727,7,2026-08-05,Premium,high_value,18,196,12,47,100,75,75,87.5,18.2,18.25,0.2739726027397299,1,1,0,0,1,0,0,20,Low Risk
Customer_00728,1,2026-08-01,Premium,high_value,19,160,1,27,100,100,100,100.0,19.0,,,0,0,0,0,0,0,0,0,Low Risk
Customer_00728,1,2026-08-02,Premium,high_value,17,228,16,46,100,75,75,87.5,18.0,19.0,5.263157894736842,0,0,0,0,1,0,0,20,Low Risk
Customer_00728,1,2026-08-03,Premium,high_value,17,215,7,30,100,100,100,100.0,17.666666666666668,18.0,1.8518518518518448,0,0,0,0,0,0,0,0,Low Risk
Customer_00728,1,2026-08-04,Premium,high_value,21,203,2,32,100,100,75,95.0,18.5,17.666666666666668,-4.716981132075464,0,0,0,0,0,0,0,0,Low Risk
Customer_00728,1,2026-08-05,Premium,high_value,25,220,1,49,100,100,75,95.0,19.8,18.5,-7.02702702702703,0,0,0,0,1,0,0,20,Low Risk
Customer_00729,2,2026-08-01,Premium,high_value,19,175,8,15,100,100,100,100.0,19.0,,,0,0,0,0,0,0,0,0,Low Risk
Customer_00729,2,2026-08-02,Premium,high_value,10,225,27,13,100,75,100,92.5,14.5,19.0,23.684210526315788,0,0,0,1,0,0,0,25,Low Risk
Customer_00729,2,2026-08-03,Premium,high_value,18,222,17,13,100,75,100,92.5,15.666666666666666,14.5,-8.045977011494248,0,0,0,0,0,0,0,0,Low Risk
Customer_00729,2,2026-08-04,Premium,high_value,15,203,15,36,100,75,75,87.5,15.5,15.666666666666666,1.063829787234039,0,0,0,0,0,0,0,0,Low Risk
Customer_00729,2,2026-08-05,Premium,high_value,22,241,19,47,100,75,75,87.5,16.8,15.5,-8.387096774193553,0,0,0,0,1,0,0,20,Low Risk
Customer_00730,9,2026-08-01,Premium,high_value,13,171,11,27,100,75,100,92.5,13.0,,,0,0,0,0,0,0,0,0,Low Risk
Customer_00730,9,2026-08-02,Premium,high_value,22,199,17,34,100,75,75,87.5,17.5,13.0,-34.61538461538461,0,0,0,0,0,0,0,0,Low Risk
Customer_00730,9,2026-08-03,Premium,high_value,16,196,19,39,100,75,75,87.5,17.0,17.5,2.857142857142857,0,0,0,0,0,0,0,0,Low Risk
Customer_00730,9,2026-08-04,Premium,high_value,15,187,17,19,100,75,100,92.5,16.5,17.0,2.941176470588235,0,0,0,0,0,0,0,0,Low Risk
Customer_00730,9,2026-08-05,Premium,high_value,21,154,4,33,100,100,75,95.0,17.4,16.5,-5.454545454545446,0,0,0,0,0,0,0,0,Low Risk
Customer_00731,8,2026-08-01,Premium,high_value,14,161,11,12,100,75,100,92.5,14.0,,,0,0,0,0,0,0,0,0,Low Risk
Customer_00731,8,2026-08-02,Premium,high_value,13,178,15,26,100,75,100,92.5,13.5,14.0,3.571428571428571,0,0,0,0,0,0,0,0,Low Risk
Customer_00731,8,2026-08-03,Premium,high_value,13,237,15,16,100,75,100,92.5,13.333333333333334,13.5,1.2345679012345634,0,0,0,0,0,0,0,0,Low Risk
Customer_00731,8,2026-08-04,Premium,high_value,21,208,12,29,100,75,100,92.5,15.25,13.333333333333334,-14.374999999999996,0,0,0,0,0,0,0,0,Low Risk
Customer_00731,8,2026-08-05,Premium,high_value,11,165,20,16,100,75,100,92.5,14.4,15.25,5.573770491803277,0,0,0,0,0,0,0,0,Low Risk
Customer_00732,6,2026-08-01,Premium,high_value,24,164,21,18,100,75,100,92.5,24.0,,,0,0,0,1,0,0,0,25,Low Risk
Customer_00732,6,2026-08-02,Premium,high_value,23,159,14,24,100,75,100,92.5,23.5,24.0,2.083333333333333,0,0,0,0,0,0,0,0,Low Risk
Customer_00732,6,2026-08-03,Premium,high_value,12,183,22,44,100,75,75,87.5,19.666666666666668,23.5,16.312056737588648,0,0,0,1,1,0,0,45,Medium Risk
Customer_00732,6,2026-08-04,Premium,high_value,10,246,1,47,100,100,75,95.0,17.25,19.666666666666668,12.288135593220344,0,0,0,0,1,0,0,20,Low Risk
Customer_00732,6,2026-08-05,Premium,high_value,11,166,20,23,100,75,100,92.5,16.0,17.25,7.246376811594203,0,0,0,0,0,0,0,0,Low Risk
Customer_00733,3,2026-08-01,Premium,high_value,16,193,10,19,100,100,100,100.0,16.0,,,1,1,0,0,0,0,0,0,Low Risk
Customer_00733,3,2026-08-02,Premium,high_value,11,204,9,25,100,100,100,100.0,13.5,16.0,15.625,1,1,0,0,0,0,0,0,Low Risk
Customer_00733,3,2026-08-03,Premium,high_value,18,202,29,32,100,75,75,87.5,15.0,13.5,-11.11111111111111,1,1,0,1,0,0,0,25,Low Risk
Customer_00733,3,2026-08-04,Premium,high_value,22,237,29,38,100,75,75,87.5,16.75,15.0,-11.666666666666666,1,1,0,1,0,0,0,25,Low Risk
Customer_00733,3,2026-08-05,Premium,high_value,23,198,18,17,100,75,100,92.5,18.0,16.75,-7.462686567164178,1,1,0,0,0,0,0,0,Low Risk
Customer_00734,7,2026-08-01,Premium,high_value,24,158,6,14,100,100,100,100.0,24.0,,,1,1,0,0,0,0,0,0,Low Risk
Customer_00734,7,2026-08-02,Premium,high_value,23,179,16,14,100,75,100,92.5,23.5,24.0,2.083333333333333,1,1,0,0,0,0,0,0,Low Risk
Customer_00734,7,2026-08-03,Premium,high_value,14,240,8,26,100,100,100,100.0,20.33333333333333,23.5,13.475177304964545,1,1,0,0,0,0,0,0,Low Risk
Customer_00734,7,2026-08-04,Premium,high_value,25,177,7,24,100,100,100,100.0,21.5,20.33333333333333,-5.737704918032794,1,1,0,0,0,0,0,0,Low Risk
Customer_00734,7,2026-08-05,Premium,high_value,11,161,26,27,100,75,100,92.5,19.4,21.5,9.767441860465125,1,1,0,1,0,0,0,25,Low Risk
Customer_00735,2,2026-08-01,Premium,high_value,20,158,10,44,100,100,75,95.0,20.0,,,0,0,0,0,1,0,0,20,Low Risk
Customer_00735,2,2026-08-02,Premium,high_value,20,186,24,14,100,75,100,92.5,20.0,20.0,0.0,0,0,0,1,0,0,0,25,Low Risk
Customer_00735,2,2026-08-03,Premium,high_value,21,212,15,11,100,75,100,92.5,20.33333333333333,20.0,-1.6666666666666607,0,0,0,0,0,0,0,0,Low Risk
Customer_00735,2,2026-08-04,Premium,high_value,20,208,6,39,100,100,75,95.0,20.25,20.33333333333333,0.4098360655737647,0,0,0,0,0,0,0,0,Low Risk
Customer_00735,2,2026-08-05,Premium,high_value,10,180,11,40,100,75,75,87.5,18.2,20.25,10.12345679012346,0,0,0,0,0,0,0,0,Low Risk
Customer_00736,9,2026-08-01,Premium,high_value,15,193,22,36,100,75,75,87.5,15.0,,,1,1,0,1,0,0,0,25,Low Risk
Customer_00736,9,2026-08-02,Premium,high_value,23,216,3,30,100,100,100,100.0,19.0,15.0,-26.666666666666668,1,1,0,0,0,0,0,0,Low Risk
Customer_00736,9,2026-08-03,Premium,high_value,24,216,10,23,100,100,100,100.0,20.666666666666668,19.0,-8.77192982456141,1,1,0,0,0,0,0,0,Low Risk
Customer_00736,9,2026-08-04,Premium,high_value,18,182,18,42,100,75,75,87.5,20.0,20.666666666666668,3.225806451612909,1,1,0,0,1,0,0,20,Low Risk
Customer_00736,9,2026-08-05,Premium,high_value,24,211,4,17,100,100,100,100.0,20.8,20.0,-4.000000000000004,1,1,0,0,0,0,0,0,Low Risk
Customer_00737,6,2026-08-01,Premium,high_value,17,214,23,24,100,75,100,92.5,17.0,,,1,1,0,1,0,0,0,25,Low Risk
Customer_00737,6,2026-08-02,Premium,high_value,22,161,21,17,100,75,100,92.5,19.5,17.0,-14.705882352941178,1,1,0,1,0,0,0,25,Low Risk
Customer_00737,6,2026-08-03,Premium,high_value,17,163,26,45,100,75,75,87.5,18.666666666666668,19.5,4.273504273504267,1,1,0,1,1,0,0,45,Medium Risk
Customer_00737,6,2026-08-04,Premium,high_value,23,174,20,25,100,75,100,92.5,19.75,18.666666666666668,-5.803571428571422,1,1,0,0,0,0,0,0,Low Risk
Customer_00737,6,2026-08-05,Premium,high_value,11,222,15,16,100,75,100,92.5,18.0,19.75,8.860759493670885,1,1,0,0,0,0,0,0,Low Risk
Customer_00738,6,2026-08-01,Standard,mid_value,8,94,24,17,75,75,100,80.0,8.0,,,1,1,0,1,0,0,0,25,Low Risk
Customer_00738,6,2026-08-02,Standard,mid_value,15,108,2,30,100,100,100,100.0,11.5,8.0,-43.75,1,1,0,0,0,0,0,0,Low Risk
Customer_00738,6,2026-08-03,Standard,mid_value,14,106,20,17,100,75,100,92.5,12.333333333333334,11.5,-7.246376811594208,1,1,0,0,0,0,0,0,Low Risk
Customer_00738,6,2026-08-04,Standard,mid_value,9,100,25,36,100,75,75,87.5,11.5,12.333333333333334,6.7567567567567615,1,1,0,1,0,0,0,25,Low Risk
Customer_00738,6,2026-08-05,Standard,mid_value,13,84,25,43,75,75,75,75.0,11.8,11.5,-2.6086956521739197,1,1,0,1,1,0,0,45,Medium Risk
Customer_00739,9,2026-08-01,Premium,high_value,19,183,18,13,100,75,100,92.5,19.0,,,0,0,0,0,0,0,0,0,Low Risk
Customer_00739,9,2026-08-02,Premium,high_value,15,219,5,35,100,100,75,95.0,17.0,19.0,10.526315789473683,0,0,0,0,0,0,0,0,Low Risk
Customer_00739,9,2026-08-03,Premium,high_value,21,240,21,29,100,75,100,92.5,18.33333333333333,17.0,-7.843137254901953,0,0,0,1,0,0,0,25,Low Risk
Customer_00739,9,2026-08-04,Premium,high_value,23,191,11,21,100,75,100,92.5,19.5,18.33333333333333,-6.3636363636363695,0,0,0,0,0,0,0,0,Low Risk
Customer_00739,9,2026-08-05,Premium,high_value,17,174,18,20,100,75,100,92.5,19.0,19.5,2.564102564102564,0,0,0,0,0,0,0,0,Low Risk
Customer_00740,8,2026-08-01,Standard,mid_value,14,117,28,36,100,75,75,87.5,14.0,,,1,1,0,1,0,0,0,25,Low Risk
Customer_00740,8,2026-08-02,Standard,mid_value,13,87,21,20,75,75,100,80.0,13.5,14.0,3.571428571428571,1,1,0,1,0,0,0,25,Low Risk
Customer_00740,8,2026-08-03,Standard,mid_value,5,108,18,43,100,75,75,87.5,10.666666666666666,13.5,20.98765432098766,1,1,0,0,1,0,0,20,Low Risk
Customer_00740,8,2026-08-04,Standard,mid_value,7,110,12,24,100,75,100,92.5,9.75,10.666666666666666,8.593749999999995,1,1,0,0,0,0,0,0,Low Risk
Customer_00740,8,2026-08-05,Standard,mid_value,8,95,11,35,75,75,75,75.0,9.4,9.75,3.589743589743586,1,1,0,0,0,0,0,0,Low Risk
Customer_00741,4,2026-08-01,Premium,high_value,18,243,18,23,100,75,100,92.5,18.0,,,1,1,0,0,0,0,0,0,Low Risk
Customer_00741,4,2026-08-02,Premium,high_value,20,205,7,19,100,100,100,100.0,19.0,18.0,-5.555555555555555,1,1,0,0,0,0,0,0,Low Risk
Customer_00741,4,2026-08-03,Premium,high_value,24,212,25,11,100,75,100,92.5,20.666666666666668,19.0,-8.77192982456141,1,1,0,1,0,0,0,25,Low Risk
Customer_00741,4,2026-08-04,Premium,high_value,17,234,2,38,100,100,75,95.0,19.75,20.666666666666668,4.435483870967747,1,1,0,0,0,0,0,0,Low Risk
Customer_00741,4,2026-08-05,Premium,high_value,22,190,4,34,100,100,75,95.0,20.2,19.75,-2.2784810126582244,1,1,0,0,0,0,0,0,Low Risk
Customer_00742,6,2026-08-01,Premium,high_value,24,208,30,11,100,75,100,92.5,24.0,,,0,0,0,1,0,0,0,25,Low Risk
Customer_00742,6,2026-08-02,Premium,high_value,21,191,27,15,100,75,100,92.5,22.5,24.0,6.25,0,0,0,1,0,0,0,25,Low Risk
Customer_00742,6,2026-08-03,Premium,high_value,13,178,1,14,100,100,100,100.0,19.33333333333333,22.5,14.07407407407408,0,0,0,0,0,0,0,0,Low Risk
Customer_00742,6,2026-08-04,Premium,high_value,13,244,6,41,100,100,75,95.0,17.75,19.33333333333333,8.189655172413786,0,0,0,0,1,0,0,20,Low Risk
Customer_00742,6,2026-08-05,Premium,high_value,18,166,6,14,100,100,100,100.0,17.8,17.75,-0.2816901408450744,0,0,0,0,0,0,0,0,Low Risk
Customer_00743,2,2026-08-01,Premium,high_value,18,204,10,38,100,100,75,95.0,18.0,,,0,0,0,0,0,0,0,0,Low Risk
Customer_00743,2,2026-08-02,Premium,high_value,12,219,20,26,100,75,100,92.5,15.0,18.0,16.666666666666664,0,0,0,0,0,0,0,0,Low Risk
Customer_00743,2,2026-08-03,Premium,high_value,22,161,1,21,100,100,100,100.0,17.333333333333332,15.0,-15.555555555555548,0,0,0,0,0,0,0,0,Low Risk
Customer_00743,2,2026-08-04,Premium,high_value,14,211,3,40,100,100,75,95.0,16.5,17.333333333333332,4.807692307692301,0,0,0,0,0,0,0,0,Low Risk
Customer_00743,2,2026-08-05,Premium,high_value,22,243,11,30,100,75,100,92.5,17.6,16.5,-6.666666666666675,0,0,0,0,0,0,0,0,Low Risk
Customer_00744,6,2026-08-01,Premium,high_value,22,177,22,34,100,75,75,87.5,22.0,,,0,0,0,1,0,0,0,25,Low Risk
Customer_00744,6,2026-08-02,Premium,high_value,11,216,2,29,100,100,100,100.0,16.5,22.0,25.0,0,0,0,0,0,0,0,0,Low Risk
Customer_00744,6,2026-08-03,Premium,high_value,12,202,26,34,100,75,75,87.5,15.0,16.5,9.090909090909092,0,0,0,1,0,0,0,25,Low Risk
Customer_00744,6,2026-08-04,Premium,high_value,12,165,9,19,100,100,100,100.0,14.25,15.0,5.0,0,0,0,0,0,0,0,0,Low Risk
Customer_00744,6,2026-08-05,Premium,high_value,20,183,14,41,100,75,75,87.5,15.4,14.25,-8.070175438596493,0,0,0,0,1,0,0,20,Low Risk
Customer_00745,6,2026-08-01,Premium,high_value,23,210,7,30,100,100,100,100.0,23.0,,,0,0,0,0,0,0,0,0,Low Risk
Customer_00745,6,2026-08-02,Premium,high_value,10,220,22,48,100,75,75,87.5,16.5,23.0,28.26086956521739,0,0,0,1,1,0,0,45,Medium Risk
Customer_00745,6,2026-08-03,Premium,high_value,17,223,18,39,100,75,75,87.5,16.666666666666668,16.5,-1.0101010101010173,0,0,0,0,0,0,0,0,Low Risk
Customer_00745,6,2026-08-04,Premium,high_value,15,215,13,18,100,75,100,92.5,16.25,16.666666666666668,2.500000000000007,0,0,0,0,0,0,0,0,Low Risk
Customer_00745,6,2026-08-05,Premium,high_value,24,156,7,40,100,100,75,95.0,17.8,16.25,-9.538461538461544,0,0,0,0,0,0,0,0,Low Risk
Customer_00746,3,2026-08-01,Premium,high_value,23,164,24,36,100,75,75,87.5,23.0,,,0,0,0,1,0,0,0,25,Low Risk
Customer_00746,3,2026-08-02,Premium,high_value,11,247,8,12,100,100,100,100.0,17.0,23.0,26.08695652173913,0,0,0,0,0,0,0,0,Low Risk
Customer_00746,3,2026-08-03,Premium,high_value,22,246,22,23,100,75,100,92.5,18.666666666666668,17.0,-9.803921568627455,0,0,0,1,0,0,0,25,Low Risk
Customer_00746,3,2026-08-04,Premium,high_value,23,250,29,20,100,75,100,92.5,19.75,18.666666666666668,-5.803571428571422,0,0,0,1,0,0,0,25,Low Risk
Customer_00746,3,2026-08-05,Premium,high_value,12,196,22,10,100,75,100,92.5,18.2,19.75,7.8481012658227876,0,0,0,1,0,0,0,25,Low Risk
Customer_00747,8,2026-08-01,Premium,high_value,25,217,14,44,100,75,75,87.5,25.0,,,1,1,0,0,1,0,0,20,Low Risk
Customer_00747,8,2026-08-02,Premium,high_value,23,219,9,14,100,100,100,100.0,24.0,25.0,4.0,1,1,0,0,0,0,0,0,Low Risk
Customer_00747,8,2026-08-03,Premium,high_value,18,200,22,30,100,75,100,92.5,22.0,24.0,8.333333333333332,1,1,0,1,0,0,0,25,Low Risk
Customer_00747,8,2026-08-04,Premium,high_value,10,201,18,10,100,75,100,92.5,19.0,22.0,13.636363636363637,1,1,0,0,0,0,0,0,Low Risk
Customer_00747,8,2026-08-05,Premium,high_value,25,165,25,44,100,75,75,87.5,20.2,19.0,-6.315789473684206,1,1,0,1,1,0,0,45,Medium Risk
Customer_00748,10,2026-08-01,Premium,high_value,11,170,25,13,100,75,100,92.5,11.0,,,0,0,0,1,0,0,0,25,Low Risk
Customer_00748,10,2026-08-02,Premium,high_value,18,248,15,31,100,75,75,87.5,14.5,11.0,-31.818181818181817,0,0,0,0,0,0,0,0,Low Risk
Customer_00748,10,2026-08-03,Premium,high_value,14,226,24,11,100,75,100,92.5,14.333333333333334,14.5,1.1494252873563178,0,0,0,1,0,0,0,25,Low Risk
Customer_00748,10,2026-08-04,Premium,high_value,24,237,14,45,100,75,75,87.5,16.75,14.333333333333334,-16.860465116279062,0,0,0,0,1,0,0,20,Low Risk
Customer_00748,10,2026-08-05,Premium,high_value,21,209,27,32,100,75,75,87.5,17.6,16.75,-5.07462686567165,0,0,0,1,0,0,0,25,Low Risk
Customer_00749,8,2026-08-01,Premium,high_value,25,179,16,35,100,75,75,87.5,25.0,,,1,1,0,0,0,0,0,0,Low Risk
Customer_00749,8,2026-08-02,Premium,high_value,23,169,24,34,100,75,75,87.5,24.0,25.0,4.0,1,1,0,1,0,0,0,25,Low Risk
Customer_00749,8,2026-08-03,Premium,high_value,12,201,26,44,100,75,75,87.5,20.0,24.0,16.666666666666664,1,1,0,1,1,0,0,45,Medium Risk
Customer_00749,8,2026-08-04,Premium,high_value,22,186,26,45,100,75,75,87.5,20.5,20.0,-2.5,1,1,0,1,1,0,0,45,Medium Risk
Customer_00749,8,2026-08-05,Premium,high_value,14,161,26,35,100,75,75,87.5,19.2,20.5,6.341463414634149,1,1,0,1,0,0,0,25,Low Risk
Customer_00750,7,2026-08-01,Premium,high_value,22,199,6,26,100,100,100,100.0,22.0,,,1,1,0,0,0,0,0,0,Low Risk
Customer_00750,7,2026-08-02,Premium,high_value,13,223,26,39,100,75,75,87.5,17.5,22.0,20.454545454545457,1,1,0,1,0,0,0,25,Low Risk
Customer_00750,7,2026-08-03,Premium,high_value,17,245,13,40,100,75,75,87.5,17.333333333333332,17.5,0.9523809523809592,1,1,0,0,0,0,0,0,Low Risk
Customer_00750,7,2026-08-04,Premium,high_value,10,182,4,48,100,100,75,95.0,15.5,17.333333333333332,10.576923076923071,1,1,0,0,1,0,0,20,Low Risk
Customer_00750,7,2026-08-05,Premium,high_value,12,178,26,33,100,75,75,87.5,14.8,15.5,4.5161290322580605,1,1,0,1,0,0,0,25,Low Risk
Customer_00751,7,2026-08-01,Standard,mid_value,8,111,15,41,100,75,75,87.5,8.0,,,1,1,0,0,1,0,0,20,Low Risk
Customer_00751,7,2026-08-02,Standard,mid_value,12,82,26,28,75,75,100,80.0,10.0,8.0,-25.0,1,1,0,1,0,0,0,25,Low Risk
Customer_00751,7,2026-08-03,Standard,mid_value,13,88,6,10,75,100,100,87.5,11.0,10.0,-10.0,1,1,0,0,0,0,0,0,Low Risk
Customer_00751,7,2026-08-04,Standard,mid_value,7,85,17,30,75,75,100,80.0,10.0,11.0,9.090909090909092,1,1,0,0,0,0,0,0,Low Risk
Customer_00751,7,2026-08-05,Standard,mid_value,11,81,11,22,75,75,100,80.0,10.2,10.0,-1.999999999999993,1,1,0,0,0,0,0,0,Low Risk
Customer_00752,9,2026-08-01,Premium,high_value,22,217,12,14,100,75,100,92.5,22.0,,,1,1,0,0,0,0,0,0,Low Risk
Customer_00752,9,2026-08-02,Premium,high_value,13,163,21,22,100,75,100,92.5,17.5,22.0,20.454545454545457,1,1,0,1,0,0,0,25,Low Risk
Customer_00752,9,2026-08-03,Premium,high_value,20,186,15,33,100,75,75,87.5,18.33333333333333,17.5,-4.761904761904756,1,1,0,0,0,0,0,0,Low Risk
Customer_00752,9,2026-08-04,Premium,high_value,14,188,18,34,100,75,75,87.5,17.25,18.33333333333333,5.909090909090903,1,1,0,0,0,0,0,0,Low Risk
Customer_00752,9,2026-08-05,Premium,high_value,24,245,4,36,100,100,75,95.0,18.6,17.25,-7.826086956521746,1,1,0,0,0,0,0,0,Low Risk
Customer_00753,10,2026-08-01,Premium,high_value,12,177,3,13,100,100,100,100.0,12.0,,,1,1,0,0,0,0,0,0,Low Risk
Customer_00753,10,2026-08-02,Premium,high_value,13,234,16,22,100,75,100,92.5,12.5,12.0,-4.166666666666666,1,1,0,0,0,0,0,0,Low Risk
Customer_00753,10,2026-08-03,Premium,high_value,18,211,2,30,100,100,100,100.0,14.333333333333334,12.5,-14.666666666666671,1,1,0,0,0,0,0,0,Low Risk
Customer_00753,10,2026-08-04,Premium,high_value,13,191,26,49,100,75,75,87.5,14.0,14.333333333333334,2.3255813953488413,1,1,0,1,1,0,0,45,Medium Risk
Customer_00753,10,2026-08-05,Premium,high_value,19,165,24,23,100,75,100,92.5,15.0,14.0,-7.142857142857142,1,1,0,1,0,0,0,25,Low Risk
Customer_00754,5,2026-08-01,Premium,high_value,22,235,6,49,100,100,75,95.0,22.0,,,0,0,0,0,1,0,0,20,Low Risk
Customer_00754,5,2026-08-02,Premium,high_value,13,209,26,28,100,75,100,92.5,17.5,22.0,20.454545454545457,0,0,0,1,0,0,0,25,Low Risk
Customer_00754,5,2026-08-03,Premium,high_value,22,228,9,37,100,100,75,95.0,19.0,17.5,-8.571428571428571,0,0,0,0,0,0,0,0,Low Risk
Customer_00754,5,2026-08-04,Premium,high_value,14,223,2,36,100,100,75,95.0,17.75,19.0,6.578947368421052,0,0,0,0,0,0,0,0,Low Risk
Customer_00754,5,2026-08-05,Premium,high_value,17,219,12,27,100,75,100,92.5,17.6,17.75,0.8450704225352033,0,0,0,0,0,0,0,0,Low Risk
Customer_00755,1,2026-08-01,Premium,high_value,24,224,6,23,100,100,100,100.0,24.0,,,1,1,0,0,0,0,0,0,Low Risk
Customer_00755,1,2026-08-02,Premium,high_value,16,236,10,26,100,100,100,100.0,20.0,24.0,16.666666666666664,1,1,0,0,0,0,0,0,Low Risk
Customer_00755,1,2026-08-03,Premium,high_value,10,161,22,30,100,75,100,92.5,16.666666666666668,20.0,16.66666666666666,1,1,0,1,0,0,0,25,Low Risk
Customer_00755,1,2026-08-04,Premium,high_value,13,177,13,40,100,75,75,87.5,15.75,16.666666666666668,5.500000000000007,1,1,0,0,0,0,0,0,Low Risk
Customer_00755,1,2026-08-05,Premium,high_value,11,179,27,16,100,75,100,92.5,14.8,15.75,6.031746031746027,1,1,0,1,0,0,0,25,Low Risk
Customer_00756,3,2026-08-01,Premium,high_value,18,154,5,16,100,100,100,100.0,18.0,,,1,1,0,0,0,0,0,0,Low Risk
Customer_00756,3,2026-08-02,Premium,high_value,12,158,23,46,100,75,75,87.5,15.0,18.0,16.666666666666664,1,1,0,1,1,0,0,45,Medium Risk
Customer_00756,3,2026-08-03,Premium,high_value,13,212,28,45,100,75,75,87.5,14.333333333333334,15.0,4.44444444444444,1,1,0,1,1,0,0,45,Medium Risk
Customer_00756,3,2026-08-04,Premium,high_value,12,163,3,45,100,100,75,95.0,13.75,14.333333333333334,4.069767441860469,1,1,0,0,1,0,0,20,Low Risk
Customer_00756,3,2026-08-05,Premium,high_value,23,158,3,11,100,100,100,100.0,15.6,13.75,-13.454545454545451,1,1,0,0,0,0,0,0,Low Risk
Customer_00757,5,2026-08-01,Premium,high_value,21,224,0,29,100,100,100,100.0,21.0,,,1,1,0,0,0,0,0,0,Low Risk
Customer_00757,5,2026-08-02,Premium,high_value,21,208,7,11,100,100,100,100.0,21.0,21.0,0.0,1,1,0,0,0,0,0,0,Low Risk
Customer_00757,5,2026-08-03,Premium,high_value,20,186,22,34,100,75,75,87.5,20.666666666666668,21.0,1.5873015873015817,1,1,0,1,0,0,0,25,Low Risk
Customer_00757,5,2026-08-04,Premium,high_value,17,151,16,42,100,75,75,87.5,19.75,20.666666666666668,4.435483870967747,1,1,0,0,1,0,0,20,Low Risk
Customer_00757,5,2026-08-05,Premium,high_value,21,246,3,15,100,100,100,100.0,20.0,19.75,-1.2658227848101269,1,1,0,0,0,0,0,0,Low Risk
Customer_00758,10,2026-08-01,Premium,high_value,11,171,11,25,100,75,100,92.5,11.0,,,1,1,0,0,0,0,0,0,Low Risk
Customer_00758,10,2026-08-02,Premium,high_value,16,250,4,37,100,100,75,95.0,13.5,11.0,-22.727272727272727,1,1,0,0,0,0,0,0,Low Risk
Customer_00758,10,2026-08-03,Premium,high_value,20,243,14,29,100,75,100,92.5,15.666666666666666,13.5,-16.04938271604938,1,1,0,0,0,0,0,0,Low Risk
Customer_00758,10,2026-08-04,Premium,high_value,20,234,3,13,100,100,100,100.0,16.75,15.666666666666666,-6.914893617021281,1,1,0,0,0,0,0,0,Low Risk
Customer_00758,10,2026-08-05,Premium,high_value,22,210,23,29,100,75,100,92.5,17.8,16.75,-6.268656716417914,1,1,0,1,0,0,0,25,Low Risk
Customer_00759,8,2026-08-01,Premium,high_value,12,195,10,12,100,100,100,100.0,12.0,,,1,1,0,0,0,0,0,0,Low Risk
Customer_00759,8,2026-08-02,Premium,high_value,12,188,9,29,100,100,100,100.0,12.0,12.0,0.0,1,1,0,0,0,0,0,0,Low Risk
Customer_00759,8,2026-08-03,Premium,high_value,16,247,6,39,100,100,75,95.0,13.333333333333334,12.0,-11.111111111111116,1,1,0,0,0,0,0,0,Low Risk
Customer_00759,8,2026-08-04,Premium,high_value,25,226,28,15,100,75,100,92.5,16.25,13.333333333333334,-21.874999999999996,1,1,0,1,0,0,0,25,Low Risk
Customer_00759,8,2026-08-05,Premium,high_value,16,175,23,13,100,75,100,92.5,16.2,16.25,0.3076923076923121,1,1,0,1,0,0,0,25,Low Risk
Customer_00760,10,2026-08-01,Standard,mid_value,10,102,8,23,100,100,100,100.0,10.0,,,1,1,0,0,0,0,0,0,Low Risk
Customer_00760,10,2026-08-02,Standard,mid_value,10,97,26,40,75,75,75,75.0,10.0,10.0,0.0,1,1,0,1,0,0,0,25,Low Risk
Customer_00760,10,2026-08-03,Standard,mid_value,10,116,20,11,100,75,100,92.5,10.0,10.0,0.0,1,1,0,0,0,0,0,0,Low Risk
Customer_00760,10,2026-08-04,Standard,mid_value,12,83,26,44,75,75,75,75.0,10.5,10.0,-5.0,1,1,0,1,1,0,0,45,Medium Risk
Customer_00760,10,2026-08-05,Standard,mid_value,9,104,4,13,100,100,100,100.0,10.2,10.5,2.857142857142864,1,1,0,0,0,0,0,0,Low Risk
Customer_00761,9,2026-08-01,Basic,low_value,4,46,8,40,50,100,75,70.0,4.0,,,1,1,0,0,0,0,0,0,Low Risk
Customer_00761,9,2026-08-02,Basic,low_value,3,47,9,39,50,100,75,70.0,3.5,4.0,12.5,1,1,0,0,0,0,0,0,Low Risk
Customer_00761,9,2026-08-03,Basic,low_value,2,45,8,19,50,100,100,75.0,3.0,3.5,14.285714285714285,1,1,0,0,0,0,0,0,Low Risk
Customer_00761,9,2026-08-04,Basic,low_value,3,48,30,40,50,75,75,62.5,3.0,3.0,0.0,1,1,0,1,0,0,0,25,Low Risk
Customer_00761,9,2026-08-05,Basic,low_value,2,55,10,29,75,100,100,87.5,2.8,3.0,6.666666666666672,1,1,0,0,0,0,0,0,Low Risk
Customer_00762,3,2026-08-01,Premium,high_value,11,199,28,41,100,75,75,87.5,11.0,,,0,0,0,1,1,0,0,45,Medium Risk
Customer_00762,3,2026-08-02,Premium,high_value,12,245,1,39,100,100,75,95.0,11.5,11.0,-4.545454545454546,0,0,0,0,0,0,0,0,Low Risk
Customer_00762,3,2026-08-03,Premium,high_value,24,207,13,18,100,75,100,92.5,15.666666666666666,11.5,-36.23188405797101,0,0,0,0,0,0,0,0,Low Risk
Customer_00762,3,2026-08-04,Premium,high_value,22,236,13,31,100,75,75,87.5,17.25,15.666666666666666,-10.106382978723408,0,0,0,0,0,0,0,0,Low Risk
Customer_00762,3,2026-08-05,Premium,high_value,11,247,29,34,100,75,75,87.5,16.0,17.25,7.246376811594203,0,0,0,1,0,0,0,25,Low Risk
Customer_00763,5,2026-08-01,Free,free_plan,1,21,27,10,50,75,100,67.5,1.0,,,1,1,0,1,0,0,0,25,Low Risk
Customer_00763,5,2026-08-02,Free,free_plan,1,28,10,11,50,100,100,75.0,1.0,1.0,0.0,1,1,0,0,0,0,0,0,Low Risk
Customer_00763,5,2026-08-03,Free,free_plan,0,25,24,18,50,75,100,67.5,0.6666666666666666,1.0,33.333333333333336,1,1,1,1,0,0,0,55,Medium Risk
Customer_00763,5,2026-08-04,Free,free_plan,1,29,28,15,50,75,100,67.5,0.75,0.6666666666666666,-12.500000000000004,1,1,0,1,0,0,0,25,Low Risk
Customer_00763,5,2026-08-05,Free,free_plan,0,24,14,47,50,75,75,62.5,0.6,0.75,20.000000000000004,1,1,0,0,1,0,0,20,Low Risk
Customer_00764,4,2026-08-01,Premium,high_value,22,194,3,10,100,100,100,100.0,22.0,,,0,0,0,0,0,0,0,0,Low Risk
Customer_00764,4,2026-08-02,Premium,high_value,16,232,11,33,100,75,75,87.5,19.0,22.0,13.636363636363637,0,0,0,0,0,0,0,0,Low Risk
Customer_00764,4,2026-08-03,Premium,high_value,13,191,5,28,100,100,100,100.0,17.0,19.0,10.526315789473683,0,0,0,0,0,0,0,0,Low Risk
Customer_00764,4,2026-08-04,Premium,high_value,14,175,4,42,100,100,75,95.0,16.25,17.0,4.411764705882353,0,0,0,0,1,0,0,20,Low Risk
Customer_00764,4,2026-08-05,Premium,high_value,19,221,5,48,100,100,75,95.0,16.8,16.25,-3.3846153846153886,0,0,0,0,1,0,0,20,Low Risk
Customer_00765,10,2026-08-01,Premium,high_value,13,196,24,18,100,75,100,92.5,13.0,,,1,1,0,1,0,0,0,25,Low Risk
Customer_00765,10,2026-08-02,Premium,high_value,15,155,15,34,100,75,75,87.5,14.0,13.0,-7.6923076923076925,1,1,0,0,0,0,0,0,Low Risk
Customer_00765,10,2026-08-03,Premium,high_value,16,220,26,44,100,75,75,87.5,14.666666666666666,14.0,-4.761904761904757,1,1,0,1,1,0,0,45,Medium Risk
Customer_00765,10,2026-08-04,Premium,high_value,12,194,6,21,100,100,100,100.0,14.0,14.666666666666666,4.545454545454541,1,1,0,0,0,0,0,0,Low Risk
Customer_00765,10,2026-08-05,Premium,high_value,21,199,6,47,100,100,75,95.0,15.4,14.0,-10.000000000000002,1,1,0,0,1,0,0,20,Low Risk
Customer_00766,1,2026-08-01,Premium,high_value,19,178,2,23,100,100,100,100.0,19.0,,,1,1,0,0,0,0,0,0,Low Risk
Customer_00766,1,2026-08-02,Premium,high_value,22,156,12,47,100,75,75,87.5,20.5,19.0,-7.894736842105263,1,1,0,0,1,0,0,20,Low Risk
Customer_00766,1,2026-08-03,Premium,high_value,24,229,24,34,100,75,75,87.5,21.666666666666668,20.5,-5.691056910569111,1,1,0,1,0,0,0,25,Low Risk
Customer_00766,1,2026-08-04,Premium,high_value,22,244,11,34,100,75,75,87.5,21.75,21.666666666666668,-0.3846153846153791,1,1,0,0,0,0,0,0,Low Risk
Customer_00766,1,2026-08-05,Premium,high_value,19,175,11,35,100,75,75,87.5,21.2,21.75,2.528735632183912,1,1,0,0,0,0,0,0,Low Risk
Customer_00767,1,2026-08-01,Premium,high_value,24,195,17,39,100,75,75,87.5,24.0,,,0,0,0,0,0,0,0,0,Low Risk
Customer_00767,1,2026-08-02,Premium,high_value,19,201,25,50,100,75,75,87.5,21.5,24.0,10.416666666666668,0,0,0,1,1,0,0,45,Medium Risk
Customer_00767,1,2026-08-03,Premium,high_value,14,193,8,31,100,100,75,95.0,19.0,21.5,11.627906976744184,0,0,0,0,0,0,0,0,Low Risk
Customer_00767,1,2026-08-04,Premium,high_value,21,195,29,14,100,75,100,92.5,19.5,19.0,-2.631578947368421,0,0,0,1,0,0,0,25,Low Risk
Customer_00767,1,2026-08-05,Premium,high_value,13,187,22,18,100,75,100,92.5,18.2,19.5,6.666666666666671,0,0,0,1,0,0,0,25,Low Risk
Customer_00768,7,2026-08-01,Premium,high_value,20,188,19,49,100,75,75,87.5,20.0,,,1,1,0,0,1,0,0,20,Low Risk
Customer_00768,7,2026-08-02,Premium,high_value,18,216,23,50,100,75,75,87.5,19.0,20.0,5.0,1,1,0,1,1,0,0,45,Medium Risk
Customer_00768,7,2026-08-03,Premium,high_value,22,167,22,33,100,75,75,87.5,20.0,19.0,-5.263157894736842,1,1,0,1,0,0,0,25,Low Risk
Customer_00768,7,2026-08-04,Premium,high_value,18,152,22,29,100,75,100,92.5,19.5,20.0,2.5,1,1,0,1,0,0,0,25,Low Risk
Customer_00768,7,2026-08-05,Premium,high_value,20,245,22,43,100,75,75,87.5,19.6,19.5,-0.5128205128205201,1,1,0,1,1,0,0,45,Medium Risk
Customer_00769,2,2026-08-01,Premium,high_value,12,192,12,44,100,75,75,87.5,12.0,,,0,0,0,0,1,0,0,20,Low Risk
Customer_00769,2,2026-08-02,Premium,high_value,23,224,20,39,100,75,75,87.5,17.5,12.0,-45.83333333333333,0,0,0,0,0,0,0,0,Low Risk
Customer_00769,2,2026-08-03,Premium,high_value,22,205,20,42,100,75,75,87.5,19.0,17.5,-8.571428571428571,0,0,0,0,1,0,0,20,Low Risk
Customer_00769,2,2026-08-04,Premium,high_value,22,219,25,43,100,75,75,87.5,19.75,19.0,-3.947368421052632,0,0,0,1,1,0,0,45,Medium Risk
Customer_00769,2,2026-08-05,Premium,high_value,11,222,5,46,100,100,75,95.0,18.0,19.75,8.860759493670885,0,0,0,0,1,0,0,20,Low Risk
Customer_00770,2,2026-08-01,Premium,high_value,12,229,18,48,100,75,75,87.5,12.0,,,0,0,0,0,1,0,0,20,Low Risk
Customer_00770,2,2026-08-02,Premium,high_value,19,164,8,44,100,100,75,95.0,15.5,12.0,-29.166666666666668,0,0,0,0,1,0,0,20,Low Risk
Customer_00770,2,2026-08-03,Premium,high_value,17,228,12,17,100,75,100,92.5,16.0,15.5,-3.225806451612903,0,0,0,0,0,0,0,0,Low Risk
Customer_00770,2,2026-08-04,Premium,high_value,14,152,29,39,100,75,75,87.5,15.5,16.0,3.125,0,0,0,1,0,0,0,25,Low Risk
Customer_00770,2,2026-08-05,Premium,high_value,15,205,28,23,100,75,100,92.5,15.4,15.5,0.6451612903225784,0,0,0,1,0,0,0,25,Low Risk
Customer_00771,9,2026-08-01,Basic,low_value,4,52,17,46,75,75,75,75.0,4.0,,,1,1,0,0,1,0,0,20,Low Risk
Customer_00771,9,2026-08-02,Basic,low_value,2,55,17,22,75,75,100,80.0,3.0,4.0,25.0,1,1,0,0,0,0,0,0,Low Risk
Customer_00771,9,2026-08-03,Basic,low_value,5,47,29,17,50,75,100,67.5,3.6666666666666665,3.0,-22.222222222222214,1,1,0,1,0,0,0,25,Low Risk
Customer_00771,9,2026-08-04,Basic,low_value,4,43,28,10,50,75,100,67.5,3.75,3.6666666666666665,-2.272727272727277,1,1,0,1,0,0,0,25,Low Risk
Customer_00771,9,2026-08-05,Basic,low_value,5,42,5,27,50,100,100,75.0,4.0,3.75,-6.666666666666667,1,1,0,0,0,0,0,0,Low Risk
Customer_00772,5,2026-08-01,Premium,high_value,11,160,22,30,100,75,100,92.5,11.0,,,0,0,0,1,0,0,0,25,Low Risk
Customer_00772,5,2026-08-02,Premium,high_value,13,194,24,25,100,75,100,92.5,12.0,11.0,-9.090909090909092,0,0,0,1,0,0,0,25,Low Risk
Customer_00772,5,2026-08-03,Premium,high_value,25,158,28,46,100,75,75,87.5,16.333333333333332,12.0,-36.1111111111111,0,0,0,1,1,0,0,45,Medium Risk
Customer_00772,5,2026-08-04,Premium,high_value,19,151,10,44,100,100,75,95.0,17.0,16.333333333333332,-4.081632653061232,0,0,0,0,1,0,0,20,Low Risk
Customer_00772,5,2026-08-05,Premium,high_value,16,212,2,19,100,100,100,100.0,16.8,17.0,1.17647058823529,0,0,0,0,0,0,0,0,Low Risk
Customer_00773,7,2026-08-01,Premium,high_value,24,199,4,43,100,100,75,95.0,24.0,,,1,1,0,0,1,0,0,20,Low Risk
Customer_00773,7,2026-08-02,Premium,high_value,14,164,7,15,100,100,100,100.0,19.0,24.0,20.833333333333336,1,1,0,0,0,0,0,0,Low Risk
Customer_00773,7,2026-08-03,Premium,high_value,11,193,19,24,100,75,100,92.5,16.333333333333332,19.0,14.035087719298254,1,1,0,0,0,0,0,0,Low Risk
Customer_00773,7,2026-08-04,Premium,high_value,17,190,8,39,100,100,75,95.0,16.5,16.333333333333332,-1.0204081632653137,1,1,0,0,0,0,0,0,Low Risk
Customer_00773,7,2026-08-05,Premium,high_value,19,185,19,48,100,75,75,87.5,17.0,16.5,-3.0303030303030303,1,1,0,0,1,0,0,20,Low Risk
Customer_00774,9,2026-08-01,Premium,high_value,14,187,12,25,100,75,100,92.5,14.0,,,0,0,0,0,0,0,0,0,Low Risk
Customer_00774,9,2026-08-02,Premium,high_value,11,183,13,26,100,75,100,92.5,12.5,14.0,10.714285714285714,0,0,0,0,0,0,0,0,Low Risk
Customer_00774,9,2026-08-03,Premium,high_value,15,240,6,22,100,100,100,100.0,13.333333333333334,12.5,-6.666666666666671,0,0,0,0,0,0,0,0,Low Risk
Customer_00774,9,2026-08-04,Premium,high_value,13,230,8,41,100,100,75,95.0,13.25,13.333333333333334,0.6250000000000043,0,0,0,0,1,0,0,20,Low Risk
Customer_00774,9,2026-08-05,Premium,high_value,23,209,14,23,100,75,100,92.5,15.2,13.25,-14.716981132075466,0,0,0,0,0,0,0,0,Low Risk
Customer_00775,9,2026-08-01,Standard,mid_value,5,90,23,38,75,75,75,75.0,5.0,,,1,1,0,1,0,0,0,25,Low Risk
Customer_00775,9,2026-08-02,Standard,mid_value,12,95,16,14,75,75,100,80.0,8.5,5.0,-70.0,1,1,0,0,0,0,0,0,Low Risk
Customer_00775,9,2026-08-03,Standard,mid_value,7,107,9,41,100,100,75,95.0,8.0,8.5,5.88235294117647,1,1,0,0,1,0,0,20,Low Risk
Customer_00775,9,2026-08-04,Standard,mid_value,5,81,24,21,75,75,100,80.0,7.25,8.0,9.375,1,1,0,1,0,0,0,25,Low Risk
Customer_00775,9,2026-08-05,Standard,mid_value,6,81,10,48,75,100,75,82.5,7.0,7.25,3.4482758620689653,1,1,0,0,1,0,0,20,Low Risk
Customer_00776,1,2026-08-01,Standard,mid_value,11,88,25,22,75,75,100,80.0,11.0,,,0,0,0,1,0,0,0,25,Low Risk
Customer_00776,1,2026-08-02,Standard,mid_value,8,108,27,20,100,75,100,92.5,9.5,11.0,13.636363636363637,0,0,0,1,0,0,0,25,Low Risk
Customer_00776,1,2026-08-03,Standard,mid_value,8,92,1,49,75,100,75,82.5,9.0,9.5,5.263157894736842,0,0,0,0,1,0,0,20,Low Risk
Customer_00776,1,2026-08-04,Standard,mid_value,8,90,3,42,75,100,75,82.5,8.75,9.0,2.7777777777777777,0,0,0,0,1,0,0,20,Low Risk
Customer_00776,1,2026-08-05,Standard,mid_value,12,111,25,34,100,75,75,87.5,9.4,8.75,-7.428571428571433,0,0,0,1,0,0,0,25,Low Risk
Customer_00777,6,2026-08-01,Standard,mid_value,6,118,17,23,100,75,100,92.5,6.0,,,1,1,0,0,0,0,0,0,Low Risk
Customer_00777,6,2026-08-02,Standard,mid_value,10,95,16,32,75,75,75,75.0,8.0,6.0,-33.33333333333333,1,1,0,0,0,0,0,0,Low Risk
Customer_00777,6,2026-08-03,Standard,mid_value,13,97,1,24,75,100,100,87.5,9.666666666666666,8.0,-20.833333333333325,1,1,0,0,0,0,0,0,Low Risk
Customer_00777,6,2026-08-04,Standard,mid_value,11,92,22,38,75,75,75,75.0,10.0,9.666666666666666,-3.4482758620689715,1,1,0,1,0,0,0,25,Low Risk
Customer_00777,6,2026-08-05,Standard,mid_value,10,86,21,16,75,75,100,80.0,10.0,10.0,0.0,1,1,0,1,0,0,0,25,Low Risk
Customer_00778,8,2026-08-01,Premium,high_value,15,228,10,13,100,100,100,100.0,15.0,,,0,0,0,0,0,0,0,0,Low Risk
Customer_00778,8,2026-08-02,Premium,high_value,14,170,15,31,100,75,75,87.5,14.5,15.0,3.333333333333333,0,0,0,0,0,0,0,0,Low Risk
Customer_00778,8,2026-08-03,Premium,high_value,18,172,27,37,100,75,75,87.5,15.666666666666666,14.5,-8.045977011494248,0,0,0,1,0,0,0,25,Low Risk
Customer_00778,8,2026-08-04,Premium,high_value,25,196,13,14,100,75,100,92.5,18.0,15.666666666666666,-14.8936170212766,0,0,0,0,0,0,0,0,Low Risk
Customer_00778,8,2026-08-05,Premium,high_value,21,227,28,45,100,75,75,87.5,18.6,18.0,-3.333333333333341,0,0,0,1,1,0,0,45,Medium Risk
Customer_00779,9,2026-08-01,Premium,high_value,15,166,15,49,100,75,75,87.5,15.0,,,0,0,0,0,1,0,0,20,Low Risk
Customer_00779,9,2026-08-02,Premium,high_value,13,205,14,49,100,75,75,87.5,14.0,15.0,6.666666666666667,0,0,0,0,1,0,0,20,Low Risk
Customer_00779,9,2026-08-03,Premium,high_value,16,177,24,30,100,75,100,92.5,14.666666666666666,14.0,-4.761904761904757,0,0,0,1,0,0,0,25,Low Risk
Customer_00779,9,2026-08-04,Premium,high_value,23,220,8,48,100,100,75,95.0,16.75,14.666666666666666,-14.20454545454546,0,0,0,0,1,0,0,20,Low Risk
Customer_00779,9,2026-08-05,Premium,high_value,23,238,29,46,100,75,75,87.5,18.0,16.75,-7.462686567164178,0,0,0,1,1,0,0,45,Medium Risk
Customer_00780,6,2026-08-01,Standard,mid_value,8,109,30,32,100,75,75,87.5,8.0,,,1,1,0,1,0,0,0,25,Low Risk
Customer_00780,6,2026-08-02,Standard,mid_value,10,119,27,34,100,75,75,87.5,9.0,8.0,-12.5,1,1,0,1,0,0,0,25,Low Risk
Customer_00780,6,2026-08-03,Standard,mid_value,11,117,24,48,100,75,75,87.5,9.666666666666666,9.0,-7.407407407407401,1,1,0,1,1,0,0,45,Medium Risk
Customer_00780,6,2026-08-04,Standard,mid_value,12,99,11,35,75,75,75,75.0,10.25,9.666666666666666,-6.034482758620696,1,1,0,0,0,0,0,0,Low Risk
Customer_00780,6,2026-08-05,Standard,mid_value,8,90,24,45,75,75,75,75.0,9.8,10.25,4.390243902439018,1,1,0,1,1,0,0,45,Medium Risk
Customer_00781,2,2026-08-01,Premium,high_value,10,242,29,16,100,75,100,92.5,10.0,,,0,0,0,1,0,0,0,25,Low Risk
Customer_00781,2,2026-08-02,Premium,high_value,15,163,15,32,100,75,75,87.5,12.5,10.0,-25.0,0,0,0,0,0,0,0,0,Low Risk
Customer_00781,2,2026-08-03,Premium,high_value,21,215,23,31,100,75,75,87.5,15.333333333333334,12.5,-22.66666666666667,0,0,0,1,0,0,0,25,Low Risk
Customer_00781,2,2026-08-04,Premium,high_value,14,170,7,35,100,100,75,95.0,15.0,15.333333333333334,2.1739130434782648,0,0,0,0,0,0,0,0,Low Risk
Customer_00781,2,2026-08-05,Premium,high_value,25,245,5,14,100,100,100,100.0,17.0,15.0,-13.333333333333334,0,0,0,0,0,0,0,0,Low Risk
Customer_00782,4,2026-08-01,Premium,high_value,18,171,9,12,100,100,100,100.0,18.0,,,0,0,0,0,0,0,0,0,Low Risk
Customer_00782,4,2026-08-02,Premium,high_value,22,249,0,11,100,100,100,100.0,20.0,18.0,-11.11111111111111,0,0,0,0,0,0,0,0,Low Risk
Customer_00782,4,2026-08-03,Premium,high_value,25,189,1,34,100,100,75,95.0,21.666666666666668,20.0,-8.33333333333334,0,0,0,0,0,0,0,0,Low Risk
Customer_00782,4,2026-08-04,Premium,high_value,24,229,10,16,100,100,100,100.0,22.25,21.666666666666668,-2.6923076923076867,0,0,0,0,0,0,0,0,Low Risk
Customer_00782,4,2026-08-05,Premium,high_value,12,206,15,15,100,75,100,92.5,20.2,22.25,9.21348314606742,0,0,0,0,0,0,0,0,Low Risk
Customer_00783,8,2026-08-01,Premium,high_value,23,180,21,47,100,75,75,87.5,23.0,,,1,1,0,1,1,0,0,45,Medium Risk
Customer_00783,8,2026-08-02,Premium,high_value,22,241,3,43,100,100,75,95.0,22.5,23.0,2.1739130434782608,1,1,0,0,1,0,0,20,Low Risk
Customer_00783,8,2026-08-03,Premium,high_value,11,180,18,14,100,75,100,92.5,18.666666666666668,22.5,17.03703703703703,1,1,0,0,0,0,0,0,Low Risk
Customer_00783,8,2026-08-04,Premium,high_value,16,167,11,48,100,75,75,87.5,18.0,18.666666666666668,3.5714285714285774,1,1,0,0,1,0,0,20,Low Risk
Customer_00783,8,2026-08-05,Premium,high_value,23,217,29,48,100,75,75,87.5,19.0,18.0,-5.555555555555555,1,1,0,1,1,0,0,45,Medium Risk
Customer_00784,3,2026-08-01,Premium,high_value,12,156,22,44,100,75,75,87.5,12.0,,,0,0,0,1,1,0,0,45,Medium Risk
Customer_00784,3,2026-08-02,Premium,high_value,21,221,12,12,100,75,100,92.5,16.5,12.0,-37.5,0,0,0,0,0,0,0,0,Low Risk
Customer_00784,3,2026-08-03,Premium,high_value,20,231,26,39,100,75,75,87.5,17.666666666666668,16.5,-7.070707070707077,0,0,0,1,0,0,0,25,Low Risk
Customer_00784,3,2026-08-04,Premium,high_value,12,203,4,29,100,100,100,100.0,16.25,17.666666666666668,8.018867924528308,0,0,0,0,0,0,0,0,Low Risk
Customer_00784,3,2026-08-05,Premium,high_value,12,159,28,26,100,75,100,92.5,15.4,16.25,5.230769230769228,0,0,0,1,0,0,0,25,Low Risk
Customer_00785,3,2026-08-01,Standard,mid_value,14,90,25,12,75,75,100,80.0,14.0,,,1,1,0,1,0,0,0,25,Low Risk
Customer_00785,3,2026-08-02,Standard,mid_value,12,93,24,41,75,75,75,75.0,13.0,14.0,7.142857142857142,1,1,0,1,1,0,0,45,Medium Risk
Customer_00785,3,2026-08-03,Standard,mid_value,6,84,8,35,75,100,75,82.5,10.666666666666666,13.0,17.948717948717956,1,1,0,0,0,0,0,0,Low Risk
Customer_00785,3,2026-08-04,Standard,mid_value,11,107,8,15,100,100,100,100.0,10.75,10.666666666666666,-0.7812500000000056,1,1,0,0,0,0,0,0,Low Risk
Customer_00785,3,2026-08-05,Standard,mid_value,12,110,14,47,100,75,75,87.5,11.0,10.75,-2.3255813953488373,1,1,0,0,1,0,0,20,Low Risk
Customer_00786,10,2026-08-01,Basic,low_value,2,48,21,21,50,75,100,67.5,2.0,,,1,1,0,1,0,0,0,25,Low Risk
Customer_00786,10,2026-08-02,Basic,low_value,2,41,21,17,50,75,100,67.5,2.0,2.0,0.0,1,1,0,1,0,0,0,25,Low Risk
Customer_00786,10,2026-08-03,Basic,low_value,4,44,24,31,50,75,75,62.5,2.6666666666666665,2.0,-33.33333333333333,1,1,0,1,0,0,0,25,Low Risk
Customer_00786,10,2026-08-04,Basic,low_value,2,55,22,34,75,75,75,75.0,2.5,2.6666666666666665,6.249999999999995,1,1,0,1,0,0,0,25,Low Risk
Customer_00786,10,2026-08-05,Basic,low_value,3,46,12,37,50,75,75,62.5,2.6,2.5,-4.000000000000004,1,1,0,0,0,0,0,0,Low Risk
Customer_00787,2,2026-08-01,Premium,high_value,16,174,14,50,100,75,75,87.5,16.0,,,1,1,0,0,1,0,0,20,Low Risk
Customer_00787,2,2026-08-02,Premium,high_value,11,221,12,13,100,75,100,92.5,13.5,16.0,15.625,1,1,0,0,0,0,0,0,Low Risk
Customer_00787,2,2026-08-03,Premium,high_value,25,153,3,22,100,100,100,100.0,17.333333333333332,13.5,-28.395061728395056,1,1,0,0,0,0,0,0,Low Risk
Customer_00787,2,2026-08-04,Premium,high_value,16,150,27,44,100,75,75,87.5,17.0,17.333333333333332,1.923076923076916,1,1,0,1,1,0,0,45,Medium Risk
Customer_00787,2,2026-08-05,Premium,high_value,12,170,22,44,100,75,75,87.5,16.0,17.0,5.88235294117647,1,1,0,1,1,0,0,45,Medium Risk
Customer_00788,4,2026-08-01,Premium,high_value,12,207,23,11,100,75,100,92.5,12.0,,,1,1,0,1,0,0,0,25,Low Risk
Customer_00788,4,2026-08-02,Premium,high_value,14,179,20,17,100,75,100,92.5,13.0,12.0,-8.333333333333332,1,1,0,0,0,0,0,0,Low Risk
Customer_00788,4,2026-08-03,Premium,high_value,11,207,8,33,100,100,75,95.0,12.333333333333334,13.0,5.128205128205124,1,1,0,0,0,0,0,0,Low Risk
Customer_00788,4,2026-08-04,Premium,high_value,12,249,8,24,100,100,100,100.0,12.25,12.333333333333334,0.6756756756756804,1,1,0,0,0,0,0,0,Low Risk
Customer_00788,4,2026-08-05,Premium,high_value,25,162,25,15,100,75,100,92.5,14.8,12.25,-20.81632653061225,1,1,0,1,0,0,0,25,Low Risk
Customer_00789,10,2026-08-01,Premium,high_value,24,232,14,17,100,75,100,92.5,24.0,,,0,0,0,0,0,0,0,0,Low Risk
Customer_00789,10,2026-08-02,Premium,high_value,14,158,16,47,100,75,75,87.5,19.0,24.0,20.833333333333336,0,0,0,0,1,0,0,20,Low Risk
Customer_00789,10,2026-08-03,Premium,high_value,14,151,28,26,100,75,100,92.5,17.333333333333332,19.0,8.77192982456141,0,0,0,1,0,0,0,25,Low Risk
Customer_00789,10,2026-08-04,Premium,high_value,15,214,20,38,100,75,75,87.5,16.75,17.333333333333332,3.3653846153846088,0,0,0,0,0,0,0,0,Low Risk
Customer_00789,10,2026-08-05,Premium,high_value,11,171,15,38,100,75,75,87.5,15.6,16.75,6.865671641791046,0,0,0,0,0,0,0,0,Low Risk
Customer_00790,4,2026-08-01,Premium,high_value,22,247,11,31,100,75,75,87.5,22.0,,,0,0,0,0,0,0,0,0,Low Risk
Customer_00790,4,2026-08-02,Premium,high_value,21,233,22,44,100,75,75,87.5,21.5,22.0,2.272727272727273,0,0,0,1,1,0,0,45,Medium Risk
Customer_00790,4,2026-08-03,Premium,high_value,12,161,7,26,100,100,100,100.0,18.33333333333333,21.5,14.728682170542642,0,0,0,0,0,0,0,0,Low Risk
Customer_00790,4,2026-08-04,Premium,high_value,11,163,16,13,100,75,100,92.5,16.5,18.33333333333333,9.999999999999991,0,0,0,0,0,0,0,0,Low Risk
Customer_00790,4,2026-08-05,Premium,high_value,24,175,27,17,100,75,100,92.5,18.0,16.5,-9.090909090909092,0,0,0,1,0,0,0,25,Low Risk
Customer_00791,2,2026-08-01,Premium,high_value,12,157,12,10,100,75,100,92.5,12.0,,,0,0,0,0,0,0,0,0,Low Risk
Customer_00791,2,2026-08-02,Premium,high_value,21,161,2,19,100,100,100,100.0,16.5,12.0,-37.5,0,0,0,0,0,0,0,0,Low Risk
Customer_00791,2,2026-08-03,Premium,high_value,13,172,4,38,100,100,75,95.0,15.333333333333334,16.5,7.070707070707067,0,0,0,0,0,0,0,0,Low Risk
Customer_00791,2,2026-08-04,Premium,high_value,19,196,4,35,100,100,75,95.0,16.25,15.333333333333334,-5.978260869565213,0,0,0,0,0,0,0,0,Low Risk
Customer_00791,2,2026-08-05,Premium,high_value,15,231,17,40,100,75,75,87.5,16.0,16.25,1.5384615384615383,0,0,0,0,0,0,0,0,Low Risk
Customer_00792,3,2026-08-01,Premium,high_value,23,232,5,48,100,100,75,95.0,23.0,,,1,1,0,0,1,0,0,20,Low Risk
Customer_00792,3,2026-08-02,Premium,high_value,11,182,24,31,100,75,75,87.5,17.0,23.0,26.08695652173913,1,1,0,1,0,0,0,25,Low Risk
Customer_00792,3,2026-08-03,Premium,high_value,17,213,27,21,100,75,100,92.5,17.0,17.0,0.0,1,1,0,1,0,0,0,25,Low Risk
Customer_00792,3,2026-08-04,Premium,high_value,25,245,4,33,100,100,75,95.0,19.0,17.0,-11.76470588235294,1,1,0,0,0,0,0,0,Low Risk
Customer_00792,3,2026-08-05,Premium,high_value,21,172,2,48,100,100,75,95.0,19.4,19.0,-2.1052631578947296,1,1,0,0,1,0,0,20,Low Risk
Customer_00793,9,2026-08-01,Premium,high_value,21,159,25,35,100,75,75,87.5,21.0,,,1,1,0,1,0,0,0,25,Low Risk
Customer_00793,9,2026-08-02,Premium,high_value,12,229,26,35,100,75,75,87.5,16.5,21.0,21.428571428571427,1,1,0,1,0,0,0,25,Low Risk
Customer_00793,9,2026-08-03,Premium,high_value,17,158,6,22,100,100,100,100.0,16.666666666666668,16.5,-1.0101010101010173,1,1,0,0,0,0,0,0,Low Risk
Customer_00793,9,2026-08-04,Premium,high_value,19,208,27,38,100,75,75,87.5,17.25,16.666666666666668,-3.499999999999993,1,1,0,1,0,0,0,25,Low Risk
Customer_00793,9,2026-08-05,Premium,high_value,13,239,30,17,100,75,100,92.5,16.4,17.25,4.9275362318840665,1,1,0,1,0,0,0,25,Low Risk
Customer_00794,4,2026-08-01,Basic,low_value,2,57,25,11,75,75,100,80.0,2.0,,,1,1,0,1,0,0,0,25,Low Risk
Customer_00794,4,2026-08-02,Basic,low_value,2,48,8,36,50,100,75,70.0,2.0,2.0,0.0,1,1,0,0,0,0,0,0,Low Risk
Customer_00794,4,2026-08-03,Basic,low_value,1,54,2,23,75,100,100,87.5,1.6666666666666667,2.0,16.666666666666664,1,1,0,0,0,0,0,0,Low Risk
Customer_00794,4,2026-08-04,Basic,low_value,2,53,13,36,75,75,75,75.0,1.75,1.6666666666666667,-4.999999999999996,1,1,0,0,0,0,0,0,Low Risk
Customer_00794,4,2026-08-05,Basic,low_value,1,49,26,29,50,75,100,67.5,1.6,1.75,8.571428571428566,1,1,0,1,0,0,0,25,Low Risk
Customer_00795,9,2026-08-01,Premium,high_value,10,169,3,12,100,100,100,100.0,10.0,,,0,0,0,0,0,0,0,0,Low Risk
Customer_00795,9,2026-08-02,Premium,high_value,21,190,20,37,100,75,75,87.5,15.5,10.0,-55.00000000000001,0,0,0,0,0,0,0,0,Low Risk
Customer_00795,9,2026-08-03,Premium,high_value,11,151,5,44,100,100,75,95.0,14.0,15.5,9.67741935483871,0,0,0,0,1,0,0,20,Low Risk
Customer_00795,9,2026-08-04,Premium,high_value,13,239,1,21,100,100,100,100.0,13.75,14.0,1.7857142857142856,0,0,0,0,0,0,0,0,Low Risk
Customer_00795,9,2026-08-05,Premium,high_value,10,223,18,33,100,75,75,87.5,13.0,13.75,5.454545454545454,0,0,0,0,0,0,0,0,Low Risk
Customer_00796,1,2026-08-01,Premium,high_value,16,155,17,45,100,75,75,87.5,16.0,,,1,1,0,0,1,0,0,20,Low Risk
Customer_00796,1,2026-08-02,Premium,high_value,22,190,17,30,100,75,100,92.5,19.0,16.0,-18.75,1,1,0,0,0,0,0,0,Low Risk
Customer_00796,1,2026-08-03,Premium,high_value,21,158,3,20,100,100,100,100.0,19.666666666666668,19.0,-3.5087719298245674,1,1,0,0,0,0,0,0,Low Risk
Customer_00796,1,2026-08-04,Premium,high_value,16,153,14,35,100,75,75,87.5,18.75,19.666666666666668,4.661016949152548,1,1,0,0,0,0,0,0,Low Risk
Customer_00796,1,2026-08-05,Premium,high_value,21,156,24,30,100,75,100,92.5,19.2,18.75,-2.3999999999999964,1,1,0,1,0,0,0,25,Low Risk
Customer_00797,8,2026-08-01,Standard,mid_value,7,115,26,24,100,75,100,92.5,7.0,,,1,1,0,1,0,0,0,25,Low Risk
Customer_00797,8,2026-08-02,Standard,mid_value,9,89,8,39,75,100,75,82.5,8.0,7.0,-14.285714285714285,1,1,0,0,0,0,0,0,Low Risk
Customer_00797,8,2026-08-03,Standard,mid_value,14,82,17,40,75,75,75,75.0,10.0,8.0,-25.0,1,1,0,0,0,0,0,0,Low Risk
Customer_00797,8,2026-08-04,Standard,mid_value,13,90,6,20,75,100,100,87.5,10.75,10.0,-7.5,1,1,0,0,0,0,0,0,Low Risk
Customer_00797,8,2026-08-05,Standard,mid_value,11,83,24,11,75,75,100,80.0,10.8,10.75,-0.465116279069774,1,1,0,1,0,0,0,25,Low Risk
Customer_00798,3,2026-08-01,Basic,low_value,3,43,19,35,50,75,75,62.5,3.0,,,1,1,0,0,0,0,0,0,Low Risk
Customer_00798,3,2026-08-02,Basic,low_value,4,57,11,21,75,75,100,80.0,3.5,3.0,-16.666666666666664,1,1,0,0,0,0,0,0,Low Risk
Customer_00798,3,2026-08-03,Basic,low_value,2,50,7,31,75,100,75,82.5,3.0,3.5,14.285714285714285,1,1,0,0,0,0,0,0,Low Risk
Customer_00798,3,2026-08-04,Basic,low_value,5,45,10,19,50,100,100,75.0,3.5,3.0,-16.666666666666664,1,1,0,0,0,0,0,0,Low Risk
Customer_00798,3,2026-08-05,Basic,low_value,2,53,21,15,75,75,100,80.0,3.2,3.5,8.571428571428566,1,1,0,1,0,0,0,25,Low Risk
Customer_00799,7,2026-08-01,Premium,high_value,25,248,11,45,100,75,75,87.5,25.0,,,0,0,0,0,1,0,0,20,Low Risk
Customer_00799,7,2026-08-02,Premium,high_value,11,221,27,49,100,75,75,87.5,18.0,25.0,28.000000000000004,0,0,0,1,1,0,0,45,Medium Risk
Customer_00799,7,2026-08-03,Premium,high_value,19,187,18,27,100,75,100,92.5,18.33333333333333,18.0,-1.8518518518518448,0,0,0,0,0,0,0,0,Low Risk
Customer_00799,7,2026-08-04,Premium,high_value,12,241,6,25,100,100,100,100.0,16.75,18.33333333333333,8.636363636363631,0,0,0,0,0,0,0,0,Low Risk
Customer_00799,7,2026-08-05,Premium,high_value,20,238,12,15,100,75,100,92.5,17.4,16.75,-3.880597014925365,0,0,0,0,0,0,0,0,Low Risk
Customer_00800,10,2026-08-01,Standard,mid_value,7,84,0,37,75,100,75,82.5,7.0,,,1,1,0,0,0,0,0,0,Low Risk
Customer_00800,10,2026-08-02,Standard,mid_value,15,98,25,46,75,75,75,75.0,11.0,7.0,-57.14285714285714,1,1,0,1,1,0,0,45,Medium Risk
Customer_00800,10,2026-08-03,Standard,mid_value,13,119,12,20,100,75,100,92.5,11.666666666666666,11.0,-6.060606060606055,1,1,0,0,0,0,0,0,Low Risk
Customer_00800,10,2026-08-04,Standard,mid_value,8,96,8,29,75,100,100,87.5,10.75,11.666666666666666,7.857142857142853,1,1,0,0,0,0,0,0,Low Risk
Customer_00800,10,2026-08-05,Standard,mid_value,12,87,16,44,75,75,75,75.0,11.0,10.75,-2.3255813953488373,1,1,0,0,1,0,0,20,Low Risk
Customer_00801,6,2026-08-01,Standard,mid_value,14,96,10,37,75,100,75,82.5,14.0,,,1,1,0,0,0,0,0,0,Low Risk
Customer_00801,6,2026-08-02,Standard,mid_value,9,80,0,43,75,100,75,82.5,11.5,14.0,17.857142857142858,1,1,0,0,1,0,0,20,Low Risk
Customer_00801,6,2026-08-03,Standard,mid_value,8,104,5,19,100,100,100,100.0,10.333333333333334,11.5,10.14492753623188,1,1,0,0,0,0,0,0,Low Risk
Customer_00801,6,2026-08-04,Standard,mid_value,13,116,2,16,100,100,100,100.0,11.0,10.333333333333334,-6.451612903225801,1,1,0,0,0,0,0,0,Low Risk
Customer_00801,6,2026-08-05,Standard,mid_value,13,97,7,37,75,100,75,82.5,11.4,11.0,-3.63636363636364,1,1,0,0,0,0,0,0,Low Risk
Customer_00802,9,2026-08-01,Premium,high_value,24,241,4,33,100,100,75,95.0,24.0,,,0,0,0,0,0,0,0,0,Low Risk
Customer_00802,9,2026-08-02,Premium,high_value,24,158,23,47,100,75,75,87.5,24.0,24.0,0.0,0,0,0,1,1,0,0,45,Medium Risk
Customer_00802,9,2026-08-03,Premium,high_value,21,197,3,12,100,100,100,100.0,23.0,24.0,4.166666666666666,0,0,0,0,0,0,0,0,Low Risk
Customer_00802,9,2026-08-04,Premium,high_value,19,165,6,36,100,100,75,95.0,22.0,23.0,4.3478260869565215,0,0,0,0,0,0,0,0,Low Risk
Customer_00802,9,2026-08-05,Premium,high_value,22,182,12,32,100,75,75,87.5,22.0,22.0,0.0,0,0,0,0,0,0,0,0,Low Risk
Customer_00803,8,2026-08-01,Basic,low_value,4,56,27,33,75,75,75,75.0,4.0,,,0,0,0,1,0,0,0,25,Low Risk
Customer_00803,8,2026-08-02,Basic,low_value,4,45,23,15,50,75,100,67.5,4.0,4.0,0.0,0,0,0,1,0,0,0,25,Low Risk
Customer_00803,8,2026-08-03,Basic,low_value,2,54,0,45,75,100,75,82.5,3.333333333333333,4.0,16.666666666666664,0,0,0,0,1,0,0,20,Low Risk
Customer_00803,8,2026-08-04,Basic,low_value,3,59,2,26,75,100,100,87.5,3.25,3.333333333333333,2.5000000000000044,0,0,0,0,0,0,0,0,Low Risk
Customer_00803,8,2026-08-05,Basic,low_value,1,52,30,33,75,75,75,75.0,2.8,3.25,13.846153846153852,0,0,0,1,0,0,0,25,Low Risk
Customer_00804,8,2026-08-01,Standard,mid_value,7,101,21,39,100,75,75,87.5,7.0,,,1,1,0,1,0,0,0,25,Low Risk
Customer_00804,8,2026-08-02,Standard,mid_value,9,91,15,31,75,75,75,75.0,8.0,7.0,-14.285714285714285,1,1,0,0,0,0,0,0,Low Risk
Customer_00804,8,2026-08-03,Standard,mid_value,6,118,18,39,100,75,75,87.5,7.333333333333333,8.0,8.333333333333337,1,1,0,0,0,0,0,0,Low Risk
Customer_00804,8,2026-08-04,Standard,mid_value,9,110,1,22,100,100,100,100.0,7.75,7.333333333333333,-5.681818181818186,1,1,0,0,0,0,0,0,Low Risk
Customer_00804,8,2026-08-05,Standard,mid_value,14,99,25,11,75,75,100,80.0,9.0,7.75,-16.129032258064516,1,1,0,1,0,0,0,25,Low Risk
Customer_00805,3,2026-08-01,Premium,high_value,21,244,2,46,100,100,75,95.0,21.0,,,0,0,0,0,1,0,0,20,Low Risk
Customer_00805,3,2026-08-02,Premium,high_value,18,206,17,27,100,75,100,92.5,19.5,21.0,7.142857142857142,0,0,0,0,0,0,0,0,Low Risk
Customer_00805,3,2026-08-03,Premium,high_value,11,190,21,29,100,75,100,92.5,16.666666666666668,19.5,14.529914529914524,0,0,0,1,0,0,0,25,Low Risk
Customer_00805,3,2026-08-04,Premium,high_value,12,178,29,40,100,75,75,87.5,15.5,16.666666666666668,7.000000000000006,0,0,0,1,0,0,0,25,Low Risk
Customer_00805,3,2026-08-05,Premium,high_value,19,172,10,27,100,100,100,100.0,16.2,15.5,-4.5161290322580605,0,0,0,0,0,0,0,0,Low Risk
Customer_00806,2,2026-08-01,Basic,low_value,2,54,7,18,75,100,100,87.5,2.0,,,1,1,0,0,0,0,0,0,Low Risk
Customer_00806,2,2026-08-02,Basic,low_value,2,52,8,12,75,100,100,87.5,2.0,2.0,0.0,1,1,0,0,0,0,0,0,Low Risk
Customer_00806,2,2026-08-03,Basic,low_value,3,54,26,39,75,75,75,75.0,2.333333333333333,2.0,-16.666666666666675,1,1,0,1,0,0,0,25,Low Risk
Customer_00806,2,2026-08-04,Basic,low_value,3,51,8,32,75,100,75,82.5,2.5,2.333333333333333,-7.142857142857135,1,1,0,0,0,0,0,0,Low Risk
Customer_00806,2,2026-08-05,Basic,low_value,2,49,6,21,50,100,100,75.0,2.4,2.5,4.000000000000004,1,1,0,0,0,0,0,0,Low Risk
Customer_00807,1,2026-08-01,Premium,high_value,21,171,23,44,100,75,75,87.5,21.0,,,1,1,0,1,1,0,0,45,Medium Risk
Customer_00807,1,2026-08-02,Premium,high_value,24,177,13,13,100,75,100,92.5,22.5,21.0,-7.142857142857142,1,1,0,0,0,0,0,0,Low Risk
Customer_00807,1,2026-08-03,Premium,high_value,12,163,8,14,100,100,100,100.0,19.0,22.5,15.555555555555555,1,1,0,0,0,0,0,0,Low Risk
Customer_00807,1,2026-08-04,Premium,high_value,11,211,10,43,100,100,75,95.0,17.0,19.0,10.526315789473683,1,1,0,0,1,0,0,20,Low Risk
Customer_00807,1,2026-08-05,Premium,high_value,18,203,10,35,100,100,75,95.0,17.2,17.0,-1.17647058823529,1,1,0,0,0,0,0,0,Low Risk
Customer_00808,4,2026-08-01,Standard,mid_value,9,82,18,47,75,75,75,75.0,9.0,,,1,1,0,0,1,0,0,20,Low Risk
Customer_00808,4,2026-08-02,Standard,mid_value,14,87,29,31,75,75,75,75.0,11.5,9.0,-27.77777777777778,1,1,0,1,0,0,0,25,Low Risk
Customer_00808,4,2026-08-03,Standard,mid_value,14,82,4,11,75,100,100,87.5,12.333333333333334,11.5,-7.246376811594208,1,1,0,0,0,0,0,0,Low Risk
Customer_00808,4,2026-08-04,Standard,mid_value,10,92,28,38,75,75,75,75.0,11.75,12.333333333333334,4.729729729729734,1,1,0,1,0,0,0,25,Low Risk
Customer_00808,4,2026-08-05,Standard,mid_value,8,104,14,31,100,75,75,87.5,11.0,11.75,6.382978723404255,1,1,0,0,0,0,0,0,Low Risk
Customer_00809,4,2026-08-01,Premium,high_value,16,176,6,26,100,100,100,100.0,16.0,,,1,1,0,0,0,0,0,0,Low Risk
Customer_00809,4,2026-08-02,Premium,high_value,14,178,22,41,100,75,75,87.5,15.0,16.0,6.25,1,1,0,1,1,0,0,45,Medium Risk
Customer_00809,4,2026-08-03,Premium,high_value,20,248,30,48,100,75,75,87.5,16.666666666666668,15.0,-11.11111111111112,1,1,0,1,1,0,0,45,Medium Risk
Customer_00809,4,2026-08-04,Premium,high_value,20,207,20,36,100,75,75,87.5,17.5,16.666666666666668,-4.999999999999993,1,1,0,0,0,0,0,0,Low Risk
Customer_00809,4,2026-08-05,Premium,high_value,12,176,13,39,100,75,75,87.5,16.4,17.5,6.285714285714295,1,1,0,0,0,0,0,0,Low Risk
Customer_00810,3,2026-08-01,Standard,mid_value,7,92,3,27,75,100,100,87.5,7.0,,,1,1,0,0,0,0,0,0,Low Risk
Customer_00810,3,2026-08-02,Standard,mid_value,5,85,4,44,75,100,75,82.5,6.0,7.0,14.285714285714285,1,1,0,0,1,0,0,20,Low Risk
Customer_00810,3,2026-08-03,Standard,mid_value,15,82,19,39,75,75,75,75.0,9.0,6.0,-50.0,1,1,0,0,0,0,0,0,Low Risk
Customer_00810,3,2026-08-04,Standard,mid_value,5,94,21,28,75,75,100,80.0,8.0,9.0,11.11111111111111,1,1,0,1,0,0,0,25,Low Risk
Customer_00810,3,2026-08-05,Standard,mid_value,7,115,16,27,100,75,100,92.5,7.8,8.0,2.500000000000002,1,1,0,0,0,0,0,0,Low Risk
Customer_00811,8,2026-08-01,Standard,mid_value,11,115,26,33,100,75,75,87.5,11.0,,,0,0,0,1,0,0,0,25,Low Risk
Customer_00811,8,2026-08-02,Standard,mid_value,13,119,24,30,100,75,100,92.5,12.0,11.0,-9.090909090909092,0,0,0,1,0,0,0,25,Low Risk
Customer_00811,8,2026-08-03,Standard,mid_value,8,116,7,26,100,100,100,100.0,10.666666666666666,12.0,11.111111111111116,0,0,0,0,0,0,0,0,Low Risk
Customer_00811,8,2026-08-04,Standard,mid_value,9,106,3,24,100,100,100,100.0,10.25,10.666666666666666,3.9062499999999942,0,0,0,0,0,0,0,0,Low Risk
Customer_00811,8,2026-08-05,Standard,mid_value,11,105,17,41,100,75,75,87.5,10.4,10.25,-1.4634146341463448,0,0,0,0,1,0,0,20,Low Risk
Customer_00812,1,2026-08-01,Premium,high_value,15,161,23,36,100,75,75,87.5,15.0,,,0,0,0,1,0,0,0,25,Low Risk
Customer_00812,1,2026-08-02,Premium,high_value,22,157,17,24,100,75,100,92.5,18.5,15.0,-23.33333333333333,0,0,0,0,0,0,0,0,Low Risk
Customer_00812,1,2026-08-03,Premium,high_value,18,158,1,18,100,100,100,100.0,18.33333333333333,18.5,0.9009009009009074,0,0,0,0,0,0,0,0,Low Risk
Customer_00812,1,2026-08-04,Premium,high_value,12,195,29,36,100,75,75,87.5,16.75,18.33333333333333,8.636363636363631,0,0,0,1,0,0,0,25,Low Risk
Customer_00812,1,2026-08-05,Premium,high_value,19,182,11,43,100,75,75,87.5,17.2,16.75,-2.6865671641791,0,0,0,0,1,0,0,20,Low Risk
Customer_00813,8,2026-08-01,Basic,low_value,3,42,27,20,50,75,100,67.5,3.0,,,1,1,0,1,0,0,0,25,Low Risk
Customer_00813,8,2026-08-02,Basic,low_value,2,44,29,26,50,75,100,67.5,2.5,3.0,16.666666666666664,1,1,0,1,0,0,0,25,Low Risk
Customer_00813,8,2026-08-03,Basic,low_value,3,45,6,26,50,100,100,75.0,2.6666666666666665,2.5,-6.666666666666661,1,1,0,0,0,0,0,0,Low Risk
Customer_00813,8,2026-08-04,Basic,low_value,3,45,13,22,50,75,100,67.5,2.75,2.6666666666666665,-3.1250000000000053,1,1,0,0,0,0,0,0,Low Risk
Customer_00813,8,2026-08-05,Basic,low_value,4,55,8,16,75,100,100,87.5,3.0,2.75,-9.090909090909092,1,1,0,0,0,0,0,0,Low Risk
Customer_00814,5,2026-08-01,Premium,high_value,21,196,19,41,100,75,75,87.5,21.0,,,1,1,0,0,1,0,0,20,Low Risk
Customer_00814,5,2026-08-02,Premium,high_value,16,178,25,30,100,75,100,92.5,18.5,21.0,11.904761904761903,1,1,0,1,0,0,0,25,Low Risk
Customer_00814,5,2026-08-03,Premium,high_value,15,178,13,41,100,75,75,87.5,17.333333333333332,18.5,6.306306306306313,1,1,0,0,1,0,0,20,Low Risk
Customer_00814,5,2026-08-04,Premium,high_value,21,154,25,35,100,75,75,87.5,18.25,17.333333333333332,-5.288461538461545,1,1,0,1,0,0,0,25,Low Risk
Customer_00814,5,2026-08-05,Premium,high_value,11,241,7,19,100,100,100,100.0,16.8,18.25,7.945205479452051,1,1,0,0,0,0,0,0,Low Risk
Customer_00815,2,2026-08-01,Premium,high_value,14,238,20,40,100,75,75,87.5,14.0,,,0,0,0,0,0,0,0,0,Low Risk
Customer_00815,2,2026-08-02,Premium,high_value,10,246,21,17,100,75,100,92.5,12.0,14.0,14.285714285714285,0,0,0,1,0,0,0,25,Low Risk
Customer_00815,2,2026-08-03,Premium,high_value,24,163,20,46,100,75,75,87.5,16.0,12.0,-33.33333333333333,0,0,0,0,1,0,0,20,Low Risk
Customer_00815,2,2026-08-04,Premium,high_value,21,159,15,23,100,75,100,92.5,17.25,16.0,-7.8125,0,0,0,0,0,0,0,0,Low Risk
Customer_00815,2,2026-08-05,Premium,high_value,16,244,6,15,100,100,100,100.0,17.0,17.25,1.4492753623188406,0,0,0,0,0,0,0,0,Low Risk
Customer_00816,10,2026-08-01,Standard,mid_value,11,101,26,10,100,75,100,92.5,11.0,,,1,1,0,1,0,0,0,25,Low Risk
Customer_00816,10,2026-08-02,Standard,mid_value,15,110,16,19,100,75,100,92.5,13.0,11.0,-18.181818181818183,1,1,0,0,0,0,0,0,Low Risk
Customer_00816,10,2026-08-03,Standard,mid_value,6,97,13,20,75,75,100,80.0,10.666666666666666,13.0,17.948717948717956,1,1,0,0,0,0,0,0,Low Risk
Customer_00816,10,2026-08-04,Standard,mid_value,13,104,5,38,100,100,75,95.0,11.25,10.666666666666666,-5.468750000000005,1,1,0,0,0,0,0,0,Low Risk
Customer_00816,10,2026-08-05,Standard,mid_value,13,88,25,43,75,75,75,75.0,11.6,11.25,-3.111111111111108,1,1,0,1,1,0,0,45,Medium Risk
Customer_00817,4,2026-08-01,Premium,high_value,18,191,1,40,100,100,75,95.0,18.0,,,0,0,0,0,0,0,0,0,Low Risk
Customer_00817,4,2026-08-02,Premium,high_value,23,199,11,39,100,75,75,87.5,20.5,18.0,-13.88888888888889,0,0,0,0,0,0,0,0,Low Risk
Customer_00817,4,2026-08-03,Premium,high_value,24,176,18,36,100,75,75,87.5,21.666666666666668,20.5,-5.691056910569111,0,0,0,0,0,0,0,0,Low Risk
Customer_00817,4,2026-08-04,Premium,high_value,14,225,28,19,100,75,100,92.5,19.75,21.666666666666668,8.84615384615385,0,0,0,1,0,0,0,25,Low Risk
Customer_00817,4,2026-08-05,Premium,high_value,21,240,12,25,100,75,100,92.5,20.0,19.75,-1.2658227848101269,0,0,0,0,0,0,0,0,Low Risk
Customer_00818,4,2026-08-01,Basic,low_value,2,48,8,49,50,100,75,70.0,2.0,,,0,0,0,0,1,0,0,20,Low Risk
Customer_00818,4,2026-08-02,Basic,low_value,4,43,10,44,50,100,75,70.0,3.0,2.0,-50.0,0,0,0,0,1,0,0,20,Low Risk
Customer_00818,4,2026-08-03,Basic,low_value,4,42,27,12,50,75,100,67.5,3.333333333333333,3.0,-11.111111111111116,0,0,0,1,0,0,0,25,Low Risk
Customer_00818,4,2026-08-04,Basic,low_value,5,46,29,15,50,75,100,67.5,3.75,3.333333333333333,-12.499999999999996,0,0,0,1,0,0,0,25,Low Risk
Customer_00818,4,2026-08-05,Basic,low_value,4,45,30,24,50,75,100,67.5,3.8,3.75,-1.3333333333333286,0,0,0,1,0,0,0,25,Low Risk
Customer_00819,5,2026-08-01,Standard,mid_value,15,85,26,20,75,75,100,80.0,15.0,,,1,1,0,1,0,0,0,25,Low Risk
Customer_00819,5,2026-08-02,Standard,mid_value,7,118,6,49,100,100,75,95.0,11.0,15.0,26.666666666666668,1,1,0,0,1,0,0,20,Low Risk
Customer_00819,5,2026-08-03,Standard,mid_value,10,115,13,45,100,75,75,87.5,10.666666666666666,11.0,3.030303030303036,1,1,0,0,1,0,0,20,Low Risk
Customer_00819,5,2026-08-04,Standard,mid_value,14,120,17,44,100,75,75,87.5,11.5,10.666666666666666,-7.812500000000005,1,1,0,0,1,0,0,20,Low Risk
Customer_00819,5,2026-08-05,Standard,mid_value,11,95,30,15,75,75,100,80.0,11.4,11.5,0.8695652173913012,1,1,0,1,0,0,0,25,Low Risk
Customer_00820,4,2026-08-01,Premium,high_value,24,167,25,38,100,75,75,87.5,24.0,,,0,0,0,1,0,0,0,25,Low Risk
Customer_00820,4,2026-08-02,Premium,high_value,11,157,5,27,100,100,100,100.0,17.5,24.0,27.08333333333333,0,0,0,0,0,0,0,0,Low Risk
Customer_00820,4,2026-08-03,Premium,high_value,14,231,11,14,100,75,100,92.5,16.333333333333332,17.5,6.666666666666673,0,0,0,0,0,0,0,0,Low Risk
Customer_00820,4,2026-08-04,Premium,high_value,20,247,2,40,100,100,75,95.0,17.25,16.333333333333332,-5.612244897959191,0,0,0,0,0,0,0,0,Low Risk
Customer_00820,4,2026-08-05,Premium,high_value,16,188,5,50,100,100,75,95.0,17.0,17.25,1.4492753623188406,0,0,0,0,1,0,0,20,Low Risk
Customer_00821,7,2026-08-01,Premium,high_value,15,157,12,36,100,75,75,87.5,15.0,,,0,0,0,0,0,0,0,0,Low Risk
Customer_00821,7,2026-08-02,Premium,high_value,18,179,7,16,100,100,100,100.0,16.5,15.0,-10.0,0,0,0,0,0,0,0,0,Low Risk
Customer_00821,7,2026-08-03,Premium,high_value,25,218,22,30,100,75,100,92.5,19.33333333333333,16.5,-17.171717171717166,0,0,0,1,0,0,0,25,Low Risk
Customer_00821,7,2026-08-04,Premium,high_value,22,215,17,22,100,75,100,92.5,20.0,19.33333333333333,-3.4482758620689715,0,0,0,0,0,0,0,0,Low Risk
Customer_00821,7,2026-08-05,Premium,high_value,17,248,28,32,100,75,75,87.5,19.4,20.0,3.000000000000007,0,0,0,1,0,0,0,25,Low Risk
Customer_00822,5,2026-08-01,Basic,low_value,2,41,8,46,50,100,75,70.0,2.0,,,0,0,0,0,1,0,0,20,Low Risk
Customer_00822,5,2026-08-02,Basic,low_value,3,45,0,42,50,100,75,70.0,2.5,2.0,-25.0,0,0,0,0,1,0,0,20,Low Risk
Customer_00822,5,2026-08-03,Basic,low_value,2,42,8,23,50,100,100,75.0,2.333333333333333,2.5,6.666666666666661,0,0,0,0,0,0,0,0,Low Risk
Customer_00822,5,2026-08-04,Basic,low_value,2,53,10,38,75,100,75,82.5,2.25,2.333333333333333,3.5714285714285774,0,0,0,0,0,0,0,0,Low Risk
Customer_00822,5,2026-08-05,Basic,low_value,1,53,4,42,75,100,75,82.5,2.0,2.25,11.11111111111111,0,0,0,0,1,0,0,20,Low Risk
Customer_00823,1,2026-08-01,Premium,high_value,19,193,5,25,100,100,100,100.0,19.0,,,1,1,0,0,0,0,0,0,Low Risk
Customer_00823,1,2026-08-02,Premium,high_value,18,172,19,40,100,75,75,87.5,18.5,19.0,2.631578947368421,1,1,0,0,0,0,0,0,Low Risk
Customer_00823,1,2026-08-03,Premium,high_value,16,209,2,34,100,100,75,95.0,17.666666666666668,18.5,4.5045045045044985,1,1,0,0,0,0,0,0,Low Risk
Customer_00823,1,2026-08-04,Premium,high_value,11,243,23,18,100,75,100,92.5,16.0,17.666666666666668,9.43396226415095,1,1,0,1,0,0,0,25,Low Risk
Customer_00823,1,2026-08-05,Premium,high_value,24,169,2,49,100,100,75,95.0,17.6,16.0,-10.000000000000009,1,1,0,0,1,0,0,20,Low Risk
Customer_00824,1,2026-08-01,Premium,high_value,20,206,27,37,100,75,75,87.5,20.0,,,0,0,0,1,0,0,0,25,Low Risk
Customer_00824,1,2026-08-02,Premium,high_value,22,216,15,16,100,75,100,92.5,21.0,20.0,-5.0,0,0,0,0,0,0,0,0,Low Risk
Customer_00824,1,2026-08-03,Premium,high_value,21,175,6,43,100,100,75,95.0,21.0,21.0,0.0,0,0,0,0,1,0,0,20,Low Risk
Customer_00824,1,2026-08-04,Premium,high_value,21,184,8,35,100,100,75,95.0,21.0,21.0,0.0,0,0,0,0,0,0,0,0,Low Risk
Customer_00824,1,2026-08-05,Premium,high_value,23,190,16,42,100,75,75,87.5,21.4,21.0,-1.904761904761898,0,0,0,0,1,0,0,20,Low Risk
Customer_00825,9,2026-08-01,Standard,mid_value,7,85,18,31,75,75,75,75.0,7.0,,,0,0,0,0,0,0,0,0,Low Risk
Customer_00825,9,2026-08-02,Standard,mid_value,8,104,19,22,100,75,100,92.5,7.5,7.0,-7.142857142857142,0,0,0,0,0,0,0,0,Low Risk
Customer_00825,9,2026-08-03,Standard,mid_value,14,102,10,28,100,100,100,100.0,9.666666666666666,7.5,-28.88888888888888,0,0,0,0,0,0,0,0,Low Risk
Customer_00825,9,2026-08-04,Standard,mid_value,12,113,18,37,100,75,75,87.5,10.25,9.666666666666666,-6.034482758620696,0,0,0,0,0,0,0,0,Low Risk
Customer_00825,9,2026-08-05,Standard,mid_value,12,83,8,30,75,100,100,87.5,10.6,10.25,-3.41463414634146,0,0,0,0,0,0,0,0,Low Risk
Customer_00826,4,2026-08-01,Basic,low_value,5,48,24,21,50,75,100,67.5,5.0,,,1,1,0,1,0,0,0,25,Low Risk
Customer_00826,4,2026-08-02,Basic,low_value,2,58,10,42,75,100,75,82.5,3.5,5.0,30.0,1,1,1,0,1,0,0,50,Medium Risk
Customer_00826,4,2026-08-03,Basic,low_value,3,53,8,47,75,100,75,82.5,3.333333333333333,3.5,4.761904761904757,1,1,0,0,1,0,0,20,Low Risk
Customer_00826,4,2026-08-04,Basic,low_value,3,43,6,23,50,100,100,75.0,3.25,3.333333333333333,2.5000000000000044,1,1,0,0,0,0,0,0,Low Risk
Customer_00826,4,2026-08-05,Basic,low_value,4,55,29,14,75,75,100,80.0,3.4,3.25,-4.615384615384613,1,1,0,1,0,0,0,25,Low Risk
Customer_00827,1,2026-08-01,Basic,low_value,2,54,23,22,75,75,100,80.0,2.0,,,1,1,0,1,0,0,0,25,Low Risk
Customer_00827,1,2026-08-02,Basic,low_value,1,55,11,41,75,75,75,75.0,1.5,2.0,25.0,1,1,0,0,1,0,0,20,Low Risk
Customer_00827,1,2026-08-03,Basic,low_value,4,54,26,31,75,75,75,75.0,2.333333333333333,1.5,-55.55555555555557,1,1,0,1,0,0,0,25,Low Risk
Customer_00827,1,2026-08-04,Basic,low_value,4,54,5,33,75,100,75,82.5,2.75,2.333333333333333,-17.85714285714285,1,1,0,0,0,0,0,0,Low Risk
Customer_00827,1,2026-08-05,Basic,low_value,1,59,20,13,75,75,100,80.0,2.4,2.75,12.727272727272732,1,1,0,0,0,0,0,0,Low Risk
Customer_00828,2,2026-08-01,Standard,mid_value,8,99,16,43,75,75,75,75.0,8.0,,,1,1,0,0,1,0,0,20,Low Risk
Customer_00828,2,2026-08-02,Standard,mid_value,8,119,2,50,100,100,75,95.0,8.0,8.0,0.0,1,1,0,0,1,0,0,20,Low Risk
Customer_00828,2,2026-08-03,Standard,mid_value,10,106,29,16,100,75,100,92.5,8.666666666666666,8.0,-8.333333333333325,1,1,0,1,0,0,0,25,Low Risk
Customer_00828,2,2026-08-04,Standard,mid_value,8,102,23,45,100,75,75,87.5,8.5,8.666666666666666,1.923076923076916,1,1,0,1,1,0,0,45,Medium Risk
Customer_00828,2,2026-08-05,Standard,mid_value,8,100,8,44,100,100,75,95.0,8.4,8.5,1.17647058823529,1,1,0,0,1,0,0,20,Low Risk
Customer_00829,2,2026-08-01,Standard,mid_value,10,94,13,15,75,75,100,80.0,10.0,,,1,1,0,0,0,0,0,0,Low Risk
Customer_00829,2,2026-08-02,Standard,mid_value,12,108,29,33,100,75,75,87.5,11.0,10.0,-10.0,1,1,0,1,0,0,0,25,Low Risk
Customer_00829,2,2026-08-03,Standard,mid_value,7,97,4,19,75,100,100,87.5,9.666666666666666,11.0,12.121212121212126,1,1,0,0,0,0,0,0,Low Risk
Customer_00829,2,2026-08-04,Standard,mid_value,7,118,22,46,100,75,75,87.5,9.0,9.666666666666666,6.896551724137925,1,1,0,1,1,0,0,45,Medium Risk
Customer_00829,2,2026-08-05,Standard,mid_value,14,85,17,47,75,75,75,75.0,10.0,9.0,-11.11111111111111,1,1,0,0,1,0,0,20,Low Risk
Customer_00830,1,2026-08-01,Premium,high_value,17,223,25,20,100,75,100,92.5,17.0,,,1,1,0,1,0,0,0,25,Low Risk
Customer_00830,1,2026-08-02,Premium,high_value,22,168,4,31,100,100,75,95.0,19.5,17.0,-14.705882352941178,1,1,0,0,0,0,0,0,Low Risk
Customer_00830,1,2026-08-03,Premium,high_value,15,189,19,25,100,75,100,92.5,18.0,19.5,7.6923076923076925,1,1,0,0,0,0,0,0,Low Risk
Customer_00830,1,2026-08-04,Premium,high_value,18,154,2,23,100,100,100,100.0,18.0,18.0,0.0,1,1,0,0,0,0,0,0,Low Risk
Customer_00830,1,2026-08-05,Premium,high_value,21,182,19,14,100,75,100,92.5,18.6,18.0,-3.333333333333341,1,1,0,0,0,0,0,0,Low Risk
Customer_00831,4,2026-08-01,Premium,high_value,13,195,0,20,100,100,100,100.0,13.0,,,1,1,0,0,0,0,0,0,Low Risk
Customer_00831,4,2026-08-02,Premium,high_value,24,246,28,48,100,75,75,87.5,18.5,13.0,-42.30769230769231,1,1,0,1,1,0,0,45,Medium Risk
Customer_00831,4,2026-08-03,Premium,high_value,14,241,12,36,100,75,75,87.5,17.0,18.5,8.108108108108109,1,1,0,0,0,0,0,0,Low Risk
Customer_00831,4,2026-08-04,Premium,high_value,11,160,8,16,100,100,100,100.0,15.5,17.0,8.823529411764707,1,1,0,0,0,0,0,0,Low Risk
Customer_00831,4,2026-08-05,Premium,high_value,22,205,6,16,100,100,100,100.0,16.8,15.5,-8.387096774193553,1,1,0,0,0,0,0,0,Low Risk
Customer_00832,1,2026-08-01,Premium,high_value,12,182,20,13,100,75,100,92.5,12.0,,,1,1,0,0,0,0,0,0,Low Risk
Customer_00832,1,2026-08-02,Premium,high_value,20,188,1,48,100,100,75,95.0,16.0,12.0,-33.33333333333333,1,1,0,0,1,0,0,20,Low Risk
Customer_00832,1,2026-08-03,Premium,high_value,22,187,17,44,100,75,75,87.5,18.0,16.0,-12.5,1,1,0,0,1,0,0,20,Low Risk
Customer_00832,1,2026-08-04,Premium,high_value,12,179,19,25,100,75,100,92.5,16.5,18.0,8.333333333333332,1,1,0,0,0,0,0,0,Low Risk
Customer_00832,1,2026-08-05,Premium,high_value,20,160,1,33,100,100,75,95.0,17.2,16.5,-4.242424242424238,1,1,0,0,0,0,0,0,Low Risk
Customer_00833,3,2026-08-01,Premium,high_value,15,206,1,31,100,100,75,95.0,15.0,,,0,0,0,0,0,0,0,0,Low Risk
Customer_00833,3,2026-08-02,Premium,high_value,23,163,1,14,100,100,100,100.0,19.0,15.0,-26.666666666666668,0,0,0,0,0,0,0,0,Low Risk
Customer_00833,3,2026-08-03,Premium,high_value,12,237,1,32,100,100,75,95.0,16.666666666666668,19.0,12.28070175438596,0,0,0,0,0,0,0,0,Low Risk
Customer_00833,3,2026-08-04,Premium,high_value,25,156,25,15,100,75,100,92.5,18.75,16.666666666666668,-12.499999999999991,0,0,0,1,0,0,0,25,Low Risk
Customer_00833,3,2026-08-05,Premium,high_value,13,200,16,22,100,75,100,92.5,17.6,18.75,6.133333333333326,0,0,0,0,0,0,0,0,Low Risk
Customer_00834,3,2026-08-01,Premium,high_value,20,205,22,31,100,75,75,87.5,20.0,,,1,1,0,1,0,0,0,25,Low Risk
Customer_00834,3,2026-08-02,Premium,high_value,21,248,16,18,100,75,100,92.5,20.5,20.0,-2.5,1,1,0,0,0,0,0,0,Low Risk
Customer_00834,3,2026-08-03,Premium,high_value,15,209,26,36,100,75,75,87.5,18.666666666666668,20.5,8.943089430894304,1,1,0,1,0,0,0,25,Low Risk
Customer_00834,3,2026-08-04,Premium,high_value,15,175,26,34,100,75,75,87.5,17.75,18.666666666666668,4.910714285714292,1,1,0,1,0,0,0,25,Low Risk
Customer_00834,3,2026-08-05,Premium,high_value,17,184,23,21,100,75,100,92.5,17.6,17.75,0.8450704225352033,1,1,0,1,0,0,0,25,Low Risk
Customer_00835,7,2026-08-01,Premium,high_value,20,207,16,37,100,75,75,87.5,20.0,,,0,0,0,0,0,0,0,0,Low Risk
Customer_00835,7,2026-08-02,Premium,high_value,12,230,12,25,100,75,100,92.5,16.0,20.0,20.0,0,0,0,0,0,0,0,0,Low Risk
Customer_00835,7,2026-08-03,Premium,high_value,23,222,11,45,100,75,75,87.5,18.33333333333333,16.0,-14.583333333333323,0,0,0,0,1,0,0,20,Low Risk
Customer_00835,7,2026-08-04,Premium,high_value,25,199,19,47,100,75,75,87.5,20.0,18.33333333333333,-9.0909090909091,0,0,0,0,1,0,0,20,Low Risk
Customer_00835,7,2026-08-05,Premium,high_value,14,211,25,25,100,75,100,92.5,18.8,20.0,5.9999999999999964,0,0,0,1,0,0,0,25,Low Risk
Customer_00836,7,2026-08-01,Premium,high_value,20,157,30,21,100,75,100,92.5,20.0,,,0,0,0,1,0,0,0,25,Low Risk
Customer_00836,7,2026-08-02,Premium,high_value,19,165,15,28,100,75,100,92.5,19.5,20.0,2.5,0,0,0,0,0,0,0,0,Low Risk
Customer_00836,7,2026-08-03,Premium,high_value,24,230,1,18,100,100,100,100.0,21.0,19.5,-7.6923076923076925,0,0,0,0,0,0,0,0,Low Risk
Customer_00836,7,2026-08-04,Premium,high_value,21,238,16,39,100,75,75,87.5,21.0,21.0,0.0,0,0,0,0,0,0,0,0,Low Risk
Customer_00836,7,2026-08-05,Premium,high_value,21,209,21,36,100,75,75,87.5,21.0,21.0,0.0,0,0,0,1,0,0,0,25,Low Risk
Customer_00837,2,2026-08-01,Premium,high_value,18,155,29,25,100,75,100,92.5,18.0,,,1,1,0,1,0,0,0,25,Low Risk
Customer_00837,2,2026-08-02,Premium,high_value,25,170,30,25,100,75,100,92.5,21.5,18.0,-19.444444444444446,1,1,0,1,0,0,0,25,Low Risk
Customer_00837,2,2026-08-03,Premium,high_value,17,218,19,34,100,75,75,87.5,20.0,21.5,6.976744186046512,1,1,0,0,0,0,0,0,Low Risk
Customer_00837,2,2026-08-04,Premium,high_value,22,211,17,20,100,75,100,92.5,20.5,20.0,-2.5,1,1,0,0,0,0,0,0,Low Risk
Customer_00837,2,2026-08-05,Premium,high_value,17,249,6,24,100,100,100,100.0,19.8,20.5,3.41463414634146,1,1,0,0,0,0,0,0,Low Risk
Customer_00838,8,2026-08-01,Premium,high_value,14,210,22,21,100,75,100,92.5,14.0,,,1,1,0,1,0,0,0,25,Low Risk
Customer_00838,8,2026-08-02,Premium,high_value,21,205,7,10,100,100,100,100.0,17.5,14.0,-25.0,1,1,0,0,0,0,0,0,Low Risk
Customer_00838,8,2026-08-03,Premium,high_value,24,245,24,25,100,75,100,92.5,19.666666666666668,17.5,-12.380952380952388,1,1,0,1,0,0,0,25,Low Risk
Customer_00838,8,2026-08-04,Premium,high_value,23,228,8,45,100,100,75,95.0,20.5,19.666666666666668,-4.2372881355932135,1,1,0,0,1,0,0,20,Low Risk
Customer_00838,8,2026-08-05,Premium,high_value,20,212,13,44,100,75,75,87.5,20.4,20.5,0.4878048780487874,1,1,0,0,1,0,0,20,Low Risk
Customer_00839,5,2026-08-01,Premium,high_value,22,242,20,39,100,75,75,87.5,22.0,,,1,1,0,0,0,0,0,0,Low Risk
Customer_00839,5,2026-08-02,Premium,high_value,16,186,14,48,100,75,75,87.5,19.0,22.0,13.636363636363637,1,1,0,0,1,0,0,20,Low Risk
Customer_00839,5,2026-08-03,Premium,high_value,18,218,9,36,100,100,75,95.0,18.666666666666668,19.0,1.7543859649122744,1,1,0,0,0,0,0,0,Low Risk
Customer_00839,5,2026-08-04,Premium,high_value,12,218,8,49,100,100,75,95.0,17.0,18.666666666666668,8.928571428571434,1,1,0,0,1,0,0,20,Low Risk
Customer_00839,5,2026-08-05,Premium,high_value,19,191,4,19,100,100,100,100.0,17.4,17.0,-2.35294117647058,1,1,0,0,0,0,0,0,Low Risk
Customer_00840,9,2026-08-01,Standard,mid_value,7,80,8,13,75,100,100,87.5,7.0,,,1,1,0,0,0,0,0,0,Low Risk
Customer_00840,9,2026-08-02,Standard,mid_value,12,110,29,24,100,75,100,92.5,9.5,7.0,-35.714285714285715,1,1,0,1,0,0,0,25,Low Risk
Customer_00840,9,2026-08-03,Standard,mid_value,7,98,5,48,75,100,75,82.5,8.666666666666666,9.5,8.77192982456141,1,1,0,0,1,0,0,20,Low Risk
Customer_00840,9,2026-08-04,Standard,mid_value,14,102,27,47,100,75,75,87.5,10.0,8.666666666666666,-15.384615384615394,1,1,0,1,1,0,0,45,Medium Risk
Customer_00840,9,2026-08-05,Standard,mid_value,5,86,11,42,75,75,75,75.0,9.0,10.0,10.0,1,1,0,0,1,0,0,20,Low Risk
Customer_00841,7,2026-08-01,Premium,high_value,20,181,11,20,100,75,100,92.5,20.0,,,1,1,0,0,0,0,0,0,Low Risk
Customer_00841,7,2026-08-02,Premium,high_value,23,166,24,43,100,75,75,87.5,21.5,20.0,-7.5,1,1,0,1,1,0,0,45,Medium Risk
Customer_00841,7,2026-08-03,Premium,high_value,15,172,16,35,100,75,75,87.5,19.33333333333333,21.5,10.077519379844968,1,1,0,0,0,0,0,0,Low Risk
Customer_00841,7,2026-08-04,Premium,high_value,16,225,21,34,100,75,75,87.5,18.5,19.33333333333333,4.310344827586201,1,1,0,1,0,0,0,25,Low Risk
Customer_00841,7,2026-08-05,Premium,high_value,15,170,3,37,100,100,75,95.0,17.8,18.5,3.78378378378378,1,1,0,0,0,0,0,0,Low Risk
Customer_00842,1,2026-08-01,Premium,high_value,19,152,26,26,100,75,100,92.5,19.0,,,0,0,0,1,0,0,0,25,Low Risk
Customer_00842,1,2026-08-02,Premium,high_value,13,172,13,27,100,75,100,92.5,16.0,19.0,15.789473684210526,0,0,0,0,0,0,0,0,Low Risk
Customer_00842,1,2026-08-03,Premium,high_value,19,185,5,21,100,100,100,100.0,17.0,16.0,-6.25,0,0,0,0,0,0,0,0,Low Risk
Customer_00842,1,2026-08-04,Premium,high_value,11,152,8,47,100,100,75,95.0,15.5,17.0,8.823529411764707,0,0,0,0,1,0,0,20,Low Risk
Customer_00842,1,2026-08-05,Premium,high_value,16,150,0,19,100,100,100,100.0,15.6,15.5,-0.6451612903225784,0,0,0,0,0,0,0,0,Low Risk
Customer_00843,6,2026-08-01,Premium,high_value,25,233,17,34,100,75,75,87.5,25.0,,,1,1,0,0,0,0,0,0,Low Risk
Customer_00843,6,2026-08-02,Premium,high_value,19,175,24,47,100,75,75,87.5,22.0,25.0,12.0,1,1,0,1,1,0,0,45,Medium Risk
Customer_00843,6,2026-08-03,Premium,high_value,13,236,15,34,100,75,75,87.5,19.0,22.0,13.636363636363637,1,1,0,0,0,0,0,0,Low Risk
Customer_00843,6,2026-08-04,Premium,high_value,11,177,25,25,100,75,100,92.5,17.0,19.0,10.526315789473683,1,1,0,1,0,0,0,25,Low Risk
Customer_00843,6,2026-08-05,Premium,high_value,21,154,3,25,100,100,100,100.0,17.8,17.0,-4.70588235294118,1,1,0,0,0,0,0,0,Low Risk
Customer_00844,10,2026-08-01,Premium,high_value,23,197,1,41,100,100,75,95.0,23.0,,,1,1,0,0,1,0,0,20,Low Risk
Customer_00844,10,2026-08-02,Premium,high_value,19,155,9,39,100,100,75,95.0,21.0,23.0,8.695652173913043,1,1,0,0,0,0,0,0,Low Risk
Customer_00844,10,2026-08-03,Premium,high_value,15,153,17,50,100,75,75,87.5,19.0,21.0,9.523809523809524,1,1,0,0,1,0,0,20,Low Risk
Customer_00844,10,2026-08-04,Premium,high_value,22,154,25,10,100,75,100,92.5,19.75,19.0,-3.947368421052632,1,1,0,1,0,0,0,25,Low Risk
Customer_00844,10,2026-08-05,Premium,high_value,14,186,13,38,100,75,75,87.5,18.6,19.75,5.822784810126575,1,1,0,0,0,0,0,0,Low Risk
Customer_00845,2,2026-08-01,Standard,mid_value,11,81,15,26,75,75,100,80.0,11.0,,,1,1,0,0,0,0,0,0,Low Risk
Customer_00845,2,2026-08-02,Standard,mid_value,7,116,13,10,100,75,100,92.5,9.0,11.0,18.181818181818183,1,1,0,0,0,0,0,0,Low Risk
Customer_00845,2,2026-08-03,Standard,mid_value,7,111,26,16,100,75,100,92.5,8.333333333333334,9.0,7.407407407407401,1,1,0,1,0,0,0,25,Low Risk
Customer_00845,2,2026-08-04,Standard,mid_value,11,110,9,22,100,100,100,100.0,9.0,8.333333333333334,-7.999999999999992,1,1,0,0,0,0,0,0,Low Risk
Customer_00845,2,2026-08-05,Standard,mid_value,11,105,11,12,100,75,100,92.5,9.4,9.0,-4.444444444444448,1,1,0,0,0,0,0,0,Low Risk
Customer_00846,7,2026-08-01,Premium,high_value,14,193,21,23,100,75,100,92.5,14.0,,,0,0,0,1,0,0,0,25,Low Risk
Customer_00846,7,2026-08-02,Premium,high_value,10,237,7,44,100,100,75,95.0,12.0,14.0,14.285714285714285,0,0,0,0,1,0,0,20,Low Risk
Customer_00846,7,2026-08-03,Premium,high_value,10,242,4,16,100,100,100,100.0,11.333333333333334,12.0,5.55555555555555,0,0,0,0,0,0,0,0,Low Risk
Customer_00846,7,2026-08-04,Premium,high_value,19,184,22,43,100,75,75,87.5,13.25,11.333333333333334,-16.911764705882344,0,0,0,1,1,0,0,45,Medium Risk
Customer_00846,7,2026-08-05,Premium,high_value,14,187,1,17,100,100,100,100.0,13.4,13.25,-1.1320754716981158,0,0,0,0,0,0,0,0,Low Risk
Customer_00847,7,2026-08-01,Premium,high_value,13,181,22,47,100,75,75,87.5,13.0,,,1,1,0,1,1,0,0,45,Medium Risk
Customer_00847,7,2026-08-02,Premium,high_value,21,166,14,18,100,75,100,92.5,17.0,13.0,-30.76923076923077,1,1,0,0,0,0,0,0,Low Risk
Customer_00847,7,2026-08-03,Premium,high_value,15,230,19,33,100,75,75,87.5,16.333333333333332,17.0,3.9215686274509873,1,1,0,0,0,0,0,0,Low Risk
Customer_00847,7,2026-08-04,Premium,high_value,12,188,24,27,100,75,100,92.5,15.25,16.333333333333332,6.632653061224484,1,1,0,1,0,0,0,25,Low Risk
Customer_00847,7,2026-08-05,Premium,high_value,16,154,19,46,100,75,75,87.5,15.4,15.25,-0.9836065573770516,1,1,0,0,1,0,0,20,Low Risk
Customer_00848,1,2026-08-01,Premium,high_value,23,163,13,45,100,75,75,87.5,23.0,,,1,1,0,0,1,0,0,20,Low Risk
Customer_00848,1,2026-08-02,Premium,high_value,18,152,18,43,100,75,75,87.5,20.5,23.0,10.869565217391305,1,1,0,0,1,0,0,20,Low Risk
Customer_00848,1,2026-08-03,Premium,high_value,20,181,2,17,100,100,100,100.0,20.33333333333333,20.5,0.8130081300813066,1,1,0,0,0,0,0,0,Low Risk
Customer_00848,1,2026-08-04,Premium,high_value,16,184,1,45,100,100,75,95.0,19.25,20.33333333333333,5.327868852459011,1,1,0,0,1,0,0,20,Low Risk
Customer_00848,1,2026-08-05,Premium,high_value,11,242,9,14,100,100,100,100.0,17.6,19.25,8.571428571428564,1,1,0,0,0,0,0,0,Low Risk
Customer_00849,7,2026-08-01,Premium,high_value,23,202,12,23,100,75,100,92.5,23.0,,,0,0,0,0,0,0,0,0,Low Risk
Customer_00849,7,2026-08-02,Premium,high_value,25,245,7,48,100,100,75,95.0,24.0,23.0,-4.3478260869565215,0,0,0,0,1,0,0,20,Low Risk
Customer_00849,7,2026-08-03,Premium,high_value,15,171,10,42,100,100,75,95.0,21.0,24.0,12.5,0,0,0,0,1,0,0,20,Low Risk
Customer_00849,7,2026-08-04,Premium,high_value,14,153,17,20,100,75,100,92.5,19.25,21.0,8.333333333333332,0,0,0,0,0,0,0,0,Low Risk
Customer_00849,7,2026-08-05,Premium,high_value,13,243,3,33,100,100,75,95.0,18.0,19.25,6.493506493506493,0,0,0,0,0,0,0,0,Low Risk
Customer_00850,4,2026-08-01,Standard,mid_value,10,93,16,22,75,75,100,80.0,10.0,,,1,1,0,0,0,0,0,0,Low Risk
Customer_00850,4,2026-08-02,Standard,mid_value,8,90,14,11,75,75,100,80.0,9.0,10.0,10.0,1,1,0,0,0,0,0,0,Low Risk
Customer_00850,4,2026-08-03,Standard,mid_value,8,103,29,28,100,75,100,92.5,8.666666666666666,9.0,3.7037037037037104,1,1,0,1,0,0,0,25,Low Risk
Customer_00850,4,2026-08-04,Standard,mid_value,10,87,22,22,75,75,100,80.0,9.0,8.666666666666666,-3.846153846153853,1,1,0,1,0,0,0,25,Low Risk
Customer_00850,4,2026-08-05,Standard,mid_value,8,101,12,33,100,75,75,87.5,8.8,9.0,2.2222222222222143,1,1,0,0,0,0,0,0,Low Risk
Customer_00851,5,2026-08-01,Premium,high_value,11,220,18,13,100,75,100,92.5,11.0,,,1,1,0,0,0,0,0,0,Low Risk
Customer_00851,5,2026-08-02,Premium,high_value,16,233,0,48,100,100,75,95.0,13.5,11.0,-22.727272727272727,1,1,0,0,1,0,0,20,Low Risk
Customer_00851,5,2026-08-03,Premium,high_value,14,244,2,11,100,100,100,100.0,13.666666666666666,13.5,-1.2345679012345634,1,1,0,0,0,0,0,0,Low Risk
Customer_00851,5,2026-08-04,Premium,high_value,15,247,22,47,100,75,75,87.5,14.0,13.666666666666666,-2.439024390243907,1,1,0,1,1,0,0,45,Medium Risk
Customer_00851,5,2026-08-05,Premium,high_value,19,172,26,18,100,75,100,92.5,15.0,14.0,-7.142857142857142,1,1,0,1,0,0,0,25,Low Risk
Customer_00852,10,2026-08-01,Premium,high_value,19,152,17,45,100,75,75,87.5,19.0,,,1,1,0,0,1,0,0,20,Low Risk
Customer_00852,10,2026-08-02,Premium,high_value,11,161,7,11,100,100,100,100.0,15.0,19.0,21.052631578947366,1,1,0,0,0,0,0,0,Low Risk
Customer_00852,10,2026-08-03,Premium,high_value,16,181,5,28,100,100,100,100.0,15.333333333333334,15.0,-2.2222222222222263,1,1,0,0,0,0,0,0,Low Risk
Customer_00852,10,2026-08-04,Premium,high_value,13,182,14,29,100,75,100,92.5,14.75,15.333333333333334,3.80434782608696,1,1,0,0,0,0,0,0,Low Risk
Customer_00852,10,2026-08-05,Premium,high_value,22,207,6,32,100,100,75,95.0,16.2,14.75,-9.830508474576266,1,1,0,0,0,0,0,0,Low Risk
Customer_00853,5,2026-08-01,Standard,mid_value,14,91,3,48,75,100,75,82.5,14.0,,,0,0,0,0,1,0,0,20,Low Risk
Customer_00853,5,2026-08-02,Standard,mid_value,12,88,17,31,75,75,75,75.0,13.0,14.0,7.142857142857142,0,0,0,0,0,0,0,0,Low Risk
Customer_00853,5,2026-08-03,Standard,mid_value,13,113,1,42,100,100,75,95.0,13.0,13.0,0.0,0,0,0,0,1,0,0,20,Low Risk
Customer_00853,5,2026-08-04,Standard,mid_value,8,103,21,45,100,75,75,87.5,11.75,13.0,9.615384615384617,0,0,0,1,1,0,0,45,Medium Risk
Customer_00853,5,2026-08-05,Standard,mid_value,11,116,15,22,100,75,100,92.5,11.6,11.75,1.276595744680854,0,0,0,0,0,0,0,0,Low Risk
Customer_00854,3,2026-08-01,Premium,high_value,24,231,10,21,100,100,100,100.0,24.0,,,1,1,0,0,0,0,0,0,Low Risk
Customer_00854,3,2026-08-02,Premium,high_value,16,236,8,15,100,100,100,100.0,20.0,24.0,16.666666666666664,1,1,0,0,0,0,0,0,Low Risk
Customer_00854,3,2026-08-03,Premium,high_value,15,240,30,40,100,75,75,87.5,18.33333333333333,20.0,8.33333333333334,1,1,0,1,0,0,0,25,Low Risk
Customer_00854,3,2026-08-04,Premium,high_value,14,243,17,25,100,75,100,92.5,17.25,18.33333333333333,5.909090909090903,1,1,0,0,0,0,0,0,Low Risk
Customer_00854,3,2026-08-05,Premium,high_value,11,154,21,42,100,75,75,87.5,16.0,17.25,7.246376811594203,1,1,0,1,1,0,0,45,Medium Risk
Customer_00855,1,2026-08-01,Premium,high_value,12,230,7,24,100,100,100,100.0,12.0,,,1,1,0,0,0,0,0,0,Low Risk
Customer_00855,1,2026-08-02,Premium,high_value,18,195,16,19,100,75,100,92.5,15.0,12.0,-25.0,1,1,0,0,0,0,0,0,Low Risk
Customer_00855,1,2026-08-03,Premium,high_value,12,185,11,29,100,75,100,92.5,14.0,15.0,6.666666666666667,1,1,0,0,0,0,0,0,Low Risk
Customer_00855,1,2026-08-04,Premium,high_value,23,205,3,19,100,100,100,100.0,16.25,14.0,-16.071428571428573,1,1,0,0,0,0,0,0,Low Risk
Customer_00855,1,2026-08-05,Premium,high_value,12,165,27,22,100,75,100,92.5,15.4,16.25,5.230769230769228,1,1,0,1,0,0,0,25,Low Risk
Customer_00856,1,2026-08-01,Premium,high_value,18,195,8,32,100,100,75,95.0,18.0,,,1,1,0,0,0,0,0,0,Low Risk
Customer_00856,1,2026-08-02,Premium,high_value,14,242,1,28,100,100,100,100.0,16.0,18.0,11.11111111111111,1,1,0,0,0,0,0,0,Low Risk
Customer_00856,1,2026-08-03,Premium,high_value,25,182,2,40,100,100,75,95.0,19.0,16.0,-18.75,1,1,0,0,0,0,0,0,Low Risk
Customer_00856,1,2026-08-04,Premium,high_value,17,166,8,18,100,100,100,100.0,18.5,19.0,2.631578947368421,1,1,0,0,0,0,0,0,Low Risk
Customer_00856,1,2026-08-05,Premium,high_value,21,200,7,41,100,100,75,95.0,19.0,18.5,-2.702702702702702,1,1,0,0,1,0,0,20,Low Risk
Customer_00857,9,2026-08-01,Premium,high_value,16,246,24,13,100,75,100,92.5,16.0,,,1,1,0,1,0,0,0,25,Low Risk
Customer_00857,9,2026-08-02,Premium,high_value,20,204,28,50,100,75,75,87.5,18.0,16.0,-12.5,1,1,0,1,1,0,0,45,Medium Risk
Customer_00857,9,2026-08-03,Premium,high_value,21,244,25,20,100,75,100,92.5,19.0,18.0,-5.555555555555555,1,1,0,1,0,0,0,25,Low Risk
Customer_00857,9,2026-08-04,Premium,high_value,17,158,4,23,100,100,100,100.0,18.5,19.0,2.631578947368421,1,1,0,0,0,0,0,0,Low Risk
Customer_00857,9,2026-08-05,Premium,high_value,20,194,8,21,100,100,100,100.0,18.8,18.5,-1.6216216216216257,1,1,0,0,0,0,0,0,Low Risk
Customer_00858,6,2026-08-01,Premium,high_value,11,155,26,41,100,75,75,87.5,11.0,,,1,1,0,1,1,0,0,45,Medium Risk
Customer_00858,6,2026-08-02,Premium,high_value,18,249,24,15,100,75,100,92.5,14.5,11.0,-31.818181818181817,1,1,0,1,0,0,0,25,Low Risk
Customer_00858,6,2026-08-03,Premium,high_value,19,237,29,48,100,75,75,87.5,16.0,14.5,-10.344827586206897,1,1,0,1,1,0,0,45,Medium Risk
Customer_00858,6,2026-08-04,Premium,high_value,18,165,14,20,100,75,100,92.5,16.5,16.0,-3.125,1,1,0,0,0,0,0,0,Low Risk
Customer_00858,6,2026-08-05,Premium,high_value,24,249,22,35,100,75,75,87.5,18.0,16.5,-9.090909090909092,1,1,0,1,0,0,0,25,Low Risk
Customer_00859,8,2026-08-01,Premium,high_value,12,161,24,43,100,75,75,87.5,12.0,,,1,1,0,1,1,0,0,45,Medium Risk
Customer_00859,8,2026-08-02,Premium,high_value,19,242,11,16,100,75,100,92.5,15.5,12.0,-29.166666666666668,1,1,0,0,0,0,0,0,Low Risk
Customer_00859,8,2026-08-03,Premium,high_value,16,238,15,36,100,75,75,87.5,15.666666666666666,15.5,-1.0752688172042972,1,1,0,0,0,0,0,0,Low Risk
Customer_00859,8,2026-08-04,Premium,high_value,13,220,29,20,100,75,100,92.5,15.0,15.666666666666666,4.255319148936167,1,1,0,1,0,0,0,25,Low Risk
Customer_00859,8,2026-08-05,Premium,high_value,14,195,28,49,100,75,75,87.5,14.8,15.0,1.3333333333333286,1,1,0,1,1,0,0,45,Medium Risk
Customer_00860,7,2026-08-01,Standard,mid_value,15,95,16,39,75,75,75,75.0,15.0,,,0,0,0,0,0,0,0,0,Low Risk
Customer_00860,7,2026-08-02,Standard,mid_value,12,94,14,32,75,75,75,75.0,13.5,15.0,10.0,0,0,0,0,0,0,0,0,Low Risk
Customer_00860,7,2026-08-03,Standard,mid_value,12,86,16,30,75,75,100,80.0,13.0,13.5,3.7037037037037033,0,0,0,0,0,0,0,0,Low Risk
Customer_00860,7,2026-08-04,Standard,mid_value,11,90,20,31,75,75,75,75.0,12.5,13.0,3.8461538461538463,0,0,0,0,0,0,0,0,Low Risk
Customer_00860,7,2026-08-05,Standard,mid_value,15,104,20,31,100,75,75,87.5,13.0,12.5,-4.0,0,0,0,0,0,0,0,0,Low Risk
Customer_00861,1,2026-08-01,Standard,mid_value,12,119,26,38,100,75,75,87.5,12.0,,,1,1,0,1,0,0,0,25,Low Risk
Customer_00861,1,2026-08-02,Standard,mid_value,8,114,7,26,100,100,100,100.0,10.0,12.0,16.666666666666664,1,1,0,0,0,0,0,0,Low Risk
Customer_00861,1,2026-08-03,Standard,mid_value,15,115,1,40,100,100,75,95.0,11.666666666666666,10.0,-16.66666666666666,1,1,0,0,0,0,0,0,Low Risk
Customer_00861,1,2026-08-04,Standard,mid_value,5,112,16,28,100,75,100,92.5,10.0,11.666666666666666,14.285714285714285,1,1,0,0,0,0,0,0,Low Risk
Customer_00861,1,2026-08-05,Standard,mid_value,7,115,11,33,100,75,75,87.5,9.4,10.0,5.9999999999999964,1,1,0,0,0,0,0,0,Low Risk
Customer_00862,2,2026-08-01,Premium,high_value,22,202,30,40,100,75,75,87.5,22.0,,,1,1,0,1,0,0,0,25,Low Risk
Customer_00862,2,2026-08-02,Premium,high_value,24,203,20,20,100,75,100,92.5,23.0,22.0,-4.545454545454546,1,1,0,0,0,0,0,0,Low Risk
Customer_00862,2,2026-08-03,Premium,high_value,24,213,24,40,100,75,75,87.5,23.33333333333333,23.0,-1.4492753623188357,1,1,0,1,0,0,0,25,Low Risk
Customer_00862,2,2026-08-04,Premium,high_value,19,154,6,30,100,100,100,100.0,22.25,23.33333333333333,4.642857142857138,1,1,0,0,0,0,0,0,Low Risk
Customer_00862,2,2026-08-05,Premium,high_value,20,185,7,15,100,100,100,100.0,21.8,22.25,2.0224719101123565,1,1,0,0,0,0,0,0,Low Risk
Customer_00863,8,2026-08-01,Free,free_plan,0,29,2,47,50,100,75,70.0,0.0,,,1,1,0,0,1,0,0,20,Low Risk
Customer_00863,8,2026-08-02,Free,free_plan,0,28,29,22,50,75,100,67.5,0.0,0.0,,1,1,0,1,0,0,0,25,Low Risk
Customer_00863,8,2026-08-03,Free,free_plan,0,28,23,45,50,75,75,62.5,0.0,0.0,,1,1,0,1,1,0,0,45,Medium Risk
Customer_00863,8,2026-08-04,Free,free_plan,1,22,22,30,50,75,100,67.5,0.25,0.0,,1,1,0,1,0,0,0,25,Low Risk
Customer_00863,8,2026-08-05,Free,free_plan,0,22,11,20,50,75,100,67.5,0.2,0.25,20.0,1,1,0,0,0,0,0,0,Low Risk
Customer_00864,9,2026-08-01,Premium,high_value,19,219,29,22,100,75,100,92.5,19.0,,,0,0,0,1,0,0,0,25,Low Risk
Customer_00864,9,2026-08-02,Premium,high_value,23,245,4,28,100,100,100,100.0,21.0,19.0,-10.526315789473683,0,0,0,0,0,0,0,0,Low Risk
Customer_00864,9,2026-08-03,Premium,high_value,11,167,13,16,100,75,100,92.5,17.666666666666668,21.0,15.873015873015866,0,0,0,0,0,0,0,0,Low Risk
Customer_00864,9,2026-08-04,Premium,high_value,23,216,7,42,100,100,75,95.0,19.0,17.666666666666668,-7.547169811320748,0,0,0,0,1,0,0,20,Low Risk
Customer_00864,9,2026-08-05,Premium,high_value,12,152,3,24,100,100,100,100.0,17.6,19.0,7.368421052631572,0,0,0,0,0,0,0,0,Low Risk
Customer_00865,2,2026-08-01,Standard,mid_value,6,115,21,12,100,75,100,92.5,6.0,,,0,0,0,1,0,0,0,25,Low Risk
Customer_00865,2,2026-08-02,Standard,mid_value,14,89,15,17,75,75,100,80.0,10.0,6.0,-66.66666666666666,0,0,0,0,0,0,0,0,Low Risk
Customer_00865,2,2026-08-03,Standard,mid_value,10,92,28,11,75,75,100,80.0,10.0,10.0,0.0,0,0,0,1,0,0,0,25,Low Risk
Customer_00865,2,2026-08-04,Standard,mid_value,8,102,1,43,100,100,75,95.0,9.5,10.0,5.0,0,0,0,0,1,0,0,20,Low Risk
Customer_00865,2,2026-08-05,Standard,mid_value,12,108,6,16,100,100,100,100.0,10.0,9.5,-5.263157894736842,0,0,0,0,0,0,0,0,Low Risk
Customer_00866,8,2026-08-01,Standard,mid_value,10,81,11,46,75,75,75,75.0,10.0,,,1,1,0,0,1,0,0,20,Low Risk
Customer_00866,8,2026-08-02,Standard,mid_value,7,93,18,17,75,75,100,80.0,8.5,10.0,15.0,1,1,0,0,0,0,0,0,Low Risk
Customer_00866,8,2026-08-03,Standard,mid_value,13,93,19,38,75,75,75,75.0,10.0,8.5,-17.647058823529413,1,1,0,0,0,0,0,0,Low Risk
Customer_00866,8,2026-08-04,Standard,mid_value,10,85,8,30,75,100,100,87.5,10.0,10.0,0.0,1,1,0,0,0,0,0,0,Low Risk
Customer_00866,8,2026-08-05,Standard,mid_value,8,84,5,37,75,100,75,82.5,9.6,10.0,4.000000000000004,1,1,0,0,0,0,0,0,Low Risk
Customer_00867,10,2026-08-01,Standard,mid_value,6,101,27,16,100,75,100,92.5,6.0,,,1,1,0,1,0,0,0,25,Low Risk
Customer_00867,10,2026-08-02,Standard,mid_value,13,101,15,13,100,75,100,92.5,9.5,6.0,-58.333333333333336,1,1,0,0,0,0,0,0,Low Risk
Customer_00867,10,2026-08-03,Standard,mid_value,6,84,14,46,75,75,75,75.0,8.333333333333334,9.5,12.28070175438596,1,1,0,0,1,0,0,20,Low Risk
Customer_00867,10,2026-08-04,Standard,mid_value,8,113,26,16,100,75,100,92.5,8.25,8.333333333333334,1.0000000000000069,1,1,0,1,0,0,0,25,Low Risk
Customer_00867,10,2026-08-05,Standard,mid_value,12,87,23,16,75,75,100,80.0,9.0,8.25,-9.090909090909092,1,1,0,1,0,0,0,25,Low Risk
Customer_00868,7,2026-08-01,Premium,high_value,16,177,28,34,100,75,75,87.5,16.0,,,1,1,0,1,0,0,0,25,Low Risk
Customer_00868,7,2026-08-02,Premium,high_value,13,204,17,42,100,75,75,87.5,14.5,16.0,9.375,1,1,0,0,1,0,0,20,Low Risk
Customer_00868,7,2026-08-03,Premium,high_value,17,180,2,31,100,100,75,95.0,15.333333333333334,14.5,-5.747126436781613,1,1,0,0,0,0,0,0,Low Risk
Customer_00868,7,2026-08-04,Premium,high_value,23,215,2,19,100,100,100,100.0,17.25,15.333333333333334,-12.499999999999996,1,1,0,0,0,0,0,0,Low Risk
Customer_00868,7,2026-08-05,Premium,high_value,15,154,16,29,100,75,100,92.5,16.8,17.25,2.608695652173909,1,1,0,0,0,0,0,0,Low Risk
Customer_00869,6,2026-08-01,Premium,high_value,25,174,21,21,100,75,100,92.5,25.0,,,1,1,0,1,0,0,0,25,Low Risk
Customer_00869,6,2026-08-02,Premium,high_value,22,174,23,18,100,75,100,92.5,23.5,25.0,6.0,1,1,0,1,0,0,0,25,Low Risk
Customer_00869,6,2026-08-03,Premium,high_value,17,181,24,10,100,75,100,92.5,21.33333333333333,23.5,9.219858156028376,1,1,0,1,0,0,0,25,Low Risk
Customer_00869,6,2026-08-04,Premium,high_value,22,224,16,15,100,75,100,92.5,21.5,21.33333333333333,-0.7812500000000056,1,1,0,0,0,0,0,0,Low Risk
Customer_00869,6,2026-08-05,Premium,high_value,16,193,26,32,100,75,75,87.5,20.4,21.5,5.116279069767449,1,1,0,1,0,0,0,25,Low Risk
Customer_00870,4,2026-08-01,Premium,high_value,21,202,26,45,100,75,75,87.5,21.0,,,0,0,0,1,1,0,0,45,Medium Risk
Customer_00870,4,2026-08-02,Premium,high_value,11,166,11,38,100,75,75,87.5,16.0,21.0,23.809523809523807,0,0,0,0,0,0,0,0,Low Risk
Customer_00870,4,2026-08-03,Premium,high_value,13,154,25,37,100,75,75,87.5,15.0,16.0,6.25,0,0,0,1,0,0,0,25,Low Risk
Customer_00870,4,2026-08-04,Premium,high_value,21,180,20,11,100,75,100,92.5,16.5,15.0,-10.0,0,0,0,0,0,0,0,0,Low Risk
Customer_00870,4,2026-08-05,Premium,high_value,17,172,13,30,100,75,100,92.5,16.6,16.5,-0.6060606060606146,0,0,0,0,0,0,0,0,Low Risk
Customer_00871,7,2026-08-01,Premium,high_value,12,203,19,48,100,75,75,87.5,12.0,,,1,1,0,0,1,0,0,20,Low Risk
Customer_00871,7,2026-08-02,Premium,high_value,19,164,13,30,100,75,100,92.5,15.5,12.0,-29.166666666666668,1,1,0,0,0,0,0,0,Low Risk
Customer_00871,7,2026-08-03,Premium,high_value,20,151,19,13,100,75,100,92.5,17.0,15.5,-9.67741935483871,1,1,0,0,0,0,0,0,Low Risk
Customer_00871,7,2026-08-04,Premium,high_value,20,200,14,25,100,75,100,92.5,17.75,17.0,-4.411764705882353,1,1,0,0,0,0,0,0,Low Risk
Customer_00871,7,2026-08-05,Premium,high_value,12,231,19,30,100,75,100,92.5,16.6,17.75,6.478873239436611,1,1,0,0,0,0,0,0,Low Risk
Customer_00872,4,2026-08-01,Premium,high_value,12,226,8,41,100,100,75,95.0,12.0,,,0,0,0,0,1,0,0,20,Low Risk
Customer_00872,4,2026-08-02,Premium,high_value,24,245,29,19,100,75,100,92.5,18.0,12.0,-50.0,0,0,0,1,0,0,0,25,Low Risk
Customer_00872,4,2026-08-03,Premium,high_value,25,191,12,26,100,75,100,92.5,20.33333333333333,18.0,-12.962962962962957,0,0,0,0,0,0,0,0,Low Risk
Customer_00872,4,2026-08-04,Premium,high_value,14,158,14,38,100,75,75,87.5,18.75,20.33333333333333,7.786885245901634,0,0,0,0,0,0,0,0,Low Risk
Customer_00872,4,2026-08-05,Premium,high_value,14,193,27,27,100,75,100,92.5,17.8,18.75,5.066666666666663,0,0,0,1,0,0,0,25,Low Risk
Customer_00873,1,2026-08-01,Premium,high_value,16,187,8,31,100,100,75,95.0,16.0,,,1,1,0,0,0,0,0,0,Low Risk
Customer_00873,1,2026-08-02,Premium,high_value,13,233,12,42,100,75,75,87.5,14.5,16.0,9.375,1,1,0,0,1,0,0,20,Low Risk
Customer_00873,1,2026-08-03,Premium,high_value,20,205,26,11,100,75,100,92.5,16.333333333333332,14.5,-12.643678160919531,1,1,0,1,0,0,0,25,Low Risk
Customer_00873,1,2026-08-04,Premium,high_value,12,201,20,34,100,75,75,87.5,15.25,16.333333333333332,6.632653061224484,1,1,0,0,0,0,0,0,Low Risk
Customer_00873,1,2026-08-05,Premium,high_value,15,209,26,18,100,75,100,92.5,15.2,15.25,0.327868852459021,1,1,0,1,0,0,0,25,Low Risk
Customer_00874,8,2026-08-01,Premium,high_value,10,158,14,39,100,75,75,87.5,10.0,,,1,1,0,0,0,0,0,0,Low Risk
Customer_00874,8,2026-08-02,Premium,high_value,21,197,28,42,100,75,75,87.5,15.5,10.0,-55.00000000000001,1,1,0,1,1,0,0,45,Medium Risk
Customer_00874,8,2026-08-03,Premium,high_value,17,190,11,19,100,75,100,92.5,16.0,15.5,-3.225806451612903,1,1,0,0,0,0,0,0,Low Risk
Customer_00874,8,2026-08-04,Premium,high_value,18,193,21,35,100,75,75,87.5,16.5,16.0,-3.125,1,1,0,1,0,0,0,25,Low Risk
Customer_00874,8,2026-08-05,Premium,high_value,17,211,29,21,100,75,100,92.5,16.6,16.5,-0.6060606060606146,1,1,0,1,0,0,0,25,Low Risk
Customer_00875,7,2026-08-01,Premium,high_value,14,183,2,42,100,100,75,95.0,14.0,,,1,1,0,0,1,0,0,20,Low Risk
Customer_00875,7,2026-08-02,Premium,high_value,22,218,29,16,100,75,100,92.5,18.0,14.0,-28.57142857142857,1,1,0,1,0,0,0,25,Low Risk
Customer_00875,7,2026-08-03,Premium,high_value,17,231,6,33,100,100,75,95.0,17.666666666666668,18.0,1.8518518518518448,1,1,0,0,0,0,0,0,Low Risk
Customer_00875,7,2026-08-04,Premium,high_value,21,233,25,46,100,75,75,87.5,18.5,17.666666666666668,-4.716981132075464,1,1,0,1,1,0,0,45,Medium Risk
Customer_00875,7,2026-08-05,Premium,high_value,14,195,5,25,100,100,100,100.0,17.6,18.5,4.864864864864858,1,1,0,0,0,0,0,0,Low Risk
Customer_00876,5,2026-08-01,Standard,mid_value,8,100,23,26,100,75,100,92.5,8.0,,,1,1,0,1,0,0,0,25,Low Risk
Customer_00876,5,2026-08-02,Standard,mid_value,11,111,23,13,100,75,100,92.5,9.5,8.0,-18.75,1,1,0,1,0,0,0,25,Low Risk
Customer_00876,5,2026-08-03,Standard,mid_value,12,85,20,41,75,75,75,75.0,10.333333333333334,9.5,-8.77192982456141,1,1,0,0,1,0,0,20,Low Risk
Customer_00876,5,2026-08-04,Standard,mid_value,11,100,7,20,100,100,100,100.0,10.5,10.333333333333334,-1.6129032258064455,1,1,0,0,0,0,0,0,Low Risk
Customer_00876,5,2026-08-05,Standard,mid_value,15,84,5,19,75,100,100,87.5,11.4,10.5,-8.571428571428575,1,1,0,0,0,0,0,0,Low Risk
Customer_00877,5,2026-08-01,Standard,mid_value,14,92,19,49,75,75,75,75.0,14.0,,,0,0,0,0,1,0,0,20,Low Risk
Customer_00877,5,2026-08-02,Standard,mid_value,10,111,5,20,100,100,100,100.0,12.0,14.0,14.285714285714285,0,0,0,0,0,0,0,0,Low Risk
Customer_00877,5,2026-08-03,Standard,mid_value,11,89,23,37,75,75,75,75.0,11.666666666666666,12.0,2.777777777777783,0,0,0,1,0,0,0,25,Low Risk
Customer_00877,5,2026-08-04,Standard,mid_value,7,91,6,49,75,100,75,82.5,10.5,11.666666666666666,9.999999999999996,0,0,0,0,1,0,0,20,Low Risk
Customer_00877,5,2026-08-05,Standard,mid_value,10,90,30,14,75,75,100,80.0,10.4,10.5,0.952380952380949,0,0,0,1,0,0,0,25,Low Risk
Customer_00878,10,2026-08-01,Premium,high_value,15,236,7,38,100,100,75,95.0,15.0,,,1,1,0,0,0,0,0,0,Low Risk
Customer_00878,10,2026-08-02,Premium,high_value,12,219,21,47,100,75,75,87.5,13.5,15.0,10.0,1,1,0,1,1,0,0,45,Medium Risk
Customer_00878,10,2026-08-03,Premium,high_value,10,183,3,48,100,100,75,95.0,12.333333333333334,13.5,8.641975308641971,1,1,0,0,1,0,0,20,Low Risk
Customer_00878,10,2026-08-04,Premium,high_value,16,153,21,16,100,75,100,92.5,13.25,12.333333333333334,-7.432432432432427,1,1,0,1,0,0,0,25,Low Risk
Customer_00878,10,2026-08-05,Premium,high_value,11,250,12,47,100,75,75,87.5,12.8,13.25,3.396226415094334,1,1,0,0,1,0,0,20,Low Risk
Customer_00879,8,2026-08-01,Premium,high_value,13,188,10,49,100,100,75,95.0,13.0,,,1,1,0,0,1,0,0,20,Low Risk
Customer_00879,8,2026-08-02,Premium,high_value,10,187,29,18,100,75,100,92.5,11.5,13.0,11.538461538461538,1,1,0,1,0,0,0,25,Low Risk
Customer_00879,8,2026-08-03,Premium,high_value,12,200,5,26,100,100,100,100.0,11.666666666666666,11.5,-1.4492753623188357,1,1,0,0,0,0,0,0,Low Risk
Customer_00879,8,2026-08-04,Premium,high_value,24,241,16,19,100,75,100,92.5,14.75,11.666666666666666,-26.428571428571438,1,1,0,0,0,0,0,0,Low Risk
Customer_00879,8,2026-08-05,Premium,high_value,25,245,23,35,100,75,75,87.5,16.8,14.75,-13.898305084745768,1,1,0,1,0,0,0,25,Low Risk
Customer_00880,2,2026-08-01,Premium,high_value,20,245,16,12,100,75,100,92.5,20.0,,,1,1,0,0,0,0,0,0,Low Risk
Customer_00880,2,2026-08-02,Premium,high_value,25,237,28,18,100,75,100,92.5,22.5,20.0,-12.5,1,1,0,1,0,0,0,25,Low Risk
Customer_00880,2,2026-08-03,Premium,high_value,25,171,1,26,100,100,100,100.0,23.33333333333333,22.5,-3.703703703703699,1,1,0,0,0,0,0,0,Low Risk
Customer_00880,2,2026-08-04,Premium,high_value,13,156,28,14,100,75,100,92.5,20.75,23.33333333333333,11.071428571428568,1,1,0,1,0,0,0,25,Low Risk
Customer_00880,2,2026-08-05,Premium,high_value,14,151,27,32,100,75,75,87.5,19.4,20.75,6.5060240963855485,1,1,0,1,0,0,0,25,Low Risk
Customer_00881,10,2026-08-01,Premium,high_value,22,184,16,11,100,75,100,92.5,22.0,,,1,1,0,0,0,0,0,0,Low Risk
Customer_00881,10,2026-08-02,Premium,high_value,16,184,13,17,100,75,100,92.5,19.0,22.0,13.636363636363637,1,1,0,0,0,0,0,0,Low Risk
Customer_00881,10,2026-08-03,Premium,high_value,15,190,16,42,100,75,75,87.5,17.666666666666668,19.0,7.017543859649117,1,1,0,0,1,0,0,20,Low Risk
Customer_00881,10,2026-08-04,Premium,high_value,21,221,19,48,100,75,75,87.5,18.5,17.666666666666668,-4.716981132075464,1,1,0,0,1,0,0,20,Low Risk
Customer_00881,10,2026-08-05,Premium,high_value,16,166,20,23,100,75,100,92.5,18.0,18.5,2.702702702702702,1,1,0,0,0,0,0,0,Low Risk
Customer_00882,10,2026-08-01,Premium,high_value,22,232,29,35,100,75,75,87.5,22.0,,,0,0,0,1,0,0,0,25,Low Risk
Customer_00882,10,2026-08-02,Premium,high_value,12,177,3,49,100,100,75,95.0,17.0,22.0,22.727272727272727,0,0,0,0,1,0,0,20,Low Risk
Customer_00882,10,2026-08-03,Premium,high_value,17,232,26,32,100,75,75,87.5,17.0,17.0,0.0,0,0,0,1,0,0,0,25,Low Risk
Customer_00882,10,2026-08-04,Premium,high_value,20,233,11,37,100,75,75,87.5,17.75,17.0,-4.411764705882353,0,0,0,0,0,0,0,0,Low Risk
Customer_00882,10,2026-08-05,Premium,high_value,13,249,8,22,100,100,100,100.0,16.8,17.75,5.352112676056335,0,0,0,0,0,0,0,0,Low Risk
Customer_00883,1,2026-08-01,Premium,high_value,18,198,15,15,100,75,100,92.5,18.0,,,1,1,0,0,0,0,0,0,Low Risk
Customer_00883,1,2026-08-02,Premium,high_value,11,231,16,49,100,75,75,87.5,14.5,18.0,19.444444444444446,1,1,0,0,1,0,0,20,Low Risk
Customer_00883,1,2026-08-03,Premium,high_value,20,170,1,43,100,100,75,95.0,16.333333333333332,14.5,-12.643678160919531,1,1,0,0,1,0,0,20,Low Risk
Customer_00883,1,2026-08-04,Premium,high_value,22,156,7,10,100,100,100,100.0,17.75,16.333333333333332,-8.67346938775511,1,1,0,0,0,0,0,0,Low Risk
Customer_00883,1,2026-08-05,Premium,high_value,21,214,6,17,100,100,100,100.0,18.4,17.75,-3.661971830985907,1,1,0,0,0,0,0,0,Low Risk
Customer_00884,1,2026-08-01,Premium,high_value,12,188,20,41,100,75,75,87.5,12.0,,,0,0,0,0,1,0,0,20,Low Risk
Customer_00884,1,2026-08-02,Premium,high_value,22,240,29,44,100,75,75,87.5,17.0,12.0,-41.66666666666667,0,0,0,1,1,0,0,45,Medium Risk
Customer_00884,1,2026-08-03,Premium,high_value,16,182,20,26,100,75,100,92.5,16.666666666666668,17.0,1.9607843137254832,0,0,0,0,0,0,0,0,Low Risk
Customer_00884,1,2026-08-04,Premium,high_value,17,167,18,16,100,75,100,92.5,16.75,16.666666666666668,-0.4999999999999929,0,0,0,0,0,0,0,0,Low Risk
Customer_00884,1,2026-08-05,Premium,high_value,19,244,13,32,100,75,75,87.5,17.2,16.75,-2.6865671641791,0,0,0,0,0,0,0,0,Low Risk
Customer_00885,2,2026-08-01,Standard,mid_value,10,120,21,13,100,75,100,92.5,10.0,,,0,0,0,1,0,0,0,25,Low Risk
Customer_00885,2,2026-08-02,Standard,mid_value,14,98,11,25,75,75,100,80.0,12.0,10.0,-20.0,0,0,0,0,0,0,0,0,Low Risk
Customer_00885,2,2026-08-03,Standard,mid_value,12,120,13,32,100,75,75,87.5,12.0,12.0,0.0,0,0,0,0,0,0,0,0,Low Risk
Customer_00885,2,2026-08-04,Standard,mid_value,6,82,7,19,75,100,100,87.5,10.5,12.0,12.5,0,0,0,0,0,0,0,0,Low Risk
Customer_00885,2,2026-08-05,Standard,mid_value,5,86,3,47,75,100,75,82.5,9.4,10.5,10.476190476190473,0,0,0,0,1,0,0,20,Low Risk
Customer_00886,6,2026-08-01,Premium,high_value,24,172,9,23,100,100,100,100.0,24.0,,,1,1,0,0,0,0,0,0,Low Risk
Customer_00886,6,2026-08-02,Premium,high_value,17,200,2,48,100,100,75,95.0,20.5,24.0,14.583333333333334,1,1,0,0,1,0,0,20,Low Risk
Customer_00886,6,2026-08-03,Premium,high_value,17,232,15,16,100,75,100,92.5,19.33333333333333,20.5,5.691056910569111,1,1,0,0,0,0,0,0,Low Risk
Customer_00886,6,2026-08-04,Premium,high_value,23,228,12,16,100,75,100,92.5,20.25,19.33333333333333,-4.7413793103448345,1,1,0,0,0,0,0,0,Low Risk
Customer_00886,6,2026-08-05,Premium,high_value,15,162,12,16,100,75,100,92.5,19.2,20.25,5.185185185185189,1,1,0,0,0,0,0,0,Low Risk
Customer_00887,5,2026-08-01,Premium,high_value,12,230,14,10,100,75,100,92.5,12.0,,,1,1,0,0,0,0,0,0,Low Risk
Customer_00887,5,2026-08-02,Premium,high_value,13,208,26,37,100,75,75,87.5,12.5,12.0,-4.166666666666666,1,1,0,1,0,0,0,25,Low Risk
Customer_00887,5,2026-08-03,Premium,high_value,22,224,27,26,100,75,100,92.5,15.666666666666666,12.5,-25.33333333333333,1,1,0,1,0,0,0,25,Low Risk
Customer_00887,5,2026-08-04,Premium,high_value,16,236,3,27,100,100,100,100.0,15.75,15.666666666666666,-0.531914893617025,1,1,0,0,0,0,0,0,Low Risk
Customer_00887,5,2026-08-05,Premium,high_value,24,194,1,12,100,100,100,100.0,17.4,15.75,-10.476190476190467,1,1,0,0,0,0,0,0,Low Risk
Customer_00888,8,2026-08-01,Premium,high_value,14,244,12,26,100,75,100,92.5,14.0,,,1,1,0,0,0,0,0,0,Low Risk
Customer_00888,8,2026-08-02,Premium,high_value,15,183,20,11,100,75,100,92.5,14.5,14.0,-3.571428571428571,1,1,0,0,0,0,0,0,Low Risk
Customer_00888,8,2026-08-03,Premium,high_value,24,177,28,45,100,75,75,87.5,17.666666666666668,14.5,-21.839080459770123,1,1,0,1,1,0,0,45,Medium Risk
Customer_00888,8,2026-08-04,Premium,high_value,10,158,1,24,100,100,100,100.0,15.75,17.666666666666668,10.84905660377359,1,1,0,0,0,0,0,0,Low Risk
Customer_00888,8,2026-08-05,Premium,high_value,25,167,1,31,100,100,75,95.0,17.6,15.75,-11.746031746031756,1,1,0,0,0,0,0,0,Low Risk
Customer_00889,10,2026-08-01,Premium,high_value,17,175,6,23,100,100,100,100.0,17.0,,,1,1,0,0,0,0,0,0,Low Risk
Customer_00889,10,2026-08-02,Premium,high_value,20,180,22,43,100,75,75,87.5,18.5,17.0,-8.823529411764707,1,1,0,1,1,0,0,45,Medium Risk
Customer_00889,10,2026-08-03,Premium,high_value,18,216,14,12,100,75,100,92.5,18.33333333333333,18.5,0.9009009009009074,1,1,0,0,0,0,0,0,Low Risk
Customer_00889,10,2026-08-04,Premium,high_value,21,203,24,35,100,75,75,87.5,19.0,18.33333333333333,-3.636363636363643,1,1,0,1,0,0,0,25,Low Risk
Customer_00889,10,2026-08-05,Premium,high_value,23,242,5,10,100,100,100,100.0,19.8,19.0,-4.210526315789478,1,1,0,0,0,0,0,0,Low Risk
Customer_00890,8,2026-08-01,Premium,high_value,11,185,27,45,100,75,75,87.5,11.0,,,0,0,0,1,1,0,0,45,Medium Risk
Customer_00890,8,2026-08-02,Premium,high_value,23,217,25,38,100,75,75,87.5,17.0,11.0,-54.54545454545454,0,0,0,1,0,0,0,25,Low Risk
Customer_00890,8,2026-08-03,Premium,high_value,25,232,5,20,100,100,100,100.0,19.666666666666668,17.0,-15.68627450980393,0,0,0,0,0,0,0,0,Low Risk
Customer_00890,8,2026-08-04,Premium,high_value,23,212,11,19,100,75,100,92.5,20.5,19.666666666666668,-4.2372881355932135,0,0,0,0,0,0,0,0,Low Risk
Customer_00890,8,2026-08-05,Premium,high_value,23,249,25,32,100,75,75,87.5,21.0,20.5,-2.4390243902439024,0,0,0,1,0,0,0,25,Low Risk
Customer_00891,3,2026-08-01,Premium,high_value,19,169,17,45,100,75,75,87.5,19.0,,,1,1,0,0,1,0,0,20,Low Risk
Customer_00891,3,2026-08-02,Premium,high_value,25,238,4,18,100,100,100,100.0,22.0,19.0,-15.789473684210526,1,1,0,0,0,0,0,0,Low Risk
Customer_00891,3,2026-08-03,Premium,high_value,16,216,10,14,100,100,100,100.0,20.0,22.0,9.090909090909092,1,1,0,0,0,0,0,0,Low Risk
Customer_00891,3,2026-08-04,Premium,high_value,12,231,29,27,100,75,100,92.5,18.0,20.0,10.0,1,1,0,1,0,0,0,25,Low Risk
Customer_00891,3,2026-08-05,Premium,high_value,19,154,25,28,100,75,100,92.5,18.2,18.0,-1.1111111111111072,1,1,0,1,0,0,0,25,Low Risk
Customer_00892,8,2026-08-01,Premium,high_value,13,156,28,13,100,75,100,92.5,13.0,,,1,1,0,1,0,0,0,25,Low Risk
Customer_00892,8,2026-08-02,Premium,high_value,11,180,29,20,100,75,100,92.5,12.0,13.0,7.6923076923076925,1,1,0,1,0,0,0,25,Low Risk
Customer_00892,8,2026-08-03,Premium,high_value,14,224,12,46,100,75,75,87.5,12.666666666666666,12.0,-5.55555555555555,1,1,0,0,1,0,0,20,Low Risk
Customer_00892,8,2026-08-04,Premium,high_value,21,157,14,35,100,75,75,87.5,14.75,12.666666666666666,-16.447368421052637,1,1,0,0,0,0,0,0,Low Risk
Customer_00892,8,2026-08-05,Premium,high_value,12,188,3,46,100,100,75,95.0,14.2,14.75,3.728813559322039,1,1,0,0,1,0,0,20,Low Risk
Customer_00893,7,2026-08-01,Premium,high_value,22,235,1,34,100,100,75,95.0,22.0,,,1,1,0,0,0,0,0,0,Low Risk
Customer_00893,7,2026-08-02,Premium,high_value,12,151,1,22,100,100,100,100.0,17.0,22.0,22.727272727272727,1,1,0,0,0,0,0,0,Low Risk
Customer_00893,7,2026-08-03,Premium,high_value,15,217,24,11,100,75,100,92.5,16.333333333333332,17.0,3.9215686274509873,1,1,0,1,0,0,0,25,Low Risk
Customer_00893,7,2026-08-04,Premium,high_value,25,248,6,33,100,100,75,95.0,18.5,16.333333333333332,-13.265306122448989,1,1,0,0,0,0,0,0,Low Risk
Customer_00893,7,2026-08-05,Premium,high_value,20,178,22,45,100,75,75,87.5,18.8,18.5,-1.6216216216216257,1,1,0,1,1,0,0,45,Medium Risk
Customer_00894,9,2026-08-01,Premium,high_value,20,153,5,40,100,100,75,95.0,20.0,,,1,1,0,0,0,0,0,0,Low Risk
Customer_00894,9,2026-08-02,Premium,high_value,25,224,10,48,100,100,75,95.0,22.5,20.0,-12.5,1,1,0,0,1,0,0,20,Low Risk
Customer_00894,9,2026-08-03,Premium,high_value,11,230,11,30,100,75,100,92.5,18.666666666666668,22.5,17.03703703703703,1,1,0,0,0,0,0,0,Low Risk
Customer_00894,9,2026-08-04,Premium,high_value,15,196,10,31,100,100,75,95.0,17.75,18.666666666666668,4.910714285714292,1,1,0,0,0,0,0,0,Low Risk
Customer_00894,9,2026-08-05,Premium,high_value,17,215,3,11,100,100,100,100.0,17.6,17.75,0.8450704225352033,1,1,0,0,0,0,0,0,Low Risk
Customer_00895,1,2026-08-01,Premium,high_value,24,160,29,34,100,75,75,87.5,24.0,,,1,1,0,1,0,0,0,25,Low Risk
Customer_00895,1,2026-08-02,Premium,high_value,25,172,22,16,100,75,100,92.5,24.5,24.0,-2.083333333333333,1,1,0,1,0,0,0,25,Low Risk
Customer_00895,1,2026-08-03,Premium,high_value,20,207,19,35,100,75,75,87.5,23.0,24.5,6.122448979591836,1,1,0,0,0,0,0,0,Low Risk
Customer_00895,1,2026-08-04,Premium,high_value,17,200,24,14,100,75,100,92.5,21.5,23.0,6.521739130434782,1,1,0,1,0,0,0,25,Low Risk
Customer_00895,1,2026-08-05,Premium,high_value,22,222,25,48,100,75,75,87.5,21.6,21.5,-0.465116279069774,1,1,0,1,1,0,0,45,Medium Risk
Customer_00896,4,2026-08-01,Standard,mid_value,13,106,12,16,100,75,100,92.5,13.0,,,1,1,0,0,0,0,0,0,Low Risk
Customer_00896,4,2026-08-02,Standard,mid_value,13,108,13,40,100,75,75,87.5,13.0,13.0,0.0,1,1,0,0,0,0,0,0,Low Risk
Customer_00896,4,2026-08-03,Standard,mid_value,11,81,26,21,75,75,100,80.0,12.333333333333334,13.0,5.128205128205124,1,1,0,1,0,0,0,25,Low Risk
Customer_00896,4,2026-08-04,Standard,mid_value,15,86,3,40,75,100,75,82.5,13.0,12.333333333333334,-5.4054054054054,1,1,0,0,0,0,0,0,Low Risk
Customer_00896,4,2026-08-05,Standard,mid_value,6,105,29,26,100,75,100,92.5,11.6,13.0,10.769230769230772,1,1,0,1,0,0,0,25,Low Risk
Customer_00897,10,2026-08-01,Premium,high_value,18,224,17,48,100,75,75,87.5,18.0,,,0,0,0,0,1,0,0,20,Low Risk
Customer_00897,10,2026-08-02,Premium,high_value,14,235,14,43,100,75,75,87.5,16.0,18.0,11.11111111111111,0,0,0,0,1,0,0,20,Low Risk
Customer_00897,10,2026-08-03,Premium,high_value,23,225,25,16,100,75,100,92.5,18.33333333333333,16.0,-14.583333333333323,0,0,0,1,0,0,0,25,Low Risk
Customer_00897,10,2026-08-04,Premium,high_value,21,171,5,36,100,100,75,95.0,19.0,18.33333333333333,-3.636363636363643,0,0,0,0,0,0,0,0,Low Risk
Customer_00897,10,2026-08-05,Premium,high_value,15,175,9,35,100,100,75,95.0,18.2,19.0,4.210526315789478,0,0,0,0,0,0,0,0,Low Risk
Customer_00898,9,2026-08-01,Premium,high_value,23,243,28,14,100,75,100,92.5,23.0,,,1,1,0,1,0,0,0,25,Low Risk
Customer_00898,9,2026-08-02,Premium,high_value,17,186,29,16,100,75,100,92.5,20.0,23.0,13.043478260869565,1,1,0,1,0,0,0,25,Low Risk
Customer_00898,9,2026-08-03,Premium,high_value,22,234,16,15,100,75,100,92.5,20.666666666666668,20.0,-3.33333333333334,1,1,0,0,0,0,0,0,Low Risk
Customer_00898,9,2026-08-04,Premium,high_value,24,168,1,15,100,100,100,100.0,21.5,20.666666666666668,-4.032258064516124,1,1,0,0,0,0,0,0,Low Risk
Customer_00898,9,2026-08-05,Premium,high_value,14,224,12,38,100,75,75,87.5,20.0,21.5,6.976744186046512,1,1,0,0,0,0,0,0,Low Risk
Customer_00899,3,2026-08-01,Premium,high_value,12,237,13,47,100,75,75,87.5,12.0,,,1,1,0,0,1,0,0,20,Low Risk
Customer_00899,3,2026-08-02,Premium,high_value,12,166,4,33,100,100,75,95.0,12.0,12.0,0.0,1,1,0,0,0,0,0,0,Low Risk
Customer_00899,3,2026-08-03,Premium,high_value,20,189,23,23,100,75,100,92.5,14.666666666666666,12.0,-22.222222222222214,1,1,0,1,0,0,0,25,Low Risk
Customer_00899,3,2026-08-04,Premium,high_value,23,244,14,41,100,75,75,87.5,16.75,14.666666666666666,-14.20454545454546,1,1,0,0,1,0,0,20,Low Risk
Customer_00899,3,2026-08-05,Premium,high_value,12,192,17,46,100,75,75,87.5,15.8,16.75,5.671641791044771,1,1,0,0,1,0,0,20,Low Risk
Customer_00900,2,2026-08-01,Standard,mid_value,13,94,6,46,75,100,75,82.5,13.0,,,1,1,0,0,1,0,0,20,Low Risk
Customer_00900,2,2026-08-02,Standard,mid_value,15,98,10,42,75,100,75,82.5,14.0,13.0,-7.6923076923076925,1,1,0,0,1,0,0,20,Low Risk
Customer_00900,2,2026-08-03,Standard,mid_value,9,97,4,50,75,100,75,82.5,12.333333333333334,14.0,11.9047619047619,1,1,0,0,1,0,0,20,Low Risk
Customer_00900,2,2026-08-04,Standard,mid_value,15,82,9,37,75,100,75,82.5,13.0,12.333333333333334,-5.4054054054054,1,1,0,0,0,0,0,0,Low Risk
Customer_00900,2,2026-08-05,Standard,mid_value,5,107,21,34,100,75,75,87.5,11.4,13.0,12.307692307692305,1,1,0,1,0,0,0,25,Low Risk
Customer_00901,7,2026-08-01,Free,free_plan,1,23,27,29,50,75,100,67.5,1.0,,,1,1,0,1,0,0,0,25,Low Risk
Customer_00901,7,2026-08-02,Free,free_plan,1,28,9,32,50,100,75,70.0,1.0,1.0,0.0,1,1,0,0,0,0,0,0,Low Risk
Customer_00901,7,2026-08-03,Free,free_plan,1,27,20,16,50,75,100,67.5,1.0,1.0,0.0,1,1,0,0,0,0,0,0,Low Risk
Customer_00901,7,2026-08-04,Free,free_plan,1,25,5,27,50,100,100,75.0,1.0,1.0,0.0,1,1,0,0,0,0,0,0,Low Risk
Customer_00901,7,2026-08-05,Free,free_plan,1,29,28,45,50,75,75,62.5,1.0,1.0,0.0,1,1,0,1,1,0,0,45,Medium Risk
Customer_00902,10,2026-08-01,Premium,high_value,14,185,2,32,100,100,75,95.0,14.0,,,1,1,0,0,0,0,0,0,Low Risk
Customer_00902,10,2026-08-02,Premium,high_value,21,206,11,36,100,75,75,87.5,17.5,14.0,-25.0,1,1,0,0,0,0,0,0,Low Risk
Customer_00902,10,2026-08-03,Premium,high_value,19,250,13,14,100,75,100,92.5,18.0,17.5,-2.857142857142857,1,1,0,0,0,0,0,0,Low Risk
Customer_00902,10,2026-08-04,Premium,high_value,14,213,22,24,100,75,100,92.5,17.0,18.0,5.555555555555555,1,1,0,1,0,0,0,25,Low Risk
Customer_00902,10,2026-08-05,Premium,high_value,17,169,9,45,100,100,75,95.0,17.0,17.0,0.0,1,1,0,0,1,0,0,20,Low Risk
Customer_00903,2,2026-08-01,Standard,mid_value,14,87,23,34,75,75,75,75.0,14.0,,,1,1,0,1,0,0,0,25,Low Risk
Customer_00903,2,2026-08-02,Standard,mid_value,10,101,17,32,100,75,75,87.5,12.0,14.0,14.285714285714285,1,1,0,0,0,0,0,0,Low Risk
Customer_00903,2,2026-08-03,Standard,mid_value,9,108,8,34,100,100,75,95.0,11.0,12.0,8.333333333333332,1,1,0,0,0,0,0,0,Low Risk
Customer_00903,2,2026-08-04,Standard,mid_value,11,87,21,34,75,75,75,75.0,11.0,11.0,0.0,1,1,0,1,0,0,0,25,Low Risk
Customer_00903,2,2026-08-05,Standard,mid_value,12,110,23,43,100,75,75,87.5,11.2,11.0,-1.818181818181812,1,1,0,1,1,0,0,45,Medium Risk
Customer_00904,8,2026-08-01,Standard,mid_value,6,97,12,14,75,75,100,80.0,6.0,,,1,1,0,0,0,0,0,0,Low Risk
Customer_00904,8,2026-08-02,Standard,mid_value,8,106,1,22,100,100,100,100.0,7.0,6.0,-16.666666666666664,1,1,0,0,0,0,0,0,Low Risk
Customer_00904,8,2026-08-03,Standard,mid_value,13,86,12,16,75,75,100,80.0,9.0,7.0,-28.57142857142857,1,1,0,0,0,0,0,0,Low Risk
Customer_00904,8,2026-08-04,Standard,mid_value,5,105,5,24,100,100,100,100.0,8.0,9.0,11.11111111111111,1,1,0,0,0,0,0,0,Low Risk
Customer_00904,8,2026-08-05,Standard,mid_value,15,83,18,44,75,75,75,75.0,9.4,8.0,-17.500000000000004,1,1,0,0,1,0,0,20,Low Risk
Customer_00905,5,2026-08-01,Premium,high_value,19,220,8,40,100,100,75,95.0,19.0,,,1,1,0,0,0,0,0,0,Low Risk
Customer_00905,5,2026-08-02,Premium,high_value,24,170,10,24,100,100,100,100.0,21.5,19.0,-13.157894736842104,1,1,0,0,0,0,0,0,Low Risk
Customer_00905,5,2026-08-03,Premium,high_value,24,226,22,11,100,75,100,92.5,22.33333333333333,21.5,-3.875968992248057,1,1,0,1,0,0,0,25,Low Risk
Customer_00905,5,2026-08-04,Premium,high_value,23,219,11,22,100,75,100,92.5,22.5,22.33333333333333,-0.7462686567164233,1,1,0,0,0,0,0,0,Low Risk
Customer_00905,5,2026-08-05,Premium,high_value,20,228,9,48,100,100,75,95.0,22.0,22.5,2.2222222222222223,1,1,0,0,1,0,0,20,Low Risk
Customer_00906,1,2026-08-01,Premium,high_value,17,199,4,48,100,100,75,95.0,17.0,,,1,1,0,0,1,0,0,20,Low Risk
Customer_00906,1,2026-08-02,Premium,high_value,17,184,2,42,100,100,75,95.0,17.0,17.0,0.0,1,1,0,0,1,0,0,20,Low Risk
Customer_00906,1,2026-08-03,Premium,high_value,12,194,5,48,100,100,75,95.0,15.333333333333334,17.0,9.803921568627448,1,1,0,0,1,0,0,20,Low Risk
Customer_00906,1,2026-08-04,Premium,high_value,18,234,28,36,100,75,75,87.5,16.0,15.333333333333334,-4.347826086956517,1,1,0,1,0,0,0,25,Low Risk
Customer_00906,1,2026-08-05,Premium,high_value,18,158,15,28,100,75,100,92.5,16.4,16.0,-2.499999999999991,1,1,0,0,0,0,0,0,Low Risk
Customer_00907,7,2026-08-01,Premium,high_value,20,212,9,49,100,100,75,95.0,20.0,,,0,0,0,0,1,0,0,20,Low Risk
Customer_00907,7,2026-08-02,Premium,high_value,16,217,21,19,100,75,100,92.5,18.0,20.0,10.0,0,0,0,1,0,0,0,25,Low Risk
Customer_00907,7,2026-08-03,Premium,high_value,13,191,10,47,100,100,75,95.0,16.333333333333332,18.0,9.259259259259265,0,0,0,0,1,0,0,20,Low Risk
Customer_00907,7,2026-08-04,Premium,high_value,16,155,26,49,100,75,75,87.5,16.25,16.333333333333332,0.5102040816326459,0,0,0,1,1,0,0,45,Medium Risk
Customer_00907,7,2026-08-05,Premium,high_value,15,214,27,50,100,75,75,87.5,16.0,16.25,1.5384615384615383,0,0,0,1,1,0,0,45,Medium Risk
Customer_00908,3,2026-08-01,Premium,high_value,24,170,26,10,100,75,100,92.5,24.0,,,1,1,0,1,0,0,0,25,Low Risk
Customer_00908,3,2026-08-02,Premium,high_value,15,179,2,43,100,100,75,95.0,19.5,24.0,18.75,1,1,0,0,1,0,0,20,Low Risk
Customer_00908,3,2026-08-03,Premium,high_value,23,238,9,21,100,100,100,100.0,20.666666666666668,19.5,-5.982905982905988,1,1,0,0,0,0,0,0,Low Risk
Customer_00908,3,2026-08-04,Premium,high_value,15,195,4,14,100,100,100,100.0,19.25,20.666666666666668,6.854838709677424,1,1,0,0,0,0,0,0,Low Risk
Customer_00908,3,2026-08-05,Premium,high_value,19,204,2,41,100,100,75,95.0,19.2,19.25,0.2597402597402634,1,1,0,0,1,0,0,20,Low Risk
Customer_00909,8,2026-08-01,Standard,mid_value,11,112,2,39,100,100,75,95.0,11.0,,,1,1,0,0,0,0,0,0,Low Risk
Customer_00909,8,2026-08-02,Standard,mid_value,11,103,3,46,100,100,75,95.0,11.0,11.0,0.0,1,1,0,0,1,0,0,20,Low Risk
Customer_00909,8,2026-08-03,Standard,mid_value,13,99,8,32,75,100,75,82.5,11.666666666666666,11.0,-6.060606060606055,1,1,0,0,0,0,0,0,Low Risk
Customer_00909,8,2026-08-04,Standard,mid_value,7,92,9,26,75,100,100,87.5,10.5,11.666666666666666,9.999999999999996,1,1,0,0,0,0,0,0,Low Risk
Customer_00909,8,2026-08-05,Standard,mid_value,9,97,12,41,75,75,75,75.0,10.2,10.5,2.857142857142864,1,1,0,0,1,0,0,20,Low Risk
Customer_00910,1,2026-08-01,Premium,high_value,18,184,25,39,100,75,75,87.5,18.0,,,1,1,0,1,0,0,0,25,Low Risk
Customer_00910,1,2026-08-02,Premium,high_value,15,230,7,37,100,100,75,95.0,16.5,18.0,8.333333333333332,1,1,0,0,0,0,0,0,Low Risk
Customer_00910,1,2026-08-03,Premium,high_value,20,227,17,21,100,75,100,92.5,17.666666666666668,16.5,-7.070707070707077,1,1,0,0,0,0,0,0,Low Risk
Customer_00910,1,2026-08-04,Premium,high_value,11,159,1,34,100,100,75,95.0,16.0,17.666666666666668,9.43396226415095,1,1,0,0,0,0,0,0,Low Risk
Customer_00910,1,2026-08-05,Premium,high_value,25,236,26,37,100,75,75,87.5,17.8,16.0,-11.250000000000004,1,1,0,1,0,0,0,25,Low Risk
Customer_00911,1,2026-08-01,Standard,mid_value,12,87,25,18,75,75,100,80.0,12.0,,,1,1,0,1,0,0,0,25,Low Risk
Customer_00911,1,2026-08-02,Standard,mid_value,8,91,24,10,75,75,100,80.0,10.0,12.0,16.666666666666664,1,1,0,1,0,0,0,25,Low Risk
Customer_00911,1,2026-08-03,Standard,mid_value,15,111,4,11,100,100,100,100.0,11.666666666666666,10.0,-16.66666666666666,1,1,0,0,0,0,0,0,Low Risk
Customer_00911,1,2026-08-04,Standard,mid_value,9,111,28,27,100,75,100,92.5,11.0,11.666666666666666,5.714285714285709,1,1,0,1,0,0,0,25,Low Risk
Customer_00911,1,2026-08-05,Standard,mid_value,15,96,24,47,75,75,75,75.0,11.8,11.0,-7.27272727272728,1,1,0,1,1,0,0,45,Medium Risk
Customer_00912,9,2026-08-01,Standard,mid_value,13,94,17,40,75,75,75,75.0,13.0,,,1,1,0,0,0,0,0,0,Low Risk
Customer_00912,9,2026-08-02,Standard,mid_value,5,82,20,48,75,75,75,75.0,9.0,13.0,30.76923076923077,1,1,1,0,1,0,0,50,Medium Risk
Customer_00912,9,2026-08-03,Standard,mid_value,15,106,10,12,100,100,100,100.0,11.0,9.0,-22.22222222222222,1,1,0,0,0,0,0,0,Low Risk
Customer_00912,9,2026-08-04,Standard,mid_value,14,114,29,32,100,75,75,87.5,11.75,11.0,-6.8181818181818175,1,1,0,1,0,0,0,25,Low Risk
Customer_00912,9,2026-08-05,Standard,mid_value,6,116,10,11,100,100,100,100.0,10.6,11.75,9.787234042553196,1,1,0,0,0,0,0,0,Low Risk
Customer_00913,8,2026-08-01,Premium,high_value,24,197,1,13,100,100,100,100.0,24.0,,,1,1,0,0,0,0,0,0,Low Risk
Customer_00913,8,2026-08-02,Premium,high_value,17,247,2,20,100,100,100,100.0,20.5,24.0,14.583333333333334,1,1,0,0,0,0,0,0,Low Risk
Customer_00913,8,2026-08-03,Premium,high_value,16,184,2,14,100,100,100,100.0,19.0,20.5,7.317073170731707,1,1,0,0,0,0,0,0,Low Risk
Customer_00913,8,2026-08-04,Premium,high_value,25,241,15,46,100,75,75,87.5,20.5,19.0,-7.894736842105263,1,1,0,0,1,0,0,20,Low Risk
Customer_00913,8,2026-08-05,Premium,high_value,24,249,12,35,100,75,75,87.5,21.2,20.5,-3.41463414634146,1,1,0,0,0,0,0,0,Low Risk
Customer_00914,3,2026-08-01,Premium,high_value,20,191,23,13,100,75,100,92.5,20.0,,,1,1,0,1,0,0,0,25,Low Risk
Customer_00914,3,2026-08-02,Premium,high_value,24,234,9,18,100,100,100,100.0,22.0,20.0,-10.0,1,1,0,0,0,0,0,0,Low Risk
Customer_00914,3,2026-08-03,Premium,high_value,15,207,18,12,100,75,100,92.5,19.666666666666668,22.0,10.6060606060606,1,1,0,0,0,0,0,0,Low Risk
Customer_00914,3,2026-08-04,Premium,high_value,14,229,5,41,100,100,75,95.0,18.25,19.666666666666668,7.20338983050848,1,1,0,0,1,0,0,20,Low Risk
Customer_00914,3,2026-08-05,Premium,high_value,12,230,2,26,100,100,100,100.0,17.0,18.25,6.849315068493151,1,1,0,0,0,0,0,0,Low Risk
Customer_00915,3,2026-08-01,Premium,high_value,11,231,26,31,100,75,75,87.5,11.0,,,0,0,0,1,0,0,0,25,Low Risk
Customer_00915,3,2026-08-02,Premium,high_value,22,172,9,23,100,100,100,100.0,16.5,11.0,-50.0,0,0,0,0,0,0,0,0,Low Risk
Customer_00915,3,2026-08-03,Premium,high_value,13,170,6,20,100,100,100,100.0,15.333333333333334,16.5,7.070707070707067,0,0,0,0,0,0,0,0,Low Risk
Customer_00915,3,2026-08-04,Premium,high_value,20,153,2,21,100,100,100,100.0,16.5,15.333333333333334,-7.608695652173909,0,0,0,0,0,0,0,0,Low Risk
Customer_00915,3,2026-08-05,Premium,high_value,16,242,24,13,100,75,100,92.5,16.4,16.5,0.6060606060606146,0,0,0,1,0,0,0,25,Low Risk
Customer_00916,9,2026-08-01,Standard,mid_value,12,90,6,21,75,100,100,87.5,12.0,,,1,1,0,0,0,0,0,0,Low Risk
Customer_00916,9,2026-08-02,Standard,mid_value,12,81,5,30,75,100,100,87.5,12.0,12.0,0.0,1,1,0,0,0,0,0,0,Low Risk
Customer_00916,9,2026-08-03,Standard,mid_value,15,108,24,29,100,75,100,92.5,13.0,12.0,-8.333333333333332,1,1,0,1,0,0,0,25,Low Risk
Customer_00916,9,2026-08-04,Standard,mid_value,6,111,13,30,100,75,100,92.5,11.25,13.0,13.461538461538462,1,1,0,0,0,0,0,0,Low Risk
Customer_00916,9,2026-08-05,Standard,mid_value,6,92,27,35,75,75,75,75.0,10.2,11.25,9.33333333333334,1,1,0,1,0,0,0,25,Low Risk
Customer_00917,4,2026-08-01,Standard,mid_value,10,94,4,25,75,100,100,87.5,10.0,,,0,0,0,0,0,0,0,0,Low Risk
Customer_00917,4,2026-08-02,Standard,mid_value,11,113,27,22,100,75,100,92.5,10.5,10.0,-5.0,0,0,0,1,0,0,0,25,Low Risk
Customer_00917,4,2026-08-03,Standard,mid_value,7,100,11,21,100,75,100,92.5,9.333333333333334,10.5,11.111111111111104,0,0,0,0,0,0,0,0,Low Risk
Customer_00917,4,2026-08-04,Standard,mid_value,9,112,15,12,100,75,100,92.5,9.25,9.333333333333334,0.8928571428571492,0,0,0,0,0,0,0,0,Low Risk
Customer_00917,4,2026-08-05,Standard,mid_value,6,90,6,19,75,100,100,87.5,8.6,9.25,7.02702702702703,0,0,0,0,0,0,0,0,Low Risk
Customer_00918,1,2026-08-01,Standard,mid_value,11,89,16,25,75,75,100,80.0,11.0,,,1,1,0,0,0,0,0,0,Low Risk
Customer_00918,1,2026-08-02,Standard,mid_value,8,107,7,18,100,100,100,100.0,9.5,11.0,13.636363636363637,1,1,0,0,0,0,0,0,Low Risk
Customer_00918,1,2026-08-03,Standard,mid_value,8,115,28,31,100,75,75,87.5,9.0,9.5,5.263157894736842,1,1,0,1,0,0,0,25,Low Risk
Customer_00918,1,2026-08-04,Standard,mid_value,5,99,19,22,75,75,100,80.0,8.0,9.0,11.11111111111111,1,1,0,0,0,0,0,0,Low Risk
Customer_00918,1,2026-08-05,Standard,mid_value,14,103,12,26,100,75,100,92.5,9.2,8.0,-14.999999999999991,1,1,0,0,0,0,0,0,Low Risk
Customer_00919,10,2026-08-01,Standard,mid_value,8,108,1,19,100,100,100,100.0,8.0,,,0,0,0,0,0,0,0,0,Low Risk
Customer_00919,10,2026-08-02,Standard,mid_value,13,106,3,29,100,100,100,100.0,10.5,8.0,-31.25,0,0,0,0,0,0,0,0,Low Risk
Customer_00919,10,2026-08-03,Standard,mid_value,12,106,10,38,100,100,75,95.0,11.0,10.5,-4.761904761904762,0,0,0,0,0,0,0,0,Low Risk
Customer_00919,10,2026-08-04,Standard,mid_value,9,97,22,25,75,75,100,80.0,10.5,11.0,4.545454545454546,0,0,0,1,0,0,0,25,Low Risk
Customer_00919,10,2026-08-05,Standard,mid_value,12,81,22,29,75,75,100,80.0,10.8,10.5,-2.857142857142864,0,0,0,1,0,0,0,25,Low Risk
Customer_00920,1,2026-08-01,Premium,high_value,12,225,12,23,100,75,100,92.5,12.0,,,1,1,0,0,0,0,0,0,Low Risk
Customer_00920,1,2026-08-02,Premium,high_value,15,229,1,16,100,100,100,100.0,13.5,12.0,-12.5,1,1,0,0,0,0,0,0,Low Risk
Customer_00920,1,2026-08-03,Premium,high_value,16,150,28,27,100,75,100,92.5,14.333333333333334,13.5,-6.172839506172844,1,1,0,1,0,0,0,25,Low Risk
Customer_00920,1,2026-08-04,Premium,high_value,18,222,11,36,100,75,75,87.5,15.25,14.333333333333334,-6.395348837209299,1,1,0,0,0,0,0,0,Low Risk
Customer_00920,1,2026-08-05,Premium,high_value,21,193,3,42,100,100,75,95.0,16.4,15.25,-7.540983606557368,1,1,0,0,1,0,0,20,Low Risk
Customer_00921,8,2026-08-01,Premium,high_value,12,175,12,38,100,75,75,87.5,12.0,,,1,1,0,0,0,0,0,0,Low Risk
Customer_00921,8,2026-08-02,Premium,high_value,16,249,18,45,100,75,75,87.5,14.0,12.0,-16.666666666666664,1,1,0,0,1,0,0,20,Low Risk
Customer_00921,8,2026-08-03,Premium,high_value,25,188,7,43,100,100,75,95.0,17.666666666666668,14.0,-26.1904761904762,1,1,0,0,1,0,0,20,Low Risk
Customer_00921,8,2026-08-04,Premium,high_value,21,222,12,24,100,75,100,92.5,18.5,17.666666666666668,-4.716981132075464,1,1,0,0,0,0,0,0,Low Risk
Customer_00921,8,2026-08-05,Premium,high_value,15,221,9,15,100,100,100,100.0,17.8,18.5,3.78378378378378,1,1,0,0,0,0,0,0,Low Risk
Customer_00922,5,2026-08-01,Premium,high_value,15,161,27,41,100,75,75,87.5,15.0,,,1,1,0,1,1,0,0,45,Medium Risk
Customer_00922,5,2026-08-02,Premium,high_value,10,231,25,13,100,75,100,92.5,12.5,15.0,16.666666666666664,1,1,0,1,0,0,0,25,Low Risk
Customer_00922,5,2026-08-03,Premium,high_value,24,206,9,27,100,100,100,100.0,16.333333333333332,12.5,-30.666666666666657,1,1,0,0,0,0,0,0,Low Risk
Customer_00922,5,2026-08-04,Premium,high_value,16,215,2,44,100,100,75,95.0,16.25,16.333333333333332,0.5102040816326459,1,1,0,0,1,0,0,20,Low Risk
Customer_00922,5,2026-08-05,Premium,high_value,18,238,2,25,100,100,100,100.0,16.6,16.25,-2.153846153846162,1,1,0,0,0,0,0,0,Low Risk
Customer_00923,10,2026-08-01,Premium,high_value,24,200,9,26,100,100,100,100.0,24.0,,,0,0,0,0,0,0,0,0,Low Risk
Customer_00923,10,2026-08-02,Premium,high_value,13,250,25,31,100,75,75,87.5,18.5,24.0,22.916666666666664,0,0,0,1,0,0,0,25,Low Risk
Customer_00923,10,2026-08-03,Premium,high_value,11,241,22,39,100,75,75,87.5,16.0,18.5,13.513513513513514,0,0,0,1,0,0,0,25,Low Risk
Customer_00923,10,2026-08-04,Premium,high_value,19,208,20,24,100,75,100,92.5,16.75,16.0,-4.6875,0,0,0,0,0,0,0,0,Low Risk
Customer_00923,10,2026-08-05,Premium,high_value,16,214,16,20,100,75,100,92.5,16.6,16.75,0.8955223880596931,0,0,0,0,0,0,0,0,Low Risk
Customer_00924,5,2026-08-01,Premium,high_value,17,241,22,31,100,75,75,87.5,17.0,,,1,1,0,1,0,0,0,25,Low Risk
Customer_00924,5,2026-08-02,Premium,high_value,13,219,6,15,100,100,100,100.0,15.0,17.0,11.76470588235294,1,1,0,0,0,0,0,0,Low Risk
Customer_00924,5,2026-08-03,Premium,high_value,11,237,22,11,100,75,100,92.5,13.666666666666666,15.0,8.888888888888893,1,1,0,1,0,0,0,25,Low Risk
Customer_00924,5,2026-08-04,Premium,high_value,18,162,13,13,100,75,100,92.5,14.75,13.666666666666666,-7.926829268292687,1,1,0,0,0,0,0,0,Low Risk
Customer_00924,5,2026-08-05,Premium,high_value,24,228,10,16,100,100,100,100.0,16.6,14.75,-12.542372881355943,1,1,0,0,0,0,0,0,Low Risk
Customer_00925,7,2026-08-01,Premium,high_value,13,174,22,38,100,75,75,87.5,13.0,,,0,0,0,1,0,0,0,25,Low Risk
Customer_00925,7,2026-08-02,Premium,high_value,13,169,13,30,100,75,100,92.5,13.0,13.0,0.0,0,0,0,0,0,0,0,0,Low Risk
Customer_00925,7,2026-08-03,Premium,high_value,24,208,3,31,100,100,75,95.0,16.666666666666668,13.0,-28.20512820512821,0,0,0,0,0,0,0,0,Low Risk
Customer_00925,7,2026-08-04,Premium,high_value,22,224,16,10,100,75,100,92.5,18.0,16.666666666666668,-7.999999999999992,0,0,0,0,0,0,0,0,Low Risk
Customer_00925,7,2026-08-05,Premium,high_value,16,232,0,40,100,100,75,95.0,17.6,18.0,2.2222222222222143,0,0,0,0,0,0,0,0,Low Risk
Customer_00926,1,2026-08-01,Premium,high_value,11,229,26,21,100,75,100,92.5,11.0,,,1,1,0,1,0,0,0,25,Low Risk
Customer_00926,1,2026-08-02,Premium,high_value,23,168,24,22,100,75,100,92.5,17.0,11.0,-54.54545454545454,1,1,0,1,0,0,0,25,Low Risk
Customer_00926,1,2026-08-03,Premium,high_value,24,162,23,41,100,75,75,87.5,19.33333333333333,17.0,-13.725490196078423,1,1,0,1,1,0,0,45,Medium Risk
Customer_00926,1,2026-08-04,Premium,high_value,24,191,15,42,100,75,75,87.5,20.5,19.33333333333333,-6.034482758620696,1,1,0,0,1,0,0,20,Low Risk
Customer_00926,1,2026-08-05,Premium,high_value,25,240,0,30,100,100,100,100.0,21.4,20.5,-4.390243902439018,1,1,0,0,0,0,0,0,Low Risk
Customer_00927,10,2026-08-01,Basic,low_value,4,58,18,10,75,75,100,80.0,4.0,,,1,1,0,0,0,0,0,0,Low Risk
Customer_00927,10,2026-08-02,Basic,low_value,2,47,14,11,50,75,100,67.5,3.0,4.0,25.0,1,1,0,0,0,0,0,0,Low Risk
Customer_00927,10,2026-08-03,Basic,low_value,2,40,26,37,50,75,75,62.5,2.6666666666666665,3.0,11.111111111111116,1,1,0,1,0,0,0,25,Low Risk
Customer_00927,10,2026-08-04,Basic,low_value,2,52,16,29,75,75,100,80.0,2.5,2.6666666666666665,6.249999999999995,1,1,0,0,0,0,0,0,Low Risk
Customer_00927,10,2026-08-05,Basic,low_value,3,57,27,45,75,75,75,75.0,2.6,2.5,-4.000000000000004,1,1,0,1,1,0,0,45,Medium Risk
Customer_00928,9,2026-08-01,Standard,mid_value,9,91,2,14,75,100,100,87.5,9.0,,,0,0,0,0,0,0,0,0,Low Risk
Customer_00928,9,2026-08-02,Standard,mid_value,8,104,6,20,100,100,100,100.0,8.5,9.0,5.555555555555555,0,0,0,0,0,0,0,0,Low Risk
Customer_00928,9,2026-08-03,Standard,mid_value,12,86,11,17,75,75,100,80.0,9.666666666666666,8.5,-13.725490196078423,0,0,0,0,0,0,0,0,Low Risk
Customer_00928,9,2026-08-04,Standard,mid_value,9,107,28,48,100,75,75,87.5,9.5,9.666666666666666,1.7241379310344769,0,0,0,1,1,0,0,45,Medium Risk
Customer_00928,9,2026-08-05,Standard,mid_value,14,118,12,13,100,75,100,92.5,10.4,9.5,-9.47368421052632,0,0,0,0,0,0,0,0,Low Risk
Customer_00929,5,2026-08-01,Standard,mid_value,11,112,19,20,100,75,100,92.5,11.0,,,0,0,0,0,0,0,0,0,Low Risk
Customer_00929,5,2026-08-02,Standard,mid_value,6,82,7,34,75,100,75,82.5,8.5,11.0,22.727272727272727,0,0,0,0,0,0,0,0,Low Risk
Customer_00929,5,2026-08-03,Standard,mid_value,10,90,17,20,75,75,100,80.0,9.0,8.5,-5.88235294117647,0,0,0,0,0,0,0,0,Low Risk
Customer_00929,5,2026-08-04,Standard,mid_value,10,111,1,27,100,100,100,100.0,9.25,9.0,-2.7777777777777777,0,0,0,0,0,0,0,0,Low Risk
Customer_00929,5,2026-08-05,Standard,mid_value,12,85,18,31,75,75,75,75.0,9.8,9.25,-5.945945945945954,0,0,0,0,0,0,0,0,Low Risk
Customer_00930,7,2026-08-01,Premium,high_value,19,232,1,49,100,100,75,95.0,19.0,,,1,1,0,0,1,0,0,20,Low Risk
Customer_00930,7,2026-08-02,Premium,high_value,13,164,26,25,100,75,100,92.5,16.0,19.0,15.789473684210526,1,1,0,1,0,0,0,25,Low Risk
Customer_00930,7,2026-08-03,Premium,high_value,22,245,22,27,100,75,100,92.5,18.0,16.0,-12.5,1,1,0,1,0,0,0,25,Low Risk
Customer_00930,7,2026-08-04,Premium,high_value,20,182,19,11,100,75,100,92.5,18.5,18.0,-2.7777777777777777,1,1,0,0,0,0,0,0,Low Risk
Customer_00930,7,2026-08-05,Premium,high_value,17,202,9,38,100,100,75,95.0,18.2,18.5,1.6216216216216257,1,1,0,0,0,0,0,0,Low Risk
Customer_00931,1,2026-08-01,Premium,high_value,24,236,18,46,100,75,75,87.5,24.0,,,1,1,0,0,1,0,0,20,Low Risk
Customer_00931,1,2026-08-02,Premium,high_value,14,243,21,43,100,75,75,87.5,19.0,24.0,20.833333333333336,1,1,0,1,1,0,0,45,Medium Risk
Customer_00931,1,2026-08-03,Premium,high_value,15,172,24,38,100,75,75,87.5,17.666666666666668,19.0,7.017543859649117,1,1,0,1,0,0,0,25,Low Risk
Customer_00931,1,2026-08-04,Premium,high_value,10,217,4,26,100,100,100,100.0,15.75,17.666666666666668,10.84905660377359,1,1,0,0,0,0,0,0,Low Risk
Customer_00931,1,2026-08-05,Premium,high_value,21,204,26,35,100,75,75,87.5,16.8,15.75,-6.666666666666671,1,1,0,1,0,0,0,25,Low Risk
Customer_00932,6,2026-08-01,Premium,high_value,13,197,6,39,100,100,75,95.0,13.0,,,1,1,0,0,0,0,0,0,Low Risk
Customer_00932,6,2026-08-02,Premium,high_value,12,189,22,25,100,75,100,92.5,12.5,13.0,3.8461538461538463,1,1,0,1,0,0,0,25,Low Risk
Customer_00932,6,2026-08-03,Premium,high_value,20,163,26,14,100,75,100,92.5,15.0,12.5,-20.0,1,1,0,1,0,0,0,25,Low Risk
Customer_00932,6,2026-08-04,Premium,high_value,11,155,2,25,100,100,100,100.0,14.0,15.0,6.666666666666667,1,1,0,0,0,0,0,0,Low Risk
Customer_00932,6,2026-08-05,Premium,high_value,15,216,21,48,100,75,75,87.5,14.2,14.0,-1.4285714285714235,1,1,0,1,1,0,0,45,Medium Risk
Customer_00933,6,2026-08-01,Premium,high_value,24,247,10,28,100,100,100,100.0,24.0,,,1,1,0,0,0,0,0,0,Low Risk
Customer_00933,6,2026-08-02,Premium,high_value,14,240,14,47,100,75,75,87.5,19.0,24.0,20.833333333333336,1,1,0,0,1,0,0,20,Low Risk
Customer_00933,6,2026-08-03,Premium,high_value,25,198,13,40,100,75,75,87.5,21.0,19.0,-10.526315789473683,1,1,0,0,0,0,0,0,Low Risk
Customer_00933,6,2026-08-04,Premium,high_value,22,175,30,15,100,75,100,92.5,21.25,21.0,-1.1904761904761905,1,1,0,1,0,0,0,25,Low Risk
Customer_00933,6,2026-08-05,Premium,high_value,23,215,26,41,100,75,75,87.5,21.6,21.25,-1.6470588235294186,1,1,0,1,1,0,0,45,Medium Risk
Customer_00934,6,2026-08-01,Premium,high_value,19,182,4,42,100,100,75,95.0,19.0,,,1,1,0,0,1,0,0,20,Low Risk
Customer_00934,6,2026-08-02,Premium,high_value,17,175,16,42,100,75,75,87.5,18.0,19.0,5.263157894736842,1,1,0,0,1,0,0,20,Low Risk
Customer_00934,6,2026-08-03,Premium,high_value,19,153,3,36,100,100,75,95.0,18.33333333333333,18.0,-1.8518518518518448,1,1,0,0,0,0,0,0,Low Risk
Customer_00934,6,2026-08-04,Premium,high_value,18,190,17,38,100,75,75,87.5,18.25,18.33333333333333,0.4545454545454481,1,1,0,0,0,0,0,0,Low Risk
Customer_00934,6,2026-08-05,Premium,high_value,15,226,19,12,100,75,100,92.5,17.6,18.25,3.561643835616431,1,1,0,0,0,0,0,0,Low Risk
Customer_00935,1,2026-08-01,Premium,high_value,18,244,27,13,100,75,100,92.5,18.0,,,0,0,0,1,0,0,0,25,Low Risk
Customer_00935,1,2026-08-02,Premium,high_value,23,247,11,26,100,75,100,92.5,20.5,18.0,-13.88888888888889,0,0,0,0,0,0,0,0,Low Risk
Customer_00935,1,2026-08-03,Premium,high_value,21,200,27,17,100,75,100,92.5,20.666666666666668,20.5,-0.8130081300813066,0,0,0,1,0,0,0,25,Low Risk
Customer_00935,1,2026-08-04,Premium,high_value,23,202,6,36,100,100,75,95.0,21.25,20.666666666666668,-2.8225806451612843,0,0,0,0,0,0,0,0,Low Risk
Customer_00935,1,2026-08-05,Premium,high_value,17,189,8,49,100,100,75,95.0,20.4,21.25,4.000000000000007,0,0,0,0,1,0,0,20,Low Risk
Customer_00936,1,2026-08-01,Premium,high_value,19,233,21,47,100,75,75,87.5,19.0,,,1,1,0,1,1,0,0,45,Medium Risk
Customer_00936,1,2026-08-02,Premium,high_value,12,228,4,30,100,100,100,100.0,15.5,19.0,18.421052631578945,1,1,0,0,0,0,0,0,Low Risk
Customer_00936,1,2026-08-03,Premium,high_value,12,181,9,11,100,100,100,100.0,14.333333333333334,15.5,7.526881720430103,1,1,0,0,0,0,0,0,Low Risk
Customer_00936,1,2026-08-04,Premium,high_value,15,234,28,11,100,75,100,92.5,14.5,14.333333333333334,-1.1627906976744145,1,1,0,1,0,0,0,25,Low Risk
Customer_00936,1,2026-08-05,Premium,high_value,11,245,24,33,100,75,75,87.5,13.8,14.5,4.827586206896547,1,1,0,1,0,0,0,25,Low Risk
Customer_00937,5,2026-08-01,Basic,low_value,2,51,26,50,75,75,75,75.0,2.0,,,1,1,0,1,1,0,0,45,Medium Risk
Customer_00937,5,2026-08-02,Basic,low_value,4,47,17,43,50,75,75,62.5,3.0,2.0,-50.0,1,1,0,0,1,0,0,20,Low Risk
Customer_00937,5,2026-08-03,Basic,low_value,2,44,15,32,50,75,75,62.5,2.6666666666666665,3.0,11.111111111111116,1,1,0,0,0,0,0,0,Low Risk
Customer_00937,5,2026-08-04,Basic,low_value,3,58,11,14,75,75,100,80.0,2.75,2.6666666666666665,-3.1250000000000053,1,1,0,0,0,0,0,0,Low Risk
Customer_00937,5,2026-08-05,Basic,low_value,1,48,13,35,50,75,75,62.5,2.4,2.75,12.727272727272732,1,1,0,0,0,0,0,0,Low Risk
Customer_00938,5,2026-08-01,Premium,high_value,15,241,17,49,100,75,75,87.5,15.0,,,1,1,0,0,1,0,0,20,Low Risk
Customer_00938,5,2026-08-02,Premium,high_value,13,174,9,35,100,100,75,95.0,14.0,15.0,6.666666666666667,1,1,0,0,0,0,0,0,Low Risk
Customer_00938,5,2026-08-03,Premium,high_value,19,233,9,31,100,100,75,95.0,15.666666666666666,14.0,-11.9047619047619,1,1,0,0,0,0,0,0,Low Risk
Customer_00938,5,2026-08-04,Premium,high_value,17,210,11,32,100,75,75,87.5,16.0,15.666666666666666,-2.127659574468089,1,1,0,0,0,0,0,0,Low Risk
Customer_00938,5,2026-08-05,Premium,high_value,17,191,25,35,100,75,75,87.5,16.2,16.0,-1.2499999999999956,1,1,0,1,0,0,0,25,Low Risk
Customer_00939,10,2026-08-01,Basic,low_value,1,41,27,36,50,75,75,62.5,1.0,,,1,1,0,1,0,0,0,25,Low Risk
Customer_00939,10,2026-08-02,Basic,low_value,1,56,25,27,75,75,100,80.0,1.0,1.0,0.0,1,1,0,1,0,0,0,25,Low Risk
Customer_00939,10,2026-08-03,Basic,low_value,4,51,3,15,75,100,100,87.5,2.0,1.0,-100.0,1,1,0,0,0,0,0,0,Low Risk
Customer_00939,10,2026-08-04,Basic,low_value,5,42,10,39,50,100,75,70.0,2.75,2.0,-37.5,1,1,0,0,0,0,0,0,Low Risk
Customer_00939,10,2026-08-05,Basic,low_value,3,45,13,25,50,75,100,67.5,2.8,2.75,-1.818181818181812,1,1,0,0,0,0,0,0,Low Risk
Customer_00940,1,2026-08-01,Premium,high_value,10,240,14,39,100,75,75,87.5,10.0,,,1,1,0,0,0,0,0,0,Low Risk
Customer_00940,1,2026-08-02,Premium,high_value,18,152,8,23,100,100,100,100.0,14.0,10.0,-40.0,1,1,0,0,0,0,0,0,Low Risk
Customer_00940,1,2026-08-03,Premium,high_value,20,224,29,17,100,75,100,92.5,16.0,14.0,-14.285714285714285,1,1,0,1,0,0,0,25,Low Risk
Customer_00940,1,2026-08-04,Premium,high_value,24,150,14,31,100,75,75,87.5,18.0,16.0,-12.5,1,1,0,0,0,0,0,0,Low Risk
Customer_00940,1,2026-08-05,Premium,high_value,19,229,24,11,100,75,100,92.5,18.2,18.0,-1.1111111111111072,1,1,0,1,0,0,0,25,Low Risk
Customer_00941,7,2026-08-01,Standard,mid_value,9,93,23,13,75,75,100,80.0,9.0,,,0,0,0,1,0,0,0,25,Low Risk
Customer_00941,7,2026-08-02,Standard,mid_value,5,117,16,50,100,75,75,87.5,7.0,9.0,22.22222222222222,0,0,0,0,1,0,0,20,Low Risk
Customer_00941,7,2026-08-03,Standard,mid_value,8,87,4,41,75,100,75,82.5,7.333333333333333,7.0,-4.761904761904757,0,0,0,0,1,0,0,20,Low Risk
Customer_00941,7,2026-08-04,Standard,mid_value,6,83,1,29,75,100,100,87.5,7.0,7.333333333333333,4.545454545454541,0,0,0,0,0,0,0,0,Low Risk
Customer_00941,7,2026-08-05,Standard,mid_value,12,109,21,13,100,75,100,92.5,8.0,7.0,-14.285714285714285,0,0,0,1,0,0,0,25,Low Risk
Customer_00942,9,2026-08-01,Premium,high_value,14,177,19,31,100,75,75,87.5,14.0,,,0,0,0,0,0,0,0,0,Low Risk
Customer_00942,9,2026-08-02,Premium,high_value,19,196,9,19,100,100,100,100.0,16.5,14.0,-17.857142857142858,0,0,0,0,0,0,0,0,Low Risk
Customer_00942,9,2026-08-03,Premium,high_value,11,197,20,24,100,75,100,92.5,14.666666666666666,16.5,11.111111111111114,0,0,0,0,0,0,0,0,Low Risk
Customer_00942,9,2026-08-04,Premium,high_value,16,240,6,17,100,100,100,100.0,15.0,14.666666666666666,-2.272727272727277,0,0,0,0,0,0,0,0,Low Risk
Customer_00942,9,2026-08-05,Premium,high_value,16,175,3,13,100,100,100,100.0,15.2,15.0,-1.3333333333333286,0,0,0,0,0,0,0,0,Low Risk
Customer_00943,4,2026-08-01,Premium,high_value,14,161,29,44,100,75,75,87.5,14.0,,,0,0,0,1,1,0,0,45,Medium Risk
Customer_00943,4,2026-08-02,Premium,high_value,17,191,28,44,100,75,75,87.5,15.5,14.0,-10.714285714285714,0,0,0,1,1,0,0,45,Medium Risk
Customer_00943,4,2026-08-03,Premium,high_value,23,213,14,29,100,75,100,92.5,18.0,15.5,-16.129032258064516,0,0,0,0,0,0,0,0,Low Risk
Customer_00943,4,2026-08-04,Premium,high_value,10,210,0,47,100,100,75,95.0,16.0,18.0,11.11111111111111,0,0,0,0,1,0,0,20,Low Risk
Customer_00943,4,2026-08-05,Premium,high_value,11,205,21,13,100,75,100,92.5,15.0,16.0,6.25,0,0,0,1,0,0,0,25,Low Risk
Customer_00944,4,2026-08-01,Premium,high_value,12,196,26,17,100,75,100,92.5,12.0,,,0,0,0,1,0,0,0,25,Low Risk
Customer_00944,4,2026-08-02,Premium,high_value,18,247,15,37,100,75,75,87.5,15.0,12.0,-25.0,0,0,0,0,0,0,0,0,Low Risk
Customer_00944,4,2026-08-03,Premium,high_value,14,232,26,20,100,75,100,92.5,14.666666666666666,15.0,2.2222222222222263,0,0,0,1,0,0,0,25,Low Risk
Customer_00944,4,2026-08-04,Premium,high_value,17,198,22,34,100,75,75,87.5,15.25,14.666666666666666,-3.977272727272732,0,0,0,1,0,0,0,25,Low Risk
Customer_00944,4,2026-08-05,Premium,high_value,21,185,26,16,100,75,100,92.5,16.4,15.25,-7.540983606557368,0,0,0,1,0,0,0,25,Low Risk
Customer_00945,9,2026-08-01,Standard,mid_value,7,113,21,11,100,75,100,92.5,7.0,,,1,1,0,1,0,0,0,25,Low Risk
Customer_00945,9,2026-08-02,Standard,mid_value,6,111,10,25,100,100,100,100.0,6.5,7.0,7.142857142857142,1,1,0,0,0,0,0,0,Low Risk
Customer_00945,9,2026-08-03,Standard,mid_value,11,104,4,49,100,100,75,95.0,8.0,6.5,-23.07692307692308,1,1,0,0,1,0,0,20,Low Risk
Customer_00945,9,2026-08-04,Standard,mid_value,13,109,17,18,100,75,100,92.5,9.25,8.0,-15.625,1,1,0,0,0,0,0,0,Low Risk
Customer_00945,9,2026-08-05,Standard,mid_value,12,113,9,44,100,100,75,95.0,9.8,9.25,-5.945945945945954,1,1,0,0,1,0,0,20,Low Risk
Customer_00946,5,2026-08-01,Premium,high_value,14,226,15,19,100,75,100,92.5,14.0,,,1,1,0,0,0,0,0,0,Low Risk
Customer_00946,5,2026-08-02,Premium,high_value,11,199,15,20,100,75,100,92.5,12.5,14.0,10.714285714285714,1,1,0,0,0,0,0,0,Low Risk
Customer_00946,5,2026-08-03,Premium,high_value,12,151,11,21,100,75,100,92.5,12.333333333333334,12.5,1.3333333333333286,1,1,0,0,0,0,0,0,Low Risk
Customer_00946,5,2026-08-04,Premium,high_value,22,205,3,36,100,100,75,95.0,14.75,12.333333333333334,-19.59459459459459,1,1,0,0,0,0,0,0,Low Risk
Customer_00946,5,2026-08-05,Premium,high_value,19,156,23,24,100,75,100,92.5,15.6,14.75,-5.762711864406777,1,1,0,1,0,0,0,25,Low Risk
Customer_00947,10,2026-08-01,Basic,low_value,4,59,26,26,75,75,100,80.0,4.0,,,1,1,0,1,0,0,0,25,Low Risk
Customer_00947,10,2026-08-02,Basic,low_value,2,42,8,24,50,100,100,75.0,3.0,4.0,25.0,1,1,0,0,0,0,0,0,Low Risk
Customer_00947,10,2026-08-03,Basic,low_value,1,49,10,36,50,100,75,70.0,2.333333333333333,3.0,22.222222222222214,1,1,0,0,0,0,0,0,Low Risk
Customer_00947,10,2026-08-04,Basic,low_value,3,43,3,34,50,100,75,70.0,2.5,2.333333333333333,-7.142857142857135,1,1,0,0,0,0,0,0,Low Risk
Customer_00947,10,2026-08-05,Basic,low_value,4,44,17,15,50,75,100,67.5,2.8,2.5,-11.999999999999991,1,1,0,0,0,0,0,0,Low Risk
Customer_00948,10,2026-08-01,Standard,mid_value,9,99,2,22,75,100,100,87.5,9.0,,,0,0,0,0,0,0,0,0,Low Risk
Customer_00948,10,2026-08-02,Standard,mid_value,11,120,26,44,100,75,75,87.5,10.0,9.0,-11.11111111111111,0,0,0,1,1,0,0,45,Medium Risk
Customer_00948,10,2026-08-03,Standard,mid_value,13,96,12,12,75,75,100,80.0,11.0,10.0,-10.0,0,0,0,0,0,0,0,0,Low Risk
Customer_00948,10,2026-08-04,Standard,mid_value,7,109,19,50,100,75,75,87.5,10.0,11.0,9.090909090909092,0,0,0,0,1,0,0,20,Low Risk
Customer_00948,10,2026-08-05,Standard,mid_value,11,115,13,29,100,75,100,92.5,10.2,10.0,-1.999999999999993,0,0,0,0,0,0,0,0,Low Risk
Customer_00949,1,2026-08-01,Premium,high_value,16,244,30,42,100,75,75,87.5,16.0,,,1,1,0,1,1,0,0,45,Medium Risk
Customer_00949,1,2026-08-02,Premium,high_value,22,245,23,12,100,75,100,92.5,19.0,16.0,-18.75,1,1,0,1,0,0,0,25,Low Risk
Customer_00949,1,2026-08-03,Premium,high_value,16,183,1,20,100,100,100,100.0,18.0,19.0,5.263157894736842,1,1,0,0,0,0,0,0,Low Risk
Customer_00949,1,2026-08-04,Premium,high_value,12,246,2,49,100,100,75,95.0,16.5,18.0,8.333333333333332,1,1,0,0,1,0,0,20,Low Risk
Customer_00949,1,2026-08-05,Premium,high_value,14,197,18,31,100,75,75,87.5,16.0,16.5,3.0303030303030303,1,1,0,0,0,0,0,0,Low Risk
Customer_00950,10,2026-08-01,Premium,high_value,12,249,12,12,100,75,100,92.5,12.0,,,0,0,0,0,0,0,0,0,Low Risk
Customer_00950,10,2026-08-02,Premium,high_value,19,206,15,49,100,75,75,87.5,15.5,12.0,-29.166666666666668,0,0,0,0,1,0,0,20,Low Risk
Customer_00950,10,2026-08-03,Premium,high_value,22,192,28,37,100,75,75,87.5,17.666666666666668,15.5,-13.97849462365592,0,0,0,1,0,0,0,25,Low Risk
Customer_00950,10,2026-08-04,Premium,high_value,15,176,10,40,100,100,75,95.0,17.0,17.666666666666668,3.773584905660384,0,0,0,0,0,0,0,0,Low Risk
Customer_00950,10,2026-08-05,Premium,high_value,12,216,14,32,100,75,75,87.5,16.0,17.0,5.88235294117647,0,0,0,0,0,0,0,0,Low Risk
Customer_00951,1,2026-08-01,Premium,high_value,18,161,22,26,100,75,100,92.5,18.0,,,1,1,0,1,0,0,0,25,Low Risk
Customer_00951,1,2026-08-02,Premium,high_value,23,220,28,37,100,75,75,87.5,20.5,18.0,-13.88888888888889,1,1,0,1,0,0,0,25,Low Risk
Customer_00951,1,2026-08-03,Premium,high_value,20,223,9,38,100,100,75,95.0,20.33333333333333,20.5,0.8130081300813066,1,1,0,0,0,0,0,0,Low Risk
Customer_00951,1,2026-08-04,Premium,high_value,18,155,1,29,100,100,100,100.0,19.75,20.33333333333333,2.868852459016388,1,1,0,0,0,0,0,0,Low Risk
Customer_00951,1,2026-08-05,Premium,high_value,21,184,27,29,100,75,100,92.5,20.0,19.75,-1.2658227848101269,1,1,0,1,0,0,0,25,Low Risk
Customer_00952,5,2026-08-01,Standard,mid_value,10,100,7,32,100,100,75,95.0,10.0,,,0,0,0,0,0,0,0,0,Low Risk
Customer_00952,5,2026-08-02,Standard,mid_value,13,117,29,17,100,75,100,92.5,11.5,10.0,-15.0,0,0,0,1,0,0,0,25,Low Risk
Customer_00952,5,2026-08-03,Standard,mid_value,5,101,6,18,100,100,100,100.0,9.333333333333334,11.5,18.84057971014492,0,0,0,0,0,0,0,0,Low Risk
Customer_00952,5,2026-08-04,Standard,mid_value,10,113,13,47,100,75,75,87.5,9.5,9.333333333333334,-1.7857142857142794,0,0,0,0,1,0,0,20,Low Risk
Customer_00952,5,2026-08-05,Standard,mid_value,6,109,15,10,100,75,100,92.5,8.8,9.5,7.368421052631572,0,0,0,0,0,0,0,0,Low Risk
Customer_00953,2,2026-08-01,Basic,low_value,3,48,4,18,50,100,100,75.0,3.0,,,1,1,0,0,0,0,0,0,Low Risk
Customer_00953,2,2026-08-02,Basic,low_value,1,55,13,19,75,75,100,80.0,2.0,3.0,33.33333333333333,1,1,1,0,0,0,0,30,Low Risk
Customer_00953,2,2026-08-03,Basic,low_value,3,50,16,23,75,75,100,80.0,2.333333333333333,2.0,-16.666666666666675,1,1,0,0,0,0,0,0,Low Risk
Customer_00953,2,2026-08-04,Basic,low_value,3,53,4,49,75,100,75,82.5,2.5,2.333333333333333,-7.142857142857135,1,1,0,0,1,0,0,20,Low Risk
Customer_00953,2,2026-08-05,Basic,low_value,2,60,9,50,75,100,75,82.5,2.4,2.5,4.000000000000004,1,1,0,0,1,0,0,20,Low Risk
Customer_00954,5,2026-08-01,Premium,high_value,20,245,10,17,100,100,100,100.0,20.0,,,1,1,0,0,0,0,0,0,Low Risk
Customer_00954,5,2026-08-02,Premium,high_value,11,238,13,49,100,75,75,87.5,15.5,20.0,22.5,1,1,0,0,1,0,0,20,Low Risk
Customer_00954,5,2026-08-03,Premium,high_value,21,236,30,14,100,75,100,92.5,17.333333333333332,15.5,-11.827956989247305,1,1,0,1,0,0,0,25,Low Risk
Customer_00954,5,2026-08-04,Premium,high_value,13,207,5,29,100,100,100,100.0,16.25,17.333333333333332,6.249999999999994,1,1,0,0,0,0,0,0,Low Risk
Customer_00954,5,2026-08-05,Premium,high_value,22,185,22,23,100,75,100,92.5,17.4,16.25,-7.076923076923068,1,1,0,1,0,0,0,25,Low Risk
Customer_00955,4,2026-08-01,Premium,high_value,24,221,3,48,100,100,75,95.0,24.0,,,0,0,0,0,1,0,0,20,Low Risk
Customer_00955,4,2026-08-02,Premium,high_value,24,174,20,49,100,75,75,87.5,24.0,24.0,0.0,0,0,0,0,1,0,0,20,Low Risk
Customer_00955,4,2026-08-03,Premium,high_value,21,199,18,27,100,75,100,92.5,23.0,24.0,4.166666666666666,0,0,0,0,0,0,0,0,Low Risk
Customer_00955,4,2026-08-04,Premium,high_value,18,168,2,46,100,100,75,95.0,21.75,23.0,5.434782608695652,0,0,0,0,1,0,0,20,Low Risk
Customer_00955,4,2026-08-05,Premium,high_value,14,155,8,31,100,100,75,95.0,20.2,21.75,7.126436781609198,0,0,0,0,0,0,0,0,Low Risk
Customer_00956,2,2026-08-01,Standard,mid_value,9,91,22,17,75,75,100,80.0,9.0,,,0,0,0,1,0,0,0,25,Low Risk
Customer_00956,2,2026-08-02,Standard,mid_value,5,92,4,31,75,100,75,82.5,7.0,9.0,22.22222222222222,0,0,0,0,0,0,0,0,Low Risk
Customer_00956,2,2026-08-03,Standard,mid_value,14,88,15,41,75,75,75,75.0,9.333333333333334,7.0,-33.33333333333334,0,0,0,0,1,0,0,20,Low Risk
Customer_00956,2,2026-08-04,Standard,mid_value,10,80,14,13,75,75,100,80.0,9.5,9.333333333333334,-1.7857142857142794,0,0,0,0,0,0,0,0,Low Risk
Customer_00956,2,2026-08-05,Standard,mid_value,10,101,10,44,100,100,75,95.0,9.6,9.5,-1.0526315789473648,0,0,0,0,1,0,0,20,Low Risk
Customer_00957,4,2026-08-01,Premium,high_value,14,179,25,46,100,75,75,87.5,14.0,,,0,0,0,1,1,0,0,45,Medium Risk
Customer_00957,4,2026-08-02,Premium,high_value,10,238,6,35,100,100,75,95.0,12.0,14.0,14.285714285714285,0,0,0,0,0,0,0,0,Low Risk
Customer_00957,4,2026-08-03,Premium,high_value,13,162,25,33,100,75,75,87.5,12.333333333333334,12.0,-2.777777777777783,0,0,0,1,0,0,0,25,Low Risk
Customer_00957,4,2026-08-04,Premium,high_value,10,211,5,35,100,100,75,95.0,11.75,12.333333333333334,4.729729729729734,0,0,0,0,0,0,0,0,Low Risk
Customer_00957,4,2026-08-05,Premium,high_value,18,229,16,11,100,75,100,92.5,13.0,11.75,-10.638297872340424,0,0,0,0,0,0,0,0,Low Risk
Customer_00958,4,2026-08-01,Standard,mid_value,13,100,17,17,100,75,100,92.5,13.0,,,1,1,0,0,0,0,0,0,Low Risk
Customer_00958,4,2026-08-02,Standard,mid_value,10,115,22,42,100,75,75,87.5,11.5,13.0,11.538461538461538,1,1,0,1,1,0,0,45,Medium Risk
Customer_00958,4,2026-08-03,Standard,mid_value,8,109,7,41,100,100,75,95.0,10.333333333333334,11.5,10.14492753623188,1,1,0,0,1,0,0,20,Low Risk
Customer_00958,4,2026-08-04,Standard,mid_value,8,104,30,36,100,75,75,87.5,9.75,10.333333333333334,5.645161290322586,1,1,0,1,0,0,0,25,Low Risk
Customer_00958,4,2026-08-05,Standard,mid_value,5,87,27,40,75,75,75,75.0,8.8,9.75,9.743589743589736,1,1,0,1,0,0,0,25,Low Risk
Customer_00959,5,2026-08-01,Premium,high_value,13,239,13,17,100,75,100,92.5,13.0,,,1,1,0,0,0,0,0,0,Low Risk
Customer_00959,5,2026-08-02,Premium,high_value,24,161,7,41,100,100,75,95.0,18.5,13.0,-42.30769230769231,1,1,0,0,1,0,0,20,Low Risk
Customer_00959,5,2026-08-03,Premium,high_value,14,248,25,21,100,75,100,92.5,17.0,18.5,8.108108108108109,1,1,0,1,0,0,0,25,Low Risk
Customer_00959,5,2026-08-04,Premium,high_value,22,178,4,25,100,100,100,100.0,18.25,17.0,-7.352941176470589,1,1,0,0,0,0,0,0,Low Risk
Customer_00959,5,2026-08-05,Premium,high_value,11,159,13,27,100,75,100,92.5,16.8,18.25,7.945205479452051,1,1,0,0,0,0,0,0,Low Risk
Customer_00960,9,2026-08-01,Premium,high_value,24,207,18,34,100,75,75,87.5,24.0,,,0,0,0,0,0,0,0,0,Low Risk
Customer_00960,9,2026-08-02,Premium,high_value,20,162,17,19,100,75,100,92.5,22.0,24.0,8.333333333333332,0,0,0,0,0,0,0,0,Low Risk
Customer_00960,9,2026-08-03,Premium,high_value,15,182,3,24,100,100,100,100.0,19.666666666666668,22.0,10.6060606060606,0,0,0,0,0,0,0,0,Low Risk
Customer_00960,9,2026-08-04,Premium,high_value,24,205,1,32,100,100,75,95.0,20.75,19.666666666666668,-5.50847457627118,0,0,0,0,0,0,0,0,Low Risk
Customer_00960,9,2026-08-05,Premium,high_value,21,239,15,28,100,75,100,92.5,20.8,20.75,-0.2409638554216901,0,0,0,0,0,0,0,0,Low Risk
Customer_00961,8,2026-08-01,Premium,high_value,18,161,2,25,100,100,100,100.0,18.0,,,0,0,0,0,0,0,0,0,Low Risk
Customer_00961,8,2026-08-02,Premium,high_value,21,173,12,19,100,75,100,92.5,19.5,18.0,-8.333333333333332,0,0,0,0,0,0,0,0,Low Risk
Customer_00961,8,2026-08-03,Premium,high_value,13,189,15,28,100,75,100,92.5,17.333333333333332,19.5,11.111111111111118,0,0,0,0,0,0,0,0,Low Risk
Customer_00961,8,2026-08-04,Premium,high_value,12,170,28,21,100,75,100,92.5,16.0,17.333333333333332,7.692307692307685,0,0,0,1,0,0,0,25,Low Risk
Customer_00961,8,2026-08-05,Premium,high_value,23,173,13,21,100,75,100,92.5,17.4,16.0,-8.749999999999991,0,0,0,0,0,0,0,0,Low Risk
Customer_00962,4,2026-08-01,Standard,mid_value,10,93,24,34,75,75,75,75.0,10.0,,,1,1,0,1,0,0,0,25,Low Risk
Customer_00962,4,2026-08-02,Standard,mid_value,12,83,1,14,75,100,100,87.5,11.0,10.0,-10.0,1,1,0,0,0,0,0,0,Low Risk
Customer_00962,4,2026-08-03,Standard,mid_value,13,90,12,28,75,75,100,80.0,11.666666666666666,11.0,-6.060606060606055,1,1,0,0,0,0,0,0,Low Risk
Customer_00962,4,2026-08-04,Standard,mid_value,14,110,25,15,100,75,100,92.5,12.25,11.666666666666666,-5.000000000000005,1,1,0,1,0,0,0,25,Low Risk
Customer_00962,4,2026-08-05,Standard,mid_value,11,120,12,45,100,75,75,87.5,12.0,12.25,2.0408163265306123,1,1,0,0,1,0,0,20,Low Risk
Customer_00963,10,2026-08-01,Basic,low_value,3,58,5,25,75,100,100,87.5,3.0,,,0,0,0,0,0,0,0,0,Low Risk
Customer_00963,10,2026-08-02,Basic,low_value,2,58,28,21,75,75,100,80.0,2.5,3.0,16.666666666666664,0,0,0,1,0,0,0,25,Low Risk
Customer_00963,10,2026-08-03,Basic,low_value,5,57,23,33,75,75,75,75.0,3.333333333333333,2.5,-33.333333333333336,0,0,0,1,0,0,0,25,Low Risk
Customer_00963,10,2026-08-04,Basic,low_value,3,43,10,37,50,100,75,70.0,3.25,3.333333333333333,2.5000000000000044,0,0,0,0,0,0,0,0,Low Risk
Customer_00963,10,2026-08-05,Basic,low_value,5,41,5,29,50,100,100,75.0,3.6,3.25,-10.769230769230772,0,0,0,0,0,0,0,0,Low Risk
Customer_00964,4,2026-08-01,Premium,high_value,18,212,18,43,100,75,75,87.5,18.0,,,1,1,0,0,1,0,0,20,Low Risk
Customer_00964,4,2026-08-02,Premium,high_value,16,154,27,17,100,75,100,92.5,17.0,18.0,5.555555555555555,1,1,0,1,0,0,0,25,Low Risk
Customer_00964,4,2026-08-03,Premium,high_value,14,215,4,40,100,100,75,95.0,16.0,17.0,5.88235294117647,1,1,0,0,0,0,0,0,Low Risk
Customer_00964,4,2026-08-04,Premium,high_value,16,223,4,35,100,100,75,95.0,16.0,16.0,0.0,1,1,0,0,0,0,0,0,Low Risk
Customer_00964,4,2026-08-05,Premium,high_value,13,167,25,30,100,75,100,92.5,15.4,16.0,3.749999999999998,1,1,0,1,0,0,0,25,Low Risk
Customer_00965,1,2026-08-01,Premium,high_value,15,193,18,30,100,75,100,92.5,15.0,,,1,1,0,0,0,0,0,0,Low Risk
Customer_00965,1,2026-08-02,Premium,high_value,14,155,22,44,100,75,75,87.5,14.5,15.0,3.333333333333333,1,1,0,1,1,0,0,45,Medium Risk
Customer_00965,1,2026-08-03,Premium,high_value,13,154,23,28,100,75,100,92.5,14.0,14.5,3.4482758620689653,1,1,0,1,0,0,0,25,Low Risk
Customer_00965,1,2026-08-04,Premium,high_value,11,154,12,27,100,75,100,92.5,13.25,14.0,5.357142857142857,1,1,0,0,0,0,0,0,Low Risk
Customer_00965,1,2026-08-05,Premium,high_value,16,235,15,30,100,75,100,92.5,13.8,13.25,-4.15094339622642,1,1,0,0,0,0,0,0,Low Risk
Customer_00966,1,2026-08-01,Premium,high_value,15,245,28,22,100,75,100,92.5,15.0,,,0,0,0,1,0,0,0,25,Low Risk
Customer_00966,1,2026-08-02,Premium,high_value,18,245,26,43,100,75,75,87.5,16.5,15.0,-10.0,0,0,0,1,1,0,0,45,Medium Risk
Customer_00966,1,2026-08-03,Premium,high_value,13,151,22,46,100,75,75,87.5,15.333333333333334,16.5,7.070707070707067,0,0,0,1,1,0,0,45,Medium Risk
Customer_00966,1,2026-08-04,Premium,high_value,17,189,3,44,100,100,75,95.0,15.75,15.333333333333334,-2.717391304347822,0,0,0,0,1,0,0,20,Low Risk
Customer_00966,1,2026-08-05,Premium,high_value,21,186,26,27,100,75,100,92.5,16.8,15.75,-6.666666666666671,0,0,0,1,0,0,0,25,Low Risk
Customer_00967,5,2026-08-01,Premium,high_value,23,198,13,29,100,75,100,92.5,23.0,,,1,1,0,0,0,0,0,0,Low Risk
Customer_00967,5,2026-08-02,Premium,high_value,23,219,17,27,100,75,100,92.5,23.0,23.0,0.0,1,1,0,0,0,0,0,0,Low Risk
Customer_00967,5,2026-08-03,Premium,high_value,12,158,8,47,100,100,75,95.0,19.33333333333333,23.0,15.94202898550725,1,1,0,0,1,0,0,20,Low Risk
Customer_00967,5,2026-08-04,Premium,high_value,11,173,5,18,100,100,100,100.0,17.25,19.33333333333333,10.775862068965512,1,1,0,0,0,0,0,0,Low Risk
Customer_00967,5,2026-08-05,Premium,high_value,11,182,24,16,100,75,100,92.5,16.0,17.25,7.246376811594203,1,1,0,1,0,0,0,25,Low Risk
Customer_00968,6,2026-08-01,Standard,mid_value,12,82,9,25,75,100,100,87.5,12.0,,,1,1,0,0,0,0,0,0,Low Risk
Customer_00968,6,2026-08-02,Standard,mid_value,7,102,26,40,100,75,75,87.5,9.5,12.0,20.833333333333336,1,1,0,1,0,0,0,25,Low Risk
Customer_00968,6,2026-08-03,Standard,mid_value,10,81,26,32,75,75,75,75.0,9.666666666666666,9.5,-1.7543859649122744,1,1,0,1,0,0,0,25,Low Risk
Customer_00968,6,2026-08-04,Standard,mid_value,6,106,28,18,100,75,100,92.5,8.75,9.666666666666666,9.48275862068965,1,1,0,1,0,0,0,25,Low Risk
Customer_00968,6,2026-08-05,Standard,mid_value,10,95,26,45,75,75,75,75.0,9.0,8.75,-2.857142857142857,1,1,0,1,1,0,0,45,Medium Risk
Customer_00969,9,2026-08-01,Premium,high_value,14,227,6,12,100,100,100,100.0,14.0,,,1,1,0,0,0,0,0,0,Low Risk
Customer_00969,9,2026-08-02,Premium,high_value,19,247,8,12,100,100,100,100.0,16.5,14.0,-17.857142857142858,1,1,0,0,0,0,0,0,Low Risk
Customer_00969,9,2026-08-03,Premium,high_value,17,205,20,34,100,75,75,87.5,16.666666666666668,16.5,-1.0101010101010173,1,1,0,0,0,0,0,0,Low Risk
Customer_00969,9,2026-08-04,Premium,high_value,19,175,24,23,100,75,100,92.5,17.25,16.666666666666668,-3.499999999999993,1,1,0,1,0,0,0,25,Low Risk
Customer_00969,9,2026-08-05,Premium,high_value,19,172,17,37,100,75,75,87.5,17.6,17.25,-2.028985507246385,1,1,0,0,0,0,0,0,Low Risk
Customer_00970,5,2026-08-01,Premium,high_value,21,205,0,23,100,100,100,100.0,21.0,,,1,1,0,0,0,0,0,0,Low Risk
Customer_00970,5,2026-08-02,Premium,high_value,19,236,28,30,100,75,100,92.5,20.0,21.0,4.761904761904762,1,1,0,1,0,0,0,25,Low Risk
Customer_00970,5,2026-08-03,Premium,high_value,20,156,29,15,100,75,100,92.5,20.0,20.0,0.0,1,1,0,1,0,0,0,25,Low Risk
Customer_00970,5,2026-08-04,Premium,high_value,23,211,25,49,100,75,75,87.5,20.75,20.0,-3.75,1,1,0,1,1,0,0,45,Medium Risk
Customer_00970,5,2026-08-05,Premium,high_value,11,173,26,11,100,75,100,92.5,18.8,20.75,9.39759036144578,1,1,0,1,0,0,0,25,Low Risk
Customer_00971,8,2026-08-01,Basic,low_value,5,47,25,16,50,75,100,67.5,5.0,,,1,1,0,1,0,0,0,25,Low Risk
Customer_00971,8,2026-08-02,Basic,low_value,3,59,0,42,75,100,75,82.5,4.0,5.0,20.0,1,1,0,0,1,0,0,20,Low Risk
Customer_00971,8,2026-08-03,Basic,low_value,2,54,22,24,75,75,100,80.0,3.333333333333333,4.0,16.666666666666664,1,1,0,1,0,0,0,25,Low Risk
Customer_00971,8,2026-08-04,Basic,low_value,4,49,19,45,50,75,75,62.5,3.5,3.333333333333333,-4.999999999999996,1,1,0,0,1,0,0,20,Low Risk
Customer_00971,8,2026-08-05,Basic,low_value,2,41,0,30,50,100,100,75.0,3.2,3.5,8.571428571428566,1,1,0,0,0,0,0,0,Low Risk
Customer_00972,3,2026-08-01,Premium,high_value,24,174,13,33,100,75,75,87.5,24.0,,,1,1,0,0,0,0,0,0,Low Risk
Customer_00972,3,2026-08-02,Premium,high_value,24,181,6,33,100,100,75,95.0,24.0,24.0,0.0,1,1,0,0,0,0,0,0,Low Risk
Customer_00972,3,2026-08-03,Premium,high_value,14,237,6,21,100,100,100,100.0,20.666666666666668,24.0,13.888888888888884,1,1,0,0,0,0,0,0,Low Risk
Customer_00972,3,2026-08-04,Premium,high_value,21,228,21,31,100,75,75,87.5,20.75,20.666666666666668,-0.4032258064516071,1,1,0,1,0,0,0,25,Low Risk
Customer_00972,3,2026-08-05,Premium,high_value,22,228,4,30,100,100,100,100.0,21.0,20.75,-1.2048192771084338,1,1,0,0,0,0,0,0,Low Risk
Customer_00973,4,2026-08-01,Standard,mid_value,6,108,27,34,100,75,75,87.5,6.0,,,1,1,0,1,0,0,0,25,Low Risk
Customer_00973,4,2026-08-02,Standard,mid_value,13,111,29,44,100,75,75,87.5,9.5,6.0,-58.333333333333336,1,1,0,1,1,0,0,45,Medium Risk
Customer_00973,4,2026-08-03,Standard,mid_value,11,90,18,39,75,75,75,75.0,10.0,9.5,-5.263157894736842,1,1,0,0,0,0,0,0,Low Risk
Customer_00973,4,2026-08-04,Standard,mid_value,14,105,24,28,100,75,100,92.5,11.0,10.0,-10.0,1,1,0,1,0,0,0,25,Low Risk
Customer_00973,4,2026-08-05,Standard,mid_value,7,98,17,42,75,75,75,75.0,10.2,11.0,7.27272727272728,1,1,0,0,1,0,0,20,Low Risk
Customer_00974,3,2026-08-01,Premium,high_value,21,247,4,38,100,100,75,95.0,21.0,,,0,0,0,0,0,0,0,0,Low Risk
Customer_00974,3,2026-08-02,Premium,high_value,22,229,2,20,100,100,100,100.0,21.5,21.0,-2.380952380952381,0,0,0,0,0,0,0,0,Low Risk
Customer_00974,3,2026-08-03,Premium,high_value,13,225,20,47,100,75,75,87.5,18.666666666666668,21.5,13.178294573643406,0,0,0,0,1,0,0,20,Low Risk
Customer_00974,3,2026-08-04,Premium,high_value,11,174,19,34,100,75,75,87.5,16.75,18.666666666666668,10.267857142857148,0,0,0,0,0,0,0,0,Low Risk
Customer_00974,3,2026-08-05,Premium,high_value,17,180,8,16,100,100,100,100.0,16.8,16.75,-0.2985074626865714,0,0,0,0,0,0,0,0,Low Risk
Customer_00975,8,2026-08-01,Premium,high_value,24,229,10,16,100,100,100,100.0,24.0,,,1,1,0,0,0,0,0,0,Low Risk
Customer_00975,8,2026-08-02,Premium,high_value,20,238,5,22,100,100,100,100.0,22.0,24.0,8.333333333333332,1,1,0,0,0,0,0,0,Low Risk
Customer_00975,8,2026-08-03,Premium,high_value,13,204,30,27,100,75,100,92.5,19.0,22.0,13.636363636363637,1,1,0,1,0,0,0,25,Low Risk
Customer_00975,8,2026-08-04,Premium,high_value,17,229,20,28,100,75,100,92.5,18.5,19.0,2.631578947368421,1,1,0,0,0,0,0,0,Low Risk
Customer_00975,8,2026-08-05,Premium,high_value,17,177,29,38,100,75,75,87.5,18.2,18.5,1.6216216216216257,1,1,0,1,0,0,0,25,Low Risk
Customer_00976,5,2026-08-01,Premium,high_value,22,163,12,48,100,75,75,87.5,22.0,,,1,1,0,0,1,0,0,20,Low Risk
Customer_00976,5,2026-08-02,Premium,high_value,25,233,7,24,100,100,100,100.0,23.5,22.0,-6.8181818181818175,1,1,0,0,0,0,0,0,Low Risk
Customer_00976,5,2026-08-03,Premium,high_value,24,151,25,16,100,75,100,92.5,23.666666666666668,23.5,-0.7092198581560334,1,1,0,1,0,0,0,25,Low Risk
Customer_00976,5,2026-08-04,Premium,high_value,10,179,5,37,100,100,75,95.0,20.25,23.666666666666668,14.436619718309862,1,1,0,0,0,0,0,0,Low Risk
Customer_00976,5,2026-08-05,Premium,high_value,18,169,27,15,100,75,100,92.5,19.8,20.25,2.2222222222222188,1,1,0,1,0,0,0,25,Low Risk
Customer_00977,5,2026-08-01,Premium,high_value,23,226,24,16,100,75,100,92.5,23.0,,,1,1,0,1,0,0,0,25,Low Risk
Customer_00977,5,2026-08-02,Premium,high_value,16,158,26,43,100,75,75,87.5,19.5,23.0,15.217391304347828,1,1,0,1,1,0,0,45,Medium Risk
Customer_00977,5,2026-08-03,Premium,high_value,13,157,20,10,100,75,100,92.5,17.333333333333332,19.5,11.111111111111118,1,1,0,0,0,0,0,0,Low Risk
Customer_00977,5,2026-08-04,Premium,high_value,14,217,16,28,100,75,100,92.5,16.5,17.333333333333332,4.807692307692301,1,1,0,0,0,0,0,0,Low Risk
Customer_00977,5,2026-08-05,Premium,high_value,19,221,3,19,100,100,100,100.0,17.0,16.5,-3.0303030303030303,1,1,0,0,0,0,0,0,Low Risk
Customer_00978,9,2026-08-01,Premium,high_value,23,165,18,24,100,75,100,92.5,23.0,,,0,0,0,0,0,0,0,0,Low Risk
Customer_00978,9,2026-08-02,Premium,high_value,18,180,16,40,100,75,75,87.5,20.5,23.0,10.869565217391305,0,0,0,0,0,0,0,0,Low Risk
Customer_00978,9,2026-08-03,Premium,high_value,11,247,28,14,100,75,100,92.5,17.333333333333332,20.5,15.44715447154472,0,0,0,1,0,0,0,25,Low Risk
Customer_00978,9,2026-08-04,Premium,high_value,15,207,7,16,100,100,100,100.0,16.75,17.333333333333332,3.3653846153846088,0,0,0,0,0,0,0,0,Low Risk
Customer_00978,9,2026-08-05,Premium,high_value,19,183,15,28,100,75,100,92.5,17.2,16.75,-2.6865671641791,0,0,0,0,0,0,0,0,Low Risk
Customer_00979,7,2026-08-01,Standard,mid_value,14,110,27,19,100,75,100,92.5,14.0,,,1,1,0,1,0,0,0,25,Low Risk
Customer_00979,7,2026-08-02,Standard,mid_value,12,83,7,31,75,100,75,82.5,13.0,14.0,7.142857142857142,1,1,0,0,0,0,0,0,Low Risk
Customer_00979,7,2026-08-03,Standard,mid_value,6,104,29,11,100,75,100,92.5,10.666666666666666,13.0,17.948717948717956,1,1,0,1,0,0,0,25,Low Risk
Customer_00979,7,2026-08-04,Standard,mid_value,14,90,14,25,75,75,100,80.0,11.5,10.666666666666666,-7.812500000000005,1,1,0,0,0,0,0,0,Low Risk
Customer_00979,7,2026-08-05,Standard,mid_value,9,107,15,16,100,75,100,92.5,11.0,11.5,4.3478260869565215,1,1,0,0,0,0,0,0,Low Risk
Customer_00980,3,2026-08-01,Standard,mid_value,9,113,16,35,100,75,75,87.5,9.0,,,1,1,0,0,0,0,0,0,Low Risk
Customer_00980,3,2026-08-02,Standard,mid_value,13,86,20,12,75,75,100,80.0,11.0,9.0,-22.22222222222222,1,1,0,0,0,0,0,0,Low Risk
Customer_00980,3,2026-08-03,Standard,mid_value,6,86,6,25,75,100,100,87.5,9.333333333333334,11.0,15.151515151515149,1,1,0,0,0,0,0,0,Low Risk
Customer_00980,3,2026-08-04,Standard,mid_value,11,104,13,28,100,75,100,92.5,9.75,9.333333333333334,-4.464285714285707,1,1,0,0,0,0,0,0,Low Risk
Customer_00980,3,2026-08-05,Standard,mid_value,12,95,21,16,75,75,100,80.0,10.2,9.75,-4.615384615384608,1,1,0,1,0,0,0,25,Low Risk
Customer_00981,3,2026-08-01,Standard,mid_value,13,81,18,45,75,75,75,75.0,13.0,,,1,1,0,0,1,0,0,20,Low Risk
Customer_00981,3,2026-08-02,Standard,mid_value,7,91,17,15,75,75,100,80.0,10.0,13.0,23.07692307692308,1,1,0,0,0,0,0,0,Low Risk
Customer_00981,3,2026-08-03,Standard,mid_value,11,91,13,40,75,75,75,75.0,10.333333333333334,10.0,-3.33333333333334,1,1,0,0,0,0,0,0,Low Risk
Customer_00981,3,2026-08-04,Standard,mid_value,8,90,16,11,75,75,100,80.0,9.75,10.333333333333334,5.645161290322586,1,1,0,0,0,0,0,0,Low Risk
Customer_00981,3,2026-08-05,Standard,mid_value,8,94,4,11,75,100,100,87.5,9.4,9.75,3.589743589743586,1,1,0,0,0,0,0,0,Low Risk
Customer_00982,1,2026-08-01,Premium,high_value,16,157,24,30,100,75,100,92.5,16.0,,,1,1,0,1,0,0,0,25,Low Risk
Customer_00982,1,2026-08-02,Premium,high_value,24,199,21,18,100,75,100,92.5,20.0,16.0,-25.0,1,1,0,1,0,0,0,25,Low Risk
Customer_00982,1,2026-08-03,Premium,high_value,21,210,30,23,100,75,100,92.5,20.33333333333333,20.0,-1.6666666666666607,1,1,0,1,0,0,0,25,Low Risk
Customer_00982,1,2026-08-04,Premium,high_value,10,162,23,11,100,75,100,92.5,17.75,20.33333333333333,12.70491803278688,1,1,0,1,0,0,0,25,Low Risk
Customer_00982,1,2026-08-05,Premium,high_value,23,247,21,26,100,75,100,92.5,18.8,17.75,-5.9154929577464825,1,1,0,1,0,0,0,25,Low Risk
Customer_00983,2,2026-08-01,Premium,high_value,14,169,9,37,100,100,75,95.0,14.0,,,0,0,0,0,0,0,0,0,Low Risk
Customer_00983,2,2026-08-02,Premium,high_value,18,169,15,48,100,75,75,87.5,16.0,14.0,-14.285714285714285,0,0,0,0,1,0,0,20,Low Risk
Customer_00983,2,2026-08-03,Premium,high_value,25,205,28,21,100,75,100,92.5,19.0,16.0,-18.75,0,0,0,1,0,0,0,25,Low Risk
Customer_00983,2,2026-08-04,Premium,high_value,23,209,5,29,100,100,100,100.0,20.0,19.0,-5.263157894736842,0,0,0,0,0,0,0,0,Low Risk
Customer_00983,2,2026-08-05,Premium,high_value,14,207,26,47,100,75,75,87.5,18.8,20.0,5.9999999999999964,0,0,0,1,1,0,0,45,Medium Risk
Customer_00984,3,2026-08-01,Premium,high_value,23,202,17,24,100,75,100,92.5,23.0,,,0,0,0,0,0,0,0,0,Low Risk
Customer_00984,3,2026-08-02,Premium,high_value,18,158,28,40,100,75,75,87.5,20.5,23.0,10.869565217391305,0,0,0,1,0,0,0,25,Low Risk
Customer_00984,3,2026-08-03,Premium,high_value,18,180,5,32,100,100,75,95.0,19.666666666666668,20.5,4.065040650406498,0,0,0,0,0,0,0,0,Low Risk
Customer_00984,3,2026-08-04,Premium,high_value,16,232,12,41,100,75,75,87.5,18.75,19.666666666666668,4.661016949152548,0,0,0,0,1,0,0,20,Low Risk
Customer_00984,3,2026-08-05,Premium,high_value,15,195,23,31,100,75,75,87.5,18.0,18.75,4.0,0,0,0,1,0,0,0,25,Low Risk
Customer_00985,10,2026-08-01,Premium,high_value,20,204,5,23,100,100,100,100.0,20.0,,,0,0,0,0,0,0,0,0,Low Risk
Customer_00985,10,2026-08-02,Premium,high_value,14,239,11,40,100,75,75,87.5,17.0,20.0,15.0,0,0,0,0,0,0,0,0,Low Risk
Customer_00985,10,2026-08-03,Premium,high_value,10,180,21,40,100,75,75,87.5,14.666666666666666,17.0,13.725490196078436,0,0,0,1,0,0,0,25,Low Risk
Customer_00985,10,2026-08-04,Premium,high_value,21,198,1,24,100,100,100,100.0,16.25,14.666666666666666,-10.79545454545455,0,0,0,0,0,0,0,0,Low Risk
Customer_00985,10,2026-08-05,Premium,high_value,19,169,22,16,100,75,100,92.5,16.8,16.25,-3.3846153846153886,0,0,0,1,0,0,0,25,Low Risk
Customer_00986,8,2026-08-01,Premium,high_value,21,152,3,44,100,100,75,95.0,21.0,,,0,0,0,0,1,0,0,20,Low Risk
Customer_00986,8,2026-08-02,Premium,high_value,14,199,1,40,100,100,75,95.0,17.5,21.0,16.666666666666664,0,0,0,0,0,0,0,0,Low Risk
Customer_00986,8,2026-08-03,Premium,high_value,16,222,1,23,100,100,100,100.0,17.0,17.5,2.857142857142857,0,0,0,0,0,0,0,0,Low Risk
Customer_00986,8,2026-08-04,Premium,high_value,18,223,19,26,100,75,100,92.5,17.25,17.0,-1.4705882352941175,0,0,0,0,0,0,0,0,Low Risk
Customer_00986,8,2026-08-05,Premium,high_value,22,245,12,35,100,75,75,87.5,18.2,17.25,-5.50724637681159,0,0,0,0,0,0,0,0,Low Risk
Customer_00987,8,2026-08-01,Premium,high_value,14,226,21,16,100,75,100,92.5,14.0,,,0,0,0,1,0,0,0,25,Low Risk
Customer_00987,8,2026-08-02,Premium,high_value,22,164,6,34,100,100,75,95.0,18.0,14.0,-28.57142857142857,0,0,0,0,0,0,0,0,Low Risk
Customer_00987,8,2026-08-03,Premium,high_value,19,237,7,42,100,100,75,95.0,18.33333333333333,18.0,-1.8518518518518448,0,0,0,0,1,0,0,20,Low Risk
Customer_00987,8,2026-08-04,Premium,high_value,18,236,2,46,100,100,75,95.0,18.25,18.33333333333333,0.4545454545454481,0,0,0,0,1,0,0,20,Low Risk
Customer_00987,8,2026-08-05,Premium,high_value,15,221,22,32,100,75,75,87.5,17.6,18.25,3.561643835616431,0,0,0,1,0,0,0,25,Low Risk
Customer_00988,3,2026-08-01,Premium,high_value,21,221,11,34,100,75,75,87.5,21.0,,,1,1,0,0,0,0,0,0,Low Risk
Customer_00988,3,2026-08-02,Premium,high_value,19,204,20,34,100,75,75,87.5,20.0,21.0,4.761904761904762,1,1,0,0,0,0,0,0,Low Risk
Customer_00988,3,2026-08-03,Premium,high_value,10,152,2,14,100,100,100,100.0,16.666666666666668,20.0,16.66666666666666,1,1,0,0,0,0,0,0,Low Risk
Customer_00988,3,2026-08-04,Premium,high_value,21,167,10,23,100,100,100,100.0,17.75,16.666666666666668,-6.499999999999992,1,1,0,0,0,0,0,0,Low Risk
Customer_00988,3,2026-08-05,Premium,high_value,18,153,26,15,100,75,100,92.5,17.8,17.75,-0.2816901408450744,1,1,0,1,0,0,0,25,Low Risk
Customer_00989,5,2026-08-01,Premium,high_value,10,201,2,49,100,100,75,95.0,10.0,,,0,0,0,0,1,0,0,20,Low Risk
Customer_00989,5,2026-08-02,Premium,high_value,14,248,9,28,100,100,100,100.0,12.0,10.0,-20.0,0,0,0,0,0,0,0,0,Low Risk
Customer_00989,5,2026-08-03,Premium,high_value,11,176,29,22,100,75,100,92.5,11.666666666666666,12.0,2.777777777777783,0,0,0,1,0,0,0,25,Low Risk
Customer_00989,5,2026-08-04,Premium,high_value,13,179,19,23,100,75,100,92.5,12.0,11.666666666666666,-2.857142857142862,0,0,0,0,0,0,0,0,Low Risk
Customer_00989,5,2026-08-05,Premium,high_value,13,167,19,39,100,75,75,87.5,12.2,12.0,-1.6666666666666607,0,0,0,0,0,0,0,0,Low Risk
Customer_00990,3,2026-08-01,Standard,mid_value,15,102,8,29,100,100,100,100.0,15.0,,,1,1,0,0,0,0,0,0,Low Risk
Customer_00990,3,2026-08-02,Standard,mid_value,9,86,17,14,75,75,100,80.0,12.0,15.0,20.0,1,1,0,0,0,0,0,0,Low Risk
Customer_00990,3,2026-08-03,Standard,mid_value,11,80,0,38,75,100,75,82.5,11.666666666666666,12.0,2.777777777777783,1,1,0,0,0,0,0,0,Low Risk
Customer_00990,3,2026-08-04,Standard,mid_value,6,80,24,48,75,75,75,75.0,10.25,11.666666666666666,12.14285714285714,1,1,0,1,1,0,0,45,Medium Risk
Customer_00990,3,2026-08-05,Standard,mid_value,9,89,22,27,75,75,100,80.0,10.0,10.25,2.4390243902439024,1,1,0,1,0,0,0,25,Low Risk
Customer_00991,2,2026-08-01,Premium,high_value,18,250,17,35,100,75,75,87.5,18.0,,,1,1,0,0,0,0,0,0,Low Risk
Customer_00991,2,2026-08-02,Premium,high_value,23,157,6,41,100,100,75,95.0,20.5,18.0,-13.88888888888889,1,1,0,0,1,0,0,20,Low Risk
Customer_00991,2,2026-08-03,Premium,high_value,11,236,21,44,100,75,75,87.5,17.333333333333332,20.5,15.44715447154472,1,1,0,1,1,0,0,45,Medium Risk
Customer_00991,2,2026-08-04,Premium,high_value,24,242,27,10,100,75,100,92.5,19.0,17.333333333333332,-9.615384615384622,1,1,0,1,0,0,0,25,Low Risk
Customer_00991,2,2026-08-05,Premium,high_value,16,187,8,47,100,100,75,95.0,18.4,19.0,3.157894736842113,1,1,0,0,1,0,0,20,Low Risk
Customer_00992,4,2026-08-01,Premium,high_value,19,158,26,13,100,75,100,92.5,19.0,,,1,1,0,1,0,0,0,25,Low Risk
Customer_00992,4,2026-08-02,Premium,high_value,24,188,4,16,100,100,100,100.0,21.5,19.0,-13.157894736842104,1,1,0,0,0,0,0,0,Low Risk
Customer_00992,4,2026-08-03,Premium,high_value,19,203,21,15,100,75,100,92.5,20.666666666666668,21.5,3.875968992248057,1,1,0,1,0,0,0,25,Low Risk
Customer_00992,4,2026-08-04,Premium,high_value,15,194,3,25,100,100,100,100.0,19.25,20.666666666666668,6.854838709677424,1,1,0,0,0,0,0,0,Low Risk
Customer_00992,4,2026-08-05,Premium,high_value,15,224,19,35,100,75,75,87.5,18.4,19.25,4.415584415584424,1,1,0,0,0,0,0,0,Low Risk
Customer_00993,10,2026-08-01,Premium,high_value,19,186,14,27,100,75,100,92.5,19.0,,,1,1,0,0,0,0,0,0,Low Risk
Customer_00993,10,2026-08-02,Premium,high_value,21,223,3,46,100,100,75,95.0,20.0,19.0,-5.263157894736842,1,1,0,0,1,0,0,20,Low Risk
Customer_00993,10,2026-08-03,Premium,high_value,15,163,30,47,100,75,75,87.5,18.33333333333333,20.0,8.33333333333334,1,1,0,1,1,0,0,45,Medium Risk
Customer_00993,10,2026-08-04,Premium,high_value,15,179,23,36,100,75,75,87.5,17.5,18.33333333333333,4.54545454545454,1,1,0,1,0,0,0,25,Low Risk
Customer_00993,10,2026-08-05,Premium,high_value,17,192,25,34,100,75,75,87.5,17.4,17.5,0.5714285714285796,1,1,0,1,0,0,0,25,Low Risk
Customer_00994,7,2026-08-01,Premium,high_value,18,196,2,48,100,100,75,95.0,18.0,,,1,1,0,0,1,0,0,20,Low Risk
Customer_00994,7,2026-08-02,Premium,high_value,16,207,17,29,100,75,100,92.5,17.0,18.0,5.555555555555555,1,1,0,0,0,0,0,0,Low Risk
Customer_00994,7,2026-08-03,Premium,high_value,14,187,9,19,100,100,100,100.0,16.0,17.0,5.88235294117647,1,1,0,0,0,0,0,0,Low Risk
Customer_00994,7,2026-08-04,Premium,high_value,13,211,22,20,100,75,100,92.5,15.25,16.0,4.6875,1,1,0,1,0,0,0,25,Low Risk
Customer_00994,7,2026-08-05,Premium,high_value,12,244,2,15,100,100,100,100.0,14.6,15.25,4.262295081967215,1,1,0,0,0,0,0,0,Low Risk
Customer_00995,6,2026-08-01,Premium,high_value,15,231,9,20,100,100,100,100.0,15.0,,,0,0,0,0,0,0,0,0,Low Risk
Customer_00995,6,2026-08-02,Premium,high_value,17,182,0,28,100,100,100,100.0,16.0,15.0,-6.666666666666667,0,0,0,0,0,0,0,0,Low Risk
Customer_00995,6,2026-08-03,Premium,high_value,22,209,27,44,100,75,75,87.5,18.0,16.0,-12.5,0,0,0,1,1,0,0,45,Medium Risk
Customer_00995,6,2026-08-04,Premium,high_value,15,164,3,38,100,100,75,95.0,17.25,18.0,4.166666666666666,0,0,0,0,0,0,0,0,Low Risk
Customer_00995,6,2026-08-05,Premium,high_value,16,196,11,27,100,75,100,92.5,17.0,17.25,1.4492753623188406,0,0,0,0,0,0,0,0,Low Risk
Customer_00996,4,2026-08-01,Standard,mid_value,6,81,22,13,75,75,100,80.0,6.0,,,0,0,0,1,0,0,0,25,Low Risk
Customer_00996,4,2026-08-02,Standard,mid_value,8,82,1,14,75,100,100,87.5,7.0,6.0,-16.666666666666664,0,0,0,0,0,0,0,0,Low Risk
Customer_00996,4,2026-08-03,Standard,mid_value,13,84,13,13,75,75,100,80.0,9.0,7.0,-28.57142857142857,0,0,0,0,0,0,0,0,Low Risk
Customer_00996,4,2026-08-04,Standard,mid_value,8,116,10,23,100,100,100,100.0,8.75,9.0,2.7777777777777777,0,0,0,0,0,0,0,0,Low Risk
Customer_00996,4,2026-08-05,Standard,mid_value,14,95,14,27,75,75,100,80.0,9.8,8.75,-12.000000000000009,0,0,0,0,0,0,0,0,Low Risk
Customer_00997,2,2026-08-01,Premium,high_value,21,207,17,28,100,75,100,92.5,21.0,,,1,1,0,0,0,0,0,0,Low Risk
Customer_00997,2,2026-08-02,Premium,high_value,20,229,21,38,100,75,75,87.5,20.5,21.0,2.380952380952381,1,1,0,1,0,0,0,25,Low Risk
Customer_00997,2,2026-08-03,Premium,high_value,15,155,23,26,100,75,100,92.5,18.666666666666668,20.5,8.943089430894304,1,1,0,1,0,0,0,25,Low Risk
Customer_00997,2,2026-08-04,Premium,high_value,11,199,24,29,100,75,100,92.5,16.75,18.666666666666668,10.267857142857148,1,1,0,1,0,0,0,25,Low Risk
Customer_00997,2,2026-08-05,Premium,high_value,23,189,6,47,100,100,75,95.0,18.0,16.75,-7.462686567164178,1,1,0,0,1,0,0,20,Low Risk
Customer_00998,9,2026-08-01,Premium,high_value,21,182,3,12,100,100,100,100.0,21.0,,,0,0,0,0,0,0,0,0,Low Risk
Customer_00998,9,2026-08-02,Premium,high_value,17,181,27,19,100,75,100,92.5,19.0,21.0,9.523809523809524,0,0,0,1,0,0,0,25,Low Risk
Customer_00998,9,2026-08-03,Premium,high_value,17,235,29,44,100,75,75,87.5,18.33333333333333,19.0,3.5087719298245674,0,0,0,1,1,0,0,45,Medium Risk
Customer_00998,9,2026-08-04,Premium,high_value,13,189,8,45,100,100,75,95.0,17.0,18.33333333333333,7.272727272727267,0,0,0,0,1,0,0,20,Low Risk
Customer_00998,9,2026-08-05,Premium,high_value,22,161,22,43,100,75,75,87.5,18.0,17.0,-5.88235294117647,0,0,0,1,1,0,0,45,Medium Risk
Customer_00999,10,2026-08-01,Premium,high_value,12,219,5,38,100,100,75,95.0,12.0,,,0,0,0,0,0,0,0,0,Low Risk
Customer_00999,10,2026-08-02,Premium,high_value,12,163,22,32,100,75,75,87.5,12.0,12.0,0.0,0,0,0,1,0,0,0,25,Low Risk
Customer_00999,10,2026-08-03,Premium,high_value,23,205,3,11,100,100,100,100.0,15.666666666666666,12.0,-30.555555555555557,0,0,0,0,0,0,0,0,Low Risk
Customer_00999,10,2026-08-04,Premium,high_value,14,155,3,38,100,100,75,95.0,15.25,15.666666666666666,2.659574468085103,0,0,0,0,0,0,0,0,Low Risk
Customer_00999,10,2026-08-05,Premium,high_value,10,219,4,39,100,100,75,95.0,14.2,15.25,6.885245901639349,0,0,0,0,0,0,0,0,Low Risk
Customer_01000,4,2026-08-01,Premium,high_value,10,249,5,27,100,100,100,100.0,10.0,,,0,0,0,0,0,0,0,0,Low Risk
Customer_01000,4,2026-08-02,Premium,high_value,12,204,2,46,100,100,75,95.0,11.0,10.0,-10.0,0,0,0,0,1,0,0,20,Low Risk
Customer_01000,4,2026-08-03,Premium,high_value,11,161,9,16,100,100,100,100.0,11.0,11.0,0.0,0,0,0,0,0,0,0,0,Low Risk
Customer_01000,4,2026-08-04,Premium,high_value,20,206,24,48,100,75,75,87.5,13.25,11.0,-20.454545454545457,0,0,0,1,1,0,0,45,Medium Risk
Customer_01000,4,2026-08-05,Premium,high_value,11,240,15,36,100,75,75,87.5,12.8,13.25,3.396226415094334,0,0,0,0,0,0,0,0,Low Risk
Customer_01001,10,2026-08-01,Premium,high_value,17,234,4,14,100,100,100,100.0,17.0,,,1,1,0,0,0,0,0,0,Low Risk
Customer_01001,10,2026-08-02,Premium,high_value,12,163,7,10,100,100,100,100.0,14.5,17.0,14.705882352941178,1,1,0,0,0,0,0,0,Low Risk
Customer_01001,10,2026-08-03,Premium,high_value,22,184,22,44,100,75,75,87.5,17.0,14.5,-17.24137931034483,1,1,0,1,1,0,0,45,Medium Risk
Customer_01001,10,2026-08-04,Premium,high_value,16,151,16,36,100,75,75,87.5,16.75,17.0,1.4705882352941175,1,1,0,0,0,0,0,0,Low Risk
Customer_01001,10,2026-08-05,Premium,high_value,17,235,2,41,100,100,75,95.0,16.8,16.75,-0.2985074626865714,1,1,0,0,1,0,0,20,Low Risk
Customer_01002,9,2026-08-01,Standard,mid_value,10,110,16,22,100,75,100,92.5,10.0,,,1,1,0,0,0,0,0,0,Low Risk
Customer_01002,9,2026-08-02,Standard,mid_value,14,88,24,43,75,75,75,75.0,12.0,10.0,-20.0,1,1,0,1,1,0,0,45,Medium Risk
Customer_01002,9,2026-08-03,Standard,mid_value,9,97,22,14,75,75,100,80.0,11.0,12.0,8.333333333333332,1,1,0,1,0,0,0,25,Low Risk
Customer_01002,9,2026-08-04,Standard,mid_value,11,112,20,36,100,75,75,87.5,11.0,11.0,0.0,1,1,0,0,0,0,0,0,Low Risk
Customer_01002,9,2026-08-05,Standard,mid_value,11,114,14,33,100,75,75,87.5,11.0,11.0,0.0,1,1,0,0,0,0,0,0,Low Risk
Customer_01003,5,2026-08-01,Standard,mid_value,7,81,20,17,75,75,100,80.0,7.0,,,1,1,0,0,0,0,0,0,Low Risk
Customer_01003,5,2026-08-02,Standard,mid_value,5,104,5,23,100,100,100,100.0,6.0,7.0,14.285714285714285,1,1,0,0,0,0,0,0,Low Risk
Customer_01003,5,2026-08-03,Standard,mid_value,12,99,29,41,75,75,75,75.0,8.0,6.0,-33.33333333333333,1,1,0,1,1,0,0,45,Medium Risk
Customer_01003,5,2026-08-04,Standard,mid_value,6,106,8,23,100,100,100,100.0,7.5,8.0,6.25,1,1,0,0,0,0,0,0,Low Risk
Customer_01003,5,2026-08-05,Standard,mid_value,9,103,9,20,100,100,100,100.0,7.8,7.5,-3.999999999999997,1,1,0,0,0,0,0,0,Low Risk
Customer_01004,3,2026-08-01,Standard,mid_value,14,97,23,13,75,75,100,80.0,14.0,,,0,0,0,1,0,0,0,25,Low Risk
Customer_01004,3,2026-08-02,Standard,mid_value,9,100,30,20,100,75,100,92.5,11.5,14.0,17.857142857142858,0,0,0,1,0,0,0,25,Low Risk
Customer_01004,3,2026-08-03,Standard,mid_value,14,83,8,11,75,100,100,87.5,12.333333333333334,11.5,-7.246376811594208,0,0,0,0,0,0,0,0,Low Risk
Customer_01004,3,2026-08-04,Standard,mid_value,8,87,5,21,75,100,100,87.5,11.25,12.333333333333334,8.783783783783788,0,0,0,0,0,0,0,0,Low Risk
Customer_01004,3,2026-08-05,Standard,mid_value,12,85,7,30,75,100,100,87.5,11.4,11.25,-1.3333333333333366,0,0,0,0,0,0,0,0,Low Risk
Customer_01005,7,2026-08-01,Premium,high_value,14,239,25,21,100,75,100,92.5,14.0,,,1,1,0,1,0,0,0,25,Low Risk
Customer_01005,7,2026-08-02,Premium,high_value,23,227,29,27,100,75,100,92.5,18.5,14.0,-32.142857142857146,1,1,0,1,0,0,0,25,Low Risk
Customer_01005,7,2026-08-03,Premium,high_value,20,233,22,35,100,75,75,87.5,19.0,18.5,-2.702702702702702,1,1,0,1,0,0,0,25,Low Risk
Customer_01005,7,2026-08-04,Premium,high_value,14,228,25,41,100,75,75,87.5,17.75,19.0,6.578947368421052,1,1,0,1,1,0,0,45,Medium Risk
Customer_01005,7,2026-08-05,Premium,high_value,22,170,30,32,100,75,75,87.5,18.6,17.75,-4.788732394366205,1,1,0,1,0,0,0,25,Low Risk
Customer_01006,2,2026-08-01,Premium,high_value,22,208,29,15,100,75,100,92.5,22.0,,,1,1,0,1,0,0,0,25,Low Risk
Customer_01006,2,2026-08-02,Premium,high_value,12,243,2,10,100,100,100,100.0,17.0,22.0,22.727272727272727,1,1,0,0,0,0,0,0,Low Risk
Customer_01006,2,2026-08-03,Premium,high_value,11,156,28,30,100,75,100,92.5,15.0,17.0,11.76470588235294,1,1,0,1,0,0,0,25,Low Risk
Customer_01006,2,2026-08-04,Premium,high_value,23,175,1,49,100,100,75,95.0,17.0,15.0,-13.333333333333334,1,1,0,0,1,0,0,20,Low Risk
Customer_01006,2,2026-08-05,Premium,high_value,23,250,11,49,100,75,75,87.5,18.2,17.0,-7.05882352941176,1,1,0,0,1,0,0,20,Low Risk
Customer_01007,8,2026-08-01,Premium,high_value,13,180,18,18,100,75,100,92.5,13.0,,,0,0,0,0,0,0,0,0,Low Risk
Customer_01007,8,2026-08-02,Premium,high_value,18,175,16,21,100,75,100,92.5,15.5,13.0,-19.230769230769237,0,0,0,0,0,0,0,0,Low Risk
Customer_01007,8,2026-08-03,Premium,high_value,15,173,22,19,100,75,100,92.5,15.333333333333334,15.5,1.0752688172042972,0,0,0,1,0,0,0,25,Low Risk
Customer_01007,8,2026-08-04,Premium,high_value,24,225,20,37,100,75,75,87.5,17.5,15.333333333333334,-14.130434782608692,0,0,0,0,0,0,0,0,Low Risk
Customer_01007,8,2026-08-05,Premium,high_value,11,177,22,12,100,75,100,92.5,16.2,17.5,7.428571428571433,0,0,0,1,0,0,0,25,Low Risk
Customer_01008,9,2026-08-01,Premium,high_value,13,156,27,50,100,75,75,87.5,13.0,,,1,1,0,1,1,0,0,45,Medium Risk
Customer_01008,9,2026-08-02,Premium,high_value,17,183,16,13,100,75,100,92.5,15.0,13.0,-15.384615384615383,1,1,0,0,0,0,0,0,Low Risk
Customer_01008,9,2026-08-03,Premium,high_value,17,221,18,22,100,75,100,92.5,15.666666666666666,15.0,-4.44444444444444,1,1,0,0,0,0,0,0,Low Risk
Customer_01008,9,2026-08-04,Premium,high_value,17,167,16,17,100,75,100,92.5,16.0,15.666666666666666,-2.127659574468089,1,1,0,0,0,0,0,0,Low Risk
Customer_01008,9,2026-08-05,Premium,high_value,24,240,14,40,100,75,75,87.5,17.6,16.0,-10.000000000000009,1,1,0,0,0,0,0,0,Low Risk
Customer_01009,1,2026-08-01,Premium,high_value,20,185,14,37,100,75,75,87.5,20.0,,,1,1,0,0,0,0,0,0,Low Risk
Customer_01009,1,2026-08-02,Premium,high_value,23,215,18,21,100,75,100,92.5,21.5,20.0,-7.5,1,1,0,0,0,0,0,0,Low Risk
Customer_01009,1,2026-08-03,Premium,high_value,22,228,21,15,100,75,100,92.5,21.666666666666668,21.5,-0.775193798449618,1,1,0,1,0,0,0,25,Low Risk
Customer_01009,1,2026-08-04,Premium,high_value,19,243,12,46,100,75,75,87.5,21.0,21.666666666666668,3.0769230769230824,1,1,0,0,1,0,0,20,Low Risk
Customer_01009,1,2026-08-05,Premium,high_value,14,191,20,39,100,75,75,87.5,19.6,21.0,6.66666666666666,1,1,0,0,0,0,0,0,Low Risk
Customer_01010,6,2026-08-01,Premium,high_value,18,191,22,30,100,75,100,92.5,18.0,,,0,0,0,1,0,0,0,25,Low Risk
Customer_01010,6,2026-08-02,Premium,high_value,23,208,11,30,100,75,100,92.5,20.5,18.0,-13.88888888888889,0,0,0,0,0,0,0,0,Low Risk
Customer_01010,6,2026-08-03,Premium,high_value,15,183,7,16,100,100,100,100.0,18.666666666666668,20.5,8.943089430894304,0,0,0,0,0,0,0,0,Low Risk
Customer_01010,6,2026-08-04,Premium,high_value,11,166,26,44,100,75,75,87.5,16.75,18.666666666666668,10.267857142857148,0,0,0,1,1,0,0,45,Medium Risk
Customer_01010,6,2026-08-05,Premium,high_value,11,237,3,36,100,100,75,95.0,15.6,16.75,6.865671641791046,0,0,0,0,0,0,0,0,Low Risk
Customer_01011,4,2026-08-01,Premium,high_value,18,186,27,45,100,75,75,87.5,18.0,,,1,1,0,1,1,0,0,45,Medium Risk
Customer_01011,4,2026-08-02,Premium,high_value,23,237,21,12,100,75,100,92.5,20.5,18.0,-13.88888888888889,1,1,0,1,0,0,0,25,Low Risk
Customer_01011,4,2026-08-03,Premium,high_value,15,155,14,22,100,75,100,92.5,18.666666666666668,20.5,8.943089430894304,1,1,0,0,0,0,0,0,Low Risk
Customer_01011,4,2026-08-04,Premium,high_value,22,193,12,16,100,75,100,92.5,19.5,18.666666666666668,-4.464285714285707,1,1,0,0,0,0,0,0,Low Risk
Customer_01011,4,2026-08-05,Premium,high_value,25,205,28,37,100,75,75,87.5,20.6,19.5,-5.641025641025648,1,1,0,1,0,0,0,25,Low Risk
Customer_01012,10,2026-08-01,Premium,high_value,16,152,1,33,100,100,75,95.0,16.0,,,1,1,0,0,0,0,0,0,Low Risk
Customer_01012,10,2026-08-02,Premium,high_value,21,212,19,13,100,75,100,92.5,18.5,16.0,-15.625,1,1,0,0,0,0,0,0,Low Risk
Customer_01012,10,2026-08-03,Premium,high_value,13,226,4,15,100,100,100,100.0,16.666666666666668,18.5,9.909909909909905,1,1,0,0,0,0,0,0,Low Risk
Customer_01012,10,2026-08-04,Premium,high_value,25,201,22,43,100,75,75,87.5,18.75,16.666666666666668,-12.499999999999991,1,1,0,1,1,0,0,45,Medium Risk
Customer_01012,10,2026-08-05,Premium,high_value,22,224,2,18,100,100,100,100.0,19.4,18.75,-3.466666666666659,1,1,0,0,0,0,0,0,Low Risk
Customer_01013,8,2026-08-01,Standard,mid_value,13,102,23,13,100,75,100,92.5,13.0,,,0,0,0,1,0,0,0,25,Low Risk
Customer_01013,8,2026-08-02,Standard,mid_value,8,95,8,42,75,100,75,82.5,10.5,13.0,19.230769230769237,0,0,0,0,1,0,0,20,Low Risk
Customer_01013,8,2026-08-03,Standard,mid_value,15,85,4,19,75,100,100,87.5,12.0,10.5,-14.285714285714285,0,0,0,0,0,0,0,0,Low Risk
Customer_01013,8,2026-08-04,Standard,mid_value,6,96,3,39,75,100,75,82.5,10.5,12.0,12.5,0,0,0,0,0,0,0,0,Low Risk
Customer_01013,8,2026-08-05,Standard,mid_value,5,108,1,49,100,100,75,95.0,9.4,10.5,10.476190476190473,0,0,0,0,1,0,0,20,Low Risk
Customer_01014,2,2026-08-01,Premium,high_value,21,171,26,43,100,75,75,87.5,21.0,,,1,1,0,1,1,0,0,45,Medium Risk
Customer_01014,2,2026-08-02,Premium,high_value,24,190,26,29,100,75,100,92.5,22.5,21.0,-7.142857142857142,1,1,0,1,0,0,0,25,Low Risk
Customer_01014,2,2026-08-03,Premium,high_value,18,226,6,25,100,100,100,100.0,21.0,22.5,6.666666666666667,1,1,0,0,0,0,0,0,Low Risk
Customer_01014,2,2026-08-04,Premium,high_value,21,151,23,37,100,75,75,87.5,21.0,21.0,0.0,1,1,0,1,0,0,0,25,Low Risk
Customer_01014,2,2026-08-05,Premium,high_value,18,240,27,39,100,75,75,87.5,20.4,21.0,2.857142857142864,1,1,0,1,0,0,0,25,Low Risk
Customer_01015,9,2026-08-01,Standard,mid_value,7,87,16,27,75,75,100,80.0,7.0,,,0,0,0,0,0,0,0,0,Low Risk
Customer_01015,9,2026-08-02,Standard,mid_value,6,116,3,42,100,100,75,95.0,6.5,7.0,7.142857142857142,0,0,0,0,1,0,0,20,Low Risk
Customer_01015,9,2026-08-03,Standard,mid_value,12,105,20,27,100,75,100,92.5,8.333333333333334,6.5,-28.20512820512821,0,0,0,0,0,0,0,0,Low Risk
Customer_01015,9,2026-08-04,Standard,mid_value,15,86,9,48,75,100,75,82.5,10.0,8.333333333333334,-19.999999999999996,0,0,0,0,1,0,0,20,Low Risk
Customer_01015,9,2026-08-05,Standard,mid_value,11,117,19,35,100,75,75,87.5,10.2,10.0,-1.999999999999993,0,0,0,0,0,0,0,0,Low Risk
Customer_01016,2,2026-08-01,Premium,high_value,17,249,28,45,100,75,75,87.5,17.0,,,1,1,0,1,1,0,0,45,Medium Risk
Customer_01016,2,2026-08-02,Premium,high_value,22,207,6,30,100,100,100,100.0,19.5,17.0,-14.705882352941178,1,1,0,0,0,0,0,0,Low Risk
Customer_01016,2,2026-08-03,Premium,high_value,20,196,12,37,100,75,75,87.5,19.666666666666668,19.5,-0.8547008547008609,1,1,0,0,0,0,0,0,Low Risk
Customer_01016,2,2026-08-04,Premium,high_value,11,222,14,18,100,75,100,92.5,17.5,19.666666666666668,11.01694915254238,1,1,0,0,0,0,0,0,Low Risk
Customer_01016,2,2026-08-05,Premium,high_value,14,238,7,46,100,100,75,95.0,16.8,17.5,3.999999999999996,1,1,0,0,1,0,0,20,Low Risk
Customer_01017,1,2026-08-01,Premium,high_value,22,229,9,12,100,100,100,100.0,22.0,,,1,1,0,0,0,0,0,0,Low Risk
Customer_01017,1,2026-08-02,Premium,high_value,13,221,11,11,100,75,100,92.5,17.5,22.0,20.454545454545457,1,1,0,0,0,0,0,0,Low Risk
Customer_01017,1,2026-08-03,Premium,high_value,19,155,24,25,100,75,100,92.5,18.0,17.5,-2.857142857142857,1,1,0,1,0,0,0,25,Low Risk
Customer_01017,1,2026-08-04,Premium,high_value,16,248,21,12,100,75,100,92.5,17.5,18.0,2.7777777777777777,1,1,0,1,0,0,0,25,Low Risk
Customer_01017,1,2026-08-05,Premium,high_value,23,234,1,30,100,100,100,100.0,18.6,17.5,-6.285714285714295,1,1,0,0,0,0,0,0,Low Risk
Customer_01018,9,2026-08-01,Premium,high_value,19,159,15,32,100,75,75,87.5,19.0,,,1,1,0,0,0,0,0,0,Low Risk
Customer_01018,9,2026-08-02,Premium,high_value,21,238,1,27,100,100,100,100.0,20.0,19.0,-5.263157894736842,1,1,0,0,0,0,0,0,Low Risk
Customer_01018,9,2026-08-03,Premium,high_value,12,228,4,25,100,100,100,100.0,17.333333333333332,20.0,13.33333333333334,1,1,0,0,0,0,0,0,Low Risk
Customer_01018,9,2026-08-04,Premium,high_value,25,240,29,36,100,75,75,87.5,19.25,17.333333333333332,-11.057692307692315,1,1,0,1,0,0,0,25,Low Risk
Customer_01018,9,2026-08-05,Premium,high_value,23,160,6,25,100,100,100,100.0,20.0,19.25,-3.896103896103896,1,1,0,0,0,0,0,0,Low Risk
Customer_01019,8,2026-08-01,Premium,high_value,10,204,4,36,100,100,75,95.0,10.0,,,1,1,0,0,0,0,0,0,Low Risk
Customer_01019,8,2026-08-02,Premium,high_value,23,228,24,22,100,75,100,92.5,16.5,10.0,-65.0,1,1,0,1,0,0,0,25,Low Risk
Customer_01019,8,2026-08-03,Premium,high_value,17,189,18,48,100,75,75,87.5,16.666666666666668,16.5,-1.0101010101010173,1,1,0,0,1,0,0,20,Low Risk
Customer_01019,8,2026-08-04,Premium,high_value,14,187,15,32,100,75,75,87.5,16.0,16.666666666666668,4.000000000000007,1,1,0,0,0,0,0,0,Low Risk
Customer_01019,8,2026-08-05,Premium,high_value,23,151,15,45,100,75,75,87.5,17.4,16.0,-8.749999999999991,1,1,0,0,1,0,0,20,Low Risk
Customer_01020,5,2026-08-01,Premium,high_value,21,217,13,35,100,75,75,87.5,21.0,,,1,1,0,0,0,0,0,0,Low Risk
Customer_01020,5,2026-08-02,Premium,high_value,13,164,7,34,100,100,75,95.0,17.0,21.0,19.047619047619047,1,1,0,0,0,0,0,0,Low Risk
Customer_01020,5,2026-08-03,Premium,high_value,23,247,15,30,100,75,100,92.5,19.0,17.0,-11.76470588235294,1,1,0,0,0,0,0,0,Low Risk
Customer_01020,5,2026-08-04,Premium,high_value,11,154,14,18,100,75,100,92.5,17.0,19.0,10.526315789473683,1,1,0,0,0,0,0,0,Low Risk
Customer_01020,5,2026-08-05,Premium,high_value,21,223,6,42,100,100,75,95.0,17.8,17.0,-4.70588235294118,1,1,0,0,1,0,0,20,Low Risk
Customer_01021,4,2026-08-01,Premium,high_value,14,208,15,18,100,75,100,92.5,14.0,,,0,0,0,0,0,0,0,0,Low Risk
Customer_01021,4,2026-08-02,Premium,high_value,12,247,9,19,100,100,100,100.0,13.0,14.0,7.142857142857142,0,0,0,0,0,0,0,0,Low Risk
Customer_01021,4,2026-08-03,Premium,high_value,16,158,15,34,100,75,75,87.5,14.0,13.0,-7.6923076923076925,0,0,0,0,0,0,0,0,Low Risk
Customer_01021,4,2026-08-04,Premium,high_value,24,246,12,35,100,75,75,87.5,16.5,14.0,-17.857142857142858,0,0,0,0,0,0,0,0,Low Risk
Customer_01021,4,2026-08-05,Premium,high_value,20,235,5,15,100,100,100,100.0,17.2,16.5,-4.242424242424238,0,0,0,0,0,0,0,0,Low Risk
Customer_01022,6,2026-08-01,Premium,high_value,19,241,17,12,100,75,100,92.5,19.0,,,0,0,0,0,0,0,0,0,Low Risk
Customer_01022,6,2026-08-02,Premium,high_value,21,230,10,11,100,100,100,100.0,20.0,19.0,-5.263157894736842,0,0,0,0,0,0,0,0,Low Risk
Customer_01022,6,2026-08-03,Premium,high_value,18,166,19,39,100,75,75,87.5,19.33333333333333,20.0,3.33333333333334,0,0,0,0,0,0,0,0,Low Risk
Customer_01022,6,2026-08-04,Premium,high_value,11,227,19,34,100,75,75,87.5,17.25,19.33333333333333,10.775862068965512,0,0,0,0,0,0,0,0,Low Risk
Customer_01022,6,2026-08-05,Premium,high_value,13,195,15,33,100,75,75,87.5,16.4,17.25,4.9275362318840665,0,0,0,0,0,0,0,0,Low Risk
Customer_01023,1,2026-08-01,Premium,high_value,15,244,5,49,100,100,75,95.0,15.0,,,1,1,0,0,1,0,0,20,Low Risk
Customer_01023,1,2026-08-02,Premium,high_value,22,196,26,16,100,75,100,92.5,18.5,15.0,-23.33333333333333,1,1,0,1,0,0,0,25,Low Risk
Customer_01023,1,2026-08-03,Premium,high_value,23,204,7,39,100,100,75,95.0,20.0,18.5,-8.108108108108109,1,1,0,0,0,0,0,0,Low Risk
Customer_01023,1,2026-08-04,Premium,high_value,17,166,16,48,100,75,75,87.5,19.25,20.0,3.75,1,1,0,0,1,0,0,20,Low Risk
Customer_01023,1,2026-08-05,Premium,high_value,11,157,19,47,100,75,75,87.5,17.6,19.25,8.571428571428564,1,1,0,0,1,0,0,20,Low Risk
Customer_01024,4,2026-08-01,Premium,high_value,19,208,19,30,100,75,100,92.5,19.0,,,1,1,0,0,0,0,0,0,Low Risk
Customer_01024,4,2026-08-02,Premium,high_value,15,171,13,16,100,75,100,92.5,17.0,19.0,10.526315789473683,1,1,0,0,0,0,0,0,Low Risk
Customer_01024,4,2026-08-03,Premium,high_value,23,186,8,15,100,100,100,100.0,19.0,17.0,-11.76470588235294,1,1,0,0,0,0,0,0,Low Risk
Customer_01024,4,2026-08-04,Premium,high_value,23,193,24,44,100,75,75,87.5,20.0,19.0,-5.263157894736842,1,1,0,1,1,0,0,45,Medium Risk
Customer_01024,4,2026-08-05,Premium,high_value,15,208,28,47,100,75,75,87.5,19.0,20.0,5.0,1,1,0,1,1,0,0,45,Medium Risk
Customer_01025,2,2026-08-01,Standard,mid_value,13,114,24,21,100,75,100,92.5,13.0,,,0,0,0,1,0,0,0,25,Low Risk
Customer_01025,2,2026-08-02,Standard,mid_value,7,98,17,18,75,75,100,80.0,10.0,13.0,23.07692307692308,0,0,0,0,0,0,0,0,Low Risk
Customer_01025,2,2026-08-03,Standard,mid_value,7,96,23,23,75,75,100,80.0,9.0,10.0,10.0,0,0,0,1,0,0,0,25,Low Risk
Customer_01025,2,2026-08-04,Standard,mid_value,7,111,23,48,100,75,75,87.5,8.5,9.0,5.555555555555555,0,0,0,1,1,0,0,45,Medium Risk
Customer_01025,2,2026-08-05,Standard,mid_value,9,82,15,22,75,75,100,80.0,8.6,8.5,-1.17647058823529,0,0,0,0,0,0,0,0,Low Risk
Customer_01026,8,2026-08-01,Premium,high_value,18,239,19,45,100,75,75,87.5,18.0,,,1,1,0,0,1,0,0,20,Low Risk
Customer_01026,8,2026-08-02,Premium,high_value,15,220,4,21,100,100,100,100.0,16.5,18.0,8.333333333333332,1,1,0,0,0,0,0,0,Low Risk
Customer_01026,8,2026-08-03,Premium,high_value,22,190,25,16,100,75,100,92.5,18.33333333333333,16.5,-11.111111111111104,1,1,0,1,0,0,0,25,Low Risk
Customer_01026,8,2026-08-04,Premium,high_value,13,244,22,21,100,75,100,92.5,17.0,18.33333333333333,7.272727272727267,1,1,0,1,0,0,0,25,Low Risk
Customer_01026,8,2026-08-05,Premium,high_value,23,232,4,30,100,100,100,100.0,18.2,17.0,-7.05882352941176,1,1,0,0,0,0,0,0,Low Risk
Customer_01027,7,2026-08-01,Standard,mid_value,7,107,24,44,100,75,75,87.5,7.0,,,0,0,0,1,1,0,0,45,Medium Risk
Customer_01027,7,2026-08-02,Standard,mid_value,12,89,5,11,75,100,100,87.5,9.5,7.0,-35.714285714285715,0,0,0,0,0,0,0,0,Low Risk
Customer_01027,7,2026-08-03,Standard,mid_value,10,112,3,31,100,100,75,95.0,9.666666666666666,9.5,-1.7543859649122744,0,0,0,0,0,0,0,0,Low Risk
Customer_01027,7,2026-08-04,Standard,mid_value,10,89,15,24,75,75,100,80.0,9.75,9.666666666666666,-0.8620689655172477,0,0,0,0,0,0,0,0,Low Risk
Customer_01027,7,2026-08-05,Standard,mid_value,15,101,15,42,100,75,75,87.5,10.8,9.75,-10.769230769230775,0,0,0,0,1,0,0,20,Low Risk
Customer_01028,5,2026-08-01,Premium,high_value,11,188,27,24,100,75,100,92.5,11.0,,,0,0,0,1,0,0,0,25,Low Risk
Customer_01028,5,2026-08-02,Premium,high_value,12,239,2,13,100,100,100,100.0,11.5,11.0,-4.545454545454546,0,0,0,0,0,0,0,0,Low Risk
Customer_01028,5,2026-08-03,Premium,high_value,24,153,7,34,100,100,75,95.0,15.666666666666666,11.5,-36.23188405797101,0,0,0,0,0,0,0,0,Low Risk
Customer_01028,5,2026-08-04,Premium,high_value,16,243,1,32,100,100,75,95.0,15.75,15.666666666666666,-0.531914893617025,0,0,0,0,0,0,0,0,Low Risk
Customer_01028,5,2026-08-05,Premium,high_value,24,249,11,28,100,75,100,92.5,17.4,15.75,-10.476190476190467,0,0,0,0,0,0,0,0,Low Risk
Customer_01029,3,2026-08-01,Premium,high_value,23,165,18,40,100,75,75,87.5,23.0,,,1,1,0,0,0,0,0,0,Low Risk
Customer_01029,3,2026-08-02,Premium,high_value,18,208,9,48,100,100,75,95.0,20.5,23.0,10.869565217391305,1,1,0,0,1,0,0,20,Low Risk
Customer_01029,3,2026-08-03,Premium,high_value,20,198,4,41,100,100,75,95.0,20.33333333333333,20.5,0.8130081300813066,1,1,0,0,1,0,0,20,Low Risk
Customer_01029,3,2026-08-04,Premium,high_value,22,232,20,43,100,75,75,87.5,20.75,20.33333333333333,-2.0491803278688585,1,1,0,0,1,0,0,20,Low Risk
Customer_01029,3,2026-08-05,Premium,high_value,23,179,10,36,100,100,75,95.0,21.2,20.75,-2.168674698795177,1,1,0,0,0,0,0,0,Low Risk
Customer_01030,8,2026-08-01,Premium,high_value,14,207,15,18,100,75,100,92.5,14.0,,,1,1,0,0,0,0,0,0,Low Risk
Customer_01030,8,2026-08-02,Premium,high_value,18,201,2,11,100,100,100,100.0,16.0,14.0,-14.285714285714285,1,1,0,0,0,0,0,0,Low Risk
Customer_01030,8,2026-08-03,Premium,high_value,23,169,1,22,100,100,100,100.0,18.33333333333333,16.0,-14.583333333333323,1,1,0,0,0,0,0,0,Low Risk
Customer_01030,8,2026-08-04,Premium,high_value,11,227,15,48,100,75,75,87.5,16.5,18.33333333333333,9.999999999999991,1,1,0,0,1,0,0,20,Low Risk
Customer_01030,8,2026-08-05,Premium,high_value,24,247,8,37,100,100,75,95.0,18.0,16.5,-9.090909090909092,1,1,0,0,0,0,0,0,Low Risk
Customer_01031,4,2026-08-01,Premium,high_value,11,172,7,31,100,100,75,95.0,11.0,,,1,1,0,0,0,0,0,0,Low Risk
Customer_01031,4,2026-08-02,Premium,high_value,12,207,25,17,100,75,100,92.5,11.5,11.0,-4.545454545454546,1,1,0,1,0,0,0,25,Low Risk
Customer_01031,4,2026-08-03,Premium,high_value,11,186,9,33,100,100,75,95.0,11.333333333333334,11.5,1.4492753623188357,1,1,0,0,0,0,0,0,Low Risk
Customer_01031,4,2026-08-04,Premium,high_value,10,196,2,15,100,100,100,100.0,11.0,11.333333333333334,2.9411764705882404,1,1,0,0,0,0,0,0,Low Risk
Customer_01031,4,2026-08-05,Premium,high_value,20,246,25,41,100,75,75,87.5,12.8,11.0,-16.36363636363637,1,1,0,1,1,0,0,45,Medium Risk
Customer_01032,1,2026-08-01,Premium,high_value,16,237,14,28,100,75,100,92.5,16.0,,,1,1,0,0,0,0,0,0,Low Risk
Customer_01032,1,2026-08-02,Premium,high_value,12,163,25,41,100,75,75,87.5,14.0,16.0,12.5,1,1,0,1,1,0,0,45,Medium Risk
Customer_01032,1,2026-08-03,Premium,high_value,15,236,11,26,100,75,100,92.5,14.333333333333334,14.0,-2.3809523809523854,1,1,0,0,0,0,0,0,Low Risk
Customer_01032,1,2026-08-04,Premium,high_value,21,219,7,14,100,100,100,100.0,16.0,14.333333333333334,-11.627906976744182,1,1,0,0,0,0,0,0,Low Risk
Customer_01032,1,2026-08-05,Premium,high_value,22,230,29,36,100,75,75,87.5,17.2,16.0,-7.499999999999996,1,1,0,1,0,0,0,25,Low Risk
Customer_01033,8,2026-08-01,Premium,high_value,23,162,15,46,100,75,75,87.5,23.0,,,0,0,0,0,1,0,0,20,Low Risk
Customer_01033,8,2026-08-02,Premium,high_value,17,200,29,22,100,75,100,92.5,20.0,23.0,13.043478260869565,0,0,0,1,0,0,0,25,Low Risk
Customer_01033,8,2026-08-03,Premium,high_value,14,237,17,24,100,75,100,92.5,18.0,20.0,10.0,0,0,0,0,0,0,0,0,Low Risk
Customer_01033,8,2026-08-04,Premium,high_value,12,219,1,39,100,100,75,95.0,16.5,18.0,8.333333333333332,0,0,0,0,0,0,0,0,Low Risk
Customer_01033,8,2026-08-05,Premium,high_value,15,178,19,38,100,75,75,87.5,16.2,16.5,1.8181818181818223,0,0,0,0,0,0,0,0,Low Risk
Customer_01034,7,2026-08-01,Premium,high_value,15,175,24,26,100,75,100,92.5,15.0,,,0,0,0,1,0,0,0,25,Low Risk
Customer_01034,7,2026-08-02,Premium,high_value,17,166,23,10,100,75,100,92.5,16.0,15.0,-6.666666666666667,0,0,0,1,0,0,0,25,Low Risk
Customer_01034,7,2026-08-03,Premium,high_value,19,168,11,34,100,75,75,87.5,17.0,16.0,-6.25,0,0,0,0,0,0,0,0,Low Risk
Customer_01034,7,2026-08-04,Premium,high_value,14,244,13,16,100,75,100,92.5,16.25,17.0,4.411764705882353,0,0,0,0,0,0,0,0,Low Risk
Customer_01034,7,2026-08-05,Premium,high_value,24,164,28,16,100,75,100,92.5,17.8,16.25,-9.538461538461544,0,0,0,1,0,0,0,25,Low Risk
Customer_01035,10,2026-08-01,Standard,mid_value,12,84,20,29,75,75,100,80.0,12.0,,,1,1,0,0,0,0,0,0,Low Risk
Customer_01035,10,2026-08-02,Standard,mid_value,9,113,1,11,100,100,100,100.0,10.5,12.0,12.5,1,1,0,0,0,0,0,0,Low Risk
Customer_01035,10,2026-08-03,Standard,mid_value,14,112,25,41,100,75,75,87.5,11.666666666666666,10.5,-11.111111111111104,1,1,0,1,1,0,0,45,Medium Risk
Customer_01035,10,2026-08-04,Standard,mid_value,11,104,17,25,100,75,100,92.5,11.5,11.666666666666666,1.4285714285714235,1,1,0,0,0,0,0,0,Low Risk
Customer_01035,10,2026-08-05,Standard,mid_value,6,112,17,13,100,75,100,92.5,10.4,11.5,9.565217391304346,1,1,0,0,0,0,0,0,Low Risk
Customer_01036,2,2026-08-01,Premium,high_value,13,249,8,28,100,100,100,100.0,13.0,,,1,1,0,0,0,0,0,0,Low Risk
Customer_01036,2,2026-08-02,Premium,high_value,22,211,17,26,100,75,100,92.5,17.5,13.0,-34.61538461538461,1,1,0,0,0,0,0,0,Low Risk
Customer_01036,2,2026-08-03,Premium,high_value,14,223,22,37,100,75,75,87.5,16.333333333333332,17.5,6.666666666666673,1,1,0,1,0,0,0,25,Low Risk
Customer_01036,2,2026-08-04,Premium,high_value,22,199,22,50,100,75,75,87.5,17.75,16.333333333333332,-8.67346938775511,1,1,0,1,1,0,0,45,Medium Risk
Customer_01036,2,2026-08-05,Premium,high_value,14,159,4,26,100,100,100,100.0,17.0,17.75,4.225352112676056,1,1,0,0,0,0,0,0,Low Risk
Customer_01037,4,2026-08-01,Standard,mid_value,6,94,13,11,75,75,100,80.0,6.0,,,1,1,0,0,0,0,0,0,Low Risk
Customer_01037,4,2026-08-02,Standard,mid_value,8,96,12,19,75,75,100,80.0,7.0,6.0,-16.666666666666664,1,1,0,0,0,0,0,0,Low Risk
Customer_01037,4,2026-08-03,Standard,mid_value,7,108,25,39,100,75,75,87.5,7.0,7.0,0.0,1,1,0,1,0,0,0,25,Low Risk
Customer_01037,4,2026-08-04,Standard,mid_value,6,101,11,42,100,75,75,87.5,6.75,7.0,3.571428571428571,1,1,0,0,1,0,0,20,Low Risk
Customer_01037,4,2026-08-05,Standard,mid_value,10,87,23,26,75,75,100,80.0,7.4,6.75,-9.629629629629637,1,1,0,1,0,0,0,25,Low Risk
Customer_01038,10,2026-08-01,Premium,high_value,21,206,28,37,100,75,75,87.5,21.0,,,1,1,0,1,0,0,0,25,Low Risk
Customer_01038,10,2026-08-02,Premium,high_value,13,220,2,25,100,100,100,100.0,17.0,21.0,19.047619047619047,1,1,0,0,0,0,0,0,Low Risk
Customer_01038,10,2026-08-03,Premium,high_value,17,214,14,47,100,75,75,87.5,17.0,17.0,0.0,1,1,0,0,1,0,0,20,Low Risk
Customer_01038,10,2026-08-04,Premium,high_value,22,223,2,32,100,100,75,95.0,18.25,17.0,-7.352941176470589,1,1,0,0,0,0,0,0,Low Risk
Customer_01038,10,2026-08-05,Premium,high_value,20,163,29,41,100,75,75,87.5,18.6,18.25,-1.9178082191780896,1,1,0,1,1,0,0,45,Medium Risk
Customer_01039,9,2026-08-01,Premium,high_value,24,249,3,45,100,100,75,95.0,24.0,,,1,1,0,0,1,0,0,20,Low Risk
Customer_01039,9,2026-08-02,Premium,high_value,10,157,10,24,100,100,100,100.0,17.0,24.0,29.166666666666668,1,1,0,0,0,0,0,0,Low Risk
Customer_01039,9,2026-08-03,Premium,high_value,16,152,22,32,100,75,75,87.5,16.666666666666668,17.0,1.9607843137254832,1,1,0,1,0,0,0,25,Low Risk
Customer_01039,9,2026-08-04,Premium,high_value,18,221,29,29,100,75,100,92.5,17.0,16.666666666666668,-1.999999999999993,1,1,0,1,0,0,0,25,Low Risk
Customer_01039,9,2026-08-05,Premium,high_value,17,221,4,36,100,100,75,95.0,17.0,17.0,0.0,1,1,0,0,0,0,0,0,Low Risk
Customer_01040,7,2026-08-01,Premium,high_value,15,222,16,16,100,75,100,92.5,15.0,,,1,1,0,0,0,0,0,0,Low Risk
Customer_01040,7,2026-08-02,Premium,high_value,21,245,8,26,100,100,100,100.0,18.0,15.0,-20.0,1,1,0,0,0,0,0,0,Low Risk
Customer_01040,7,2026-08-03,Premium,high_value,13,195,10,30,100,100,100,100.0,16.333333333333332,18.0,9.259259259259265,1,1,0,0,0,0,0,0,Low Risk
Customer_01040,7,2026-08-04,Premium,high_value,24,185,0,32,100,100,75,95.0,18.25,16.333333333333332,-11.734693877551027,1,1,0,0,0,0,0,0,Low Risk
Customer_01040,7,2026-08-05,Premium,high_value,20,166,25,39,100,75,75,87.5,18.6,18.25,-1.9178082191780896,1,1,0,1,0,0,0,25,Low Risk
Customer_01041,9,2026-08-01,Premium,high_value,14,158,20,20,100,75,100,92.5,14.0,,,0,0,0,0,0,0,0,0,Low Risk
Customer_01041,9,2026-08-02,Premium,high_value,24,185,20,34,100,75,75,87.5,19.0,14.0,-35.714285714285715,0,0,0,0,0,0,0,0,Low Risk
Customer_01041,9,2026-08-03,Premium,high_value,16,232,19,19,100,75,100,92.5,18.0,19.0,5.263157894736842,0,0,0,0,0,0,0,0,Low Risk
Customer_01041,9,2026-08-04,Premium,high_value,24,206,6,14,100,100,100,100.0,19.5,18.0,-8.333333333333332,0,0,0,0,0,0,0,0,Low Risk
Customer_01041,9,2026-08-05,Premium,high_value,16,160,6,50,100,100,75,95.0,18.8,19.5,3.589743589743586,0,0,0,0,1,0,0,20,Low Risk
Customer_01042,3,2026-08-01,Premium,high_value,18,226,7,39,100,100,75,95.0,18.0,,,0,0,0,0,0,0,0,0,Low Risk
Customer_01042,3,2026-08-02,Premium,high_value,12,165,9,15,100,100,100,100.0,15.0,18.0,16.666666666666664,0,0,0,0,0,0,0,0,Low Risk
Customer_01042,3,2026-08-03,Premium,high_value,22,155,2,35,100,100,75,95.0,17.333333333333332,15.0,-15.555555555555548,0,0,0,0,0,0,0,0,Low Risk
Customer_01042,3,2026-08-04,Premium,high_value,20,179,23,22,100,75,100,92.5,18.0,17.333333333333332,-3.846153846153853,0,0,0,1,0,0,0,25,Low Risk
Customer_01042,3,2026-08-05,Premium,high_value,19,153,23,25,100,75,100,92.5,18.2,18.0,-1.1111111111111072,0,0,0,1,0,0,0,25,Low Risk
Customer_01043,8,2026-08-01,Standard,mid_value,12,100,6,37,100,100,75,95.0,12.0,,,1,1,0,0,0,0,0,0,Low Risk
Customer_01043,8,2026-08-02,Standard,mid_value,14,108,17,45,100,75,75,87.5,13.0,12.0,-8.333333333333332,1,1,0,0,1,0,0,20,Low Risk
Customer_01043,8,2026-08-03,Standard,mid_value,10,91,5,13,75,100,100,87.5,12.0,13.0,7.6923076923076925,1,1,0,0,0,0,0,0,Low Risk
Customer_01043,8,2026-08-04,Standard,mid_value,6,97,13,40,75,75,75,75.0,10.5,12.0,12.5,1,1,0,0,0,0,0,0,Low Risk
Customer_01043,8,2026-08-05,Standard,mid_value,13,111,13,12,100,75,100,92.5,11.0,10.5,-4.761904761904762,1,1,0,0,0,0,0,0,Low Risk
Customer_01044,10,2026-08-01,Premium,high_value,13,154,1,38,100,100,75,95.0,13.0,,,1,1,0,0,0,0,0,0,Low Risk
Customer_01044,10,2026-08-02,Premium,high_value,23,232,10,27,100,100,100,100.0,18.0,13.0,-38.46153846153847,1,1,0,0,0,0,0,0,Low Risk
Customer_01044,10,2026-08-03,Premium,high_value,11,212,8,14,100,100,100,100.0,15.666666666666666,18.0,12.962962962962964,1,1,0,0,0,0,0,0,Low Risk
Customer_01044,10,2026-08-04,Premium,high_value,19,217,28,27,100,75,100,92.5,16.5,15.666666666666666,-5.319148936170217,1,1,0,1,0,0,0,25,Low Risk
Customer_01044,10,2026-08-05,Premium,high_value,25,189,8,11,100,100,100,100.0,18.2,16.5,-10.3030303030303,1,1,0,0,0,0,0,0,Low Risk
Customer_01045,5,2026-08-01,Basic,low_value,3,48,22,50,50,75,75,62.5,3.0,,,1,1,0,1,1,0,0,45,Medium Risk
Customer_01045,5,2026-08-02,Basic,low_value,5,59,18,11,75,75,100,80.0,4.0,3.0,-33.33333333333333,1,1,0,0,0,0,0,0,Low Risk
Customer_01045,5,2026-08-03,Basic,low_value,4,50,12,14,75,75,100,80.0,4.0,4.0,0.0,1,1,0,0,0,0,0,0,Low Risk
Customer_01045,5,2026-08-04,Basic,low_value,3,53,17,29,75,75,100,80.0,3.75,4.0,6.25,1,1,0,0,0,0,0,0,Low Risk
Customer_01045,5,2026-08-05,Basic,low_value,3,46,3,38,50,100,75,70.0,3.6,3.75,3.999999999999997,1,1,0,0,0,0,0,0,Low Risk
Customer_01046,4,2026-08-01,Premium,high_value,11,194,19,31,100,75,75,87.5,11.0,,,0,0,0,0,0,0,0,0,Low Risk
Customer_01046,4,2026-08-02,Premium,high_value,16,219,8,23,100,100,100,100.0,13.5,11.0,-22.727272727272727,0,0,0,0,0,0,0,0,Low Risk
Customer_01046,4,2026-08-03,Premium,high_value,20,200,5,41,100,100,75,95.0,15.666666666666666,13.5,-16.04938271604938,0,0,0,0,1,0,0,20,Low Risk
Customer_01046,4,2026-08-04,Premium,high_value,20,195,6,29,100,100,100,100.0,16.75,15.666666666666666,-6.914893617021281,0,0,0,0,0,0,0,0,Low Risk
Customer_01046,4,2026-08-05,Premium,high_value,18,196,10,13,100,100,100,100.0,17.0,16.75,-1.4925373134328357,0,0,0,0,0,0,0,0,Low Risk
Customer_01047,7,2026-08-01,Premium,high_value,20,203,16,21,100,75,100,92.5,20.0,,,1,1,0,0,0,0,0,0,Low Risk
Customer_01047,7,2026-08-02,Premium,high_value,21,205,6,38,100,100,75,95.0,20.5,20.0,-2.5,1,1,0,0,0,0,0,0,Low Risk
Customer_01047,7,2026-08-03,Premium,high_value,10,169,17,14,100,75,100,92.5,17.0,20.5,17.073170731707318,1,1,0,0,0,0,0,0,Low Risk
Customer_01047,7,2026-08-04,Premium,high_value,17,205,13,30,100,75,100,92.5,17.0,17.0,0.0,1,1,0,0,0,0,0,0,Low Risk
Customer_01047,7,2026-08-05,Premium,high_value,12,248,12,42,100,75,75,87.5,16.0,17.0,5.88235294117647,1,1,0,0,1,0,0,20,Low Risk
Customer_01048,9,2026-08-01,Premium,high_value,14,245,27,48,100,75,75,87.5,14.0,,,0,0,0,1,1,0,0,45,Medium Risk
Customer_01048,9,2026-08-02,Premium,high_value,15,185,9,23,100,100,100,100.0,14.5,14.0,-3.571428571428571,0,0,0,0,0,0,0,0,Low Risk
Customer_01048,9,2026-08-03,Premium,high_value,16,197,9,27,100,100,100,100.0,15.0,14.5,-3.4482758620689653,0,0,0,0,0,0,0,0,Low Risk
Customer_01048,9,2026-08-04,Premium,high_value,24,153,9,46,100,100,75,95.0,17.25,15.0,-15.0,0,0,0,0,1,0,0,20,Low Risk
Customer_01048,9,2026-08-05,Premium,high_value,18,218,24,46,100,75,75,87.5,17.4,17.25,-0.869565217391296,0,0,0,1,1,0,0,45,Medium Risk
Customer_01049,4,2026-08-01,Standard,mid_value,9,87,1,28,75,100,100,87.5,9.0,,,1,1,0,0,0,0,0,0,Low Risk
Customer_01049,4,2026-08-02,Standard,mid_value,6,116,9,44,100,100,75,95.0,7.5,9.0,16.666666666666664,1,1,0,0,1,0,0,20,Low Risk
Customer_01049,4,2026-08-03,Standard,mid_value,14,87,12,32,75,75,75,75.0,9.666666666666666,7.5,-28.88888888888888,1,1,0,0,0,0,0,0,Low Risk
Customer_01049,4,2026-08-04,Standard,mid_value,13,85,5,29,75,100,100,87.5,10.5,9.666666666666666,-8.62068965517242,1,1,0,0,0,0,0,0,Low Risk
Customer_01049,4,2026-08-05,Standard,mid_value,12,110,22,12,100,75,100,92.5,10.8,10.5,-2.857142857142864,1,1,0,1,0,0,0,25,Low Risk
Customer_01050,8,2026-08-01,Standard,mid_value,14,92,24,33,75,75,75,75.0,14.0,,,1,1,0,1,0,0,0,25,Low Risk
Customer_01050,8,2026-08-02,Standard,mid_value,6,101,16,28,100,75,100,92.5,10.0,14.0,28.57142857142857,1,1,0,0,0,0,0,0,Low Risk
Customer_01050,8,2026-08-03,Standard,mid_value,11,107,17,43,100,75,75,87.5,10.333333333333334,10.0,-3.33333333333334,1,1,0,0,1,0,0,20,Low Risk
Customer_01050,8,2026-08-04,Standard,mid_value,13,117,0,16,100,100,100,100.0,11.0,10.333333333333334,-6.451612903225801,1,1,0,0,0,0,0,0,Low Risk
Customer_01050,8,2026-08-05,Standard,mid_value,14,110,12,34,100,75,75,87.5,11.6,11.0,-5.454545454545452,1,1,0,0,0,0,0,0,Low Risk
Customer_01051,10,2026-08-01,Standard,mid_value,12,105,21,18,100,75,100,92.5,12.0,,,0,0,0,1,0,0,0,25,Low Risk
Customer_01051,10,2026-08-02,Standard,mid_value,10,93,22,44,75,75,75,75.0,11.0,12.0,8.333333333333332,0,0,0,1,1,0,0,45,Medium Risk
Customer_01051,10,2026-08-03,Standard,mid_value,11,119,3,50,100,100,75,95.0,11.0,11.0,0.0,0,0,0,0,1,0,0,20,Low Risk
Customer_01051,10,2026-08-04,Standard,mid_value,14,102,5,20,100,100,100,100.0,11.75,11.0,-6.8181818181818175,0,0,0,0,0,0,0,0,Low Risk
Customer_01051,10,2026-08-05,Standard,mid_value,14,98,16,45,75,75,75,75.0,12.2,11.75,-3.8297872340425463,0,0,0,0,1,0,0,20,Low Risk
Customer_01052,1,2026-08-01,Standard,mid_value,14,85,9,17,75,100,100,87.5,14.0,,,0,0,0,0,0,0,0,0,Low Risk
Customer_01052,1,2026-08-02,Standard,mid_value,7,90,20,48,75,75,75,75.0,10.5,14.0,25.0,0,0,0,0,1,0,0,20,Low Risk
Customer_01052,1,2026-08-03,Standard,mid_value,5,113,22,33,100,75,75,87.5,8.666666666666666,10.5,17.460317460317466,0,0,0,1,0,0,0,25,Low Risk
Customer_01052,1,2026-08-04,Standard,mid_value,12,86,30,40,75,75,75,75.0,9.5,8.666666666666666,-9.615384615384622,0,0,0,1,0,0,0,25,Low Risk
Customer_01052,1,2026-08-05,Standard,mid_value,12,92,22,49,75,75,75,75.0,10.0,9.5,-5.263157894736842,0,0,0,1,1,0,0,45,Medium Risk
Customer_01053,2,2026-08-01,Standard,mid_value,11,92,15,32,75,75,75,75.0,11.0,,,1,1,0,0,0,0,0,0,Low Risk
Customer_01053,2,2026-08-02,Standard,mid_value,7,103,1,23,100,100,100,100.0,9.0,11.0,18.181818181818183,1,1,0,0,0,0,0,0,Low Risk
Customer_01053,2,2026-08-03,Standard,mid_value,8,112,15,45,100,75,75,87.5,8.666666666666666,9.0,3.7037037037037104,1,1,0,0,1,0,0,20,Low Risk
Customer_01053,2,2026-08-04,Standard,mid_value,13,113,22,18,100,75,100,92.5,9.75,8.666666666666666,-12.500000000000009,1,1,0,1,0,0,0,25,Low Risk
Customer_01053,2,2026-08-05,Standard,mid_value,10,90,3,40,75,100,75,82.5,9.8,9.75,-0.5128205128205201,1,1,0,0,0,0,0,0,Low Risk
Customer_01054,7,2026-08-01,Premium,high_value,21,172,25,25,100,75,100,92.5,21.0,,,1,1,0,1,0,0,0,25,Low Risk
Customer_01054,7,2026-08-02,Premium,high_value,18,208,9,29,100,100,100,100.0,19.5,21.0,7.142857142857142,1,1,0,0,0,0,0,0,Low Risk
Customer_01054,7,2026-08-03,Premium,high_value,23,186,23,50,100,75,75,87.5,20.666666666666668,19.5,-5.982905982905988,1,1,0,1,1,0,0,45,Medium Risk
Customer_01054,7,2026-08-04,Premium,high_value,18,219,7,11,100,100,100,100.0,20.0,20.666666666666668,3.225806451612909,1,1,0,0,0,0,0,0,Low Risk
Customer_01054,7,2026-08-05,Premium,high_value,20,188,21,33,100,75,75,87.5,20.0,20.0,0.0,1,1,0,1,0,0,0,25,Low Risk
Customer_01055,2,2026-08-01,Premium,high_value,14,203,4,39,100,100,75,95.0,14.0,,,0,0,0,0,0,0,0,0,Low Risk
Customer_01055,2,2026-08-02,Premium,high_value,16,202,6,46,100,100,75,95.0,15.0,14.0,-7.142857142857142,0,0,0,0,1,0,0,20,Low Risk
Customer_01055,2,2026-08-03,Premium,high_value,10,173,29,49,100,75,75,87.5,13.333333333333334,15.0,11.111111111111107,0,0,0,1,1,0,0,45,Medium Risk
Customer_01055,2,2026-08-04,Premium,high_value,11,183,6,45,100,100,75,95.0,12.75,13.333333333333334,4.375000000000004,0,0,0,0,1,0,0,20,Low Risk
Customer_01055,2,2026-08-05,Premium,high_value,23,249,10,25,100,100,100,100.0,14.8,12.75,-16.078431372549026,0,0,0,0,0,0,0,0,Low Risk
Customer_01056,7,2026-08-01,Standard,mid_value,7,112,5,25,100,100,100,100.0,7.0,,,0,0,0,0,0,0,0,0,Low Risk
Customer_01056,7,2026-08-02,Standard,mid_value,15,110,15,46,100,75,75,87.5,11.0,7.0,-57.14285714285714,0,0,0,0,1,0,0,20,Low Risk
Customer_01056,7,2026-08-03,Standard,mid_value,13,107,2,13,100,100,100,100.0,11.666666666666666,11.0,-6.060606060606055,0,0,0,0,0,0,0,0,Low Risk
Customer_01056,7,2026-08-04,Standard,mid_value,7,93,10,38,75,100,75,82.5,10.5,11.666666666666666,9.999999999999996,0,0,0,0,0,0,0,0,Low Risk
Customer_01056,7,2026-08-05,Standard,mid_value,15,90,25,36,75,75,75,75.0,11.4,10.5,-8.571428571428575,0,0,0,1,0,0,0,25,Low Risk
Customer_01057,7,2026-08-01,Premium,high_value,22,232,13,27,100,75,100,92.5,22.0,,,0,0,0,0,0,0,0,0,Low Risk
Customer_01057,7,2026-08-02,Premium,high_value,15,177,17,27,100,75,100,92.5,18.5,22.0,15.909090909090908,0,0,0,0,0,0,0,0,Low Risk
Customer_01057,7,2026-08-03,Premium,high_value,21,161,8,24,100,100,100,100.0,19.33333333333333,18.5,-4.5045045045044985,0,0,0,0,0,0,0,0,Low Risk
Customer_01057,7,2026-08-04,Premium,high_value,25,230,15,14,100,75,100,92.5,20.75,19.33333333333333,-7.327586206896558,0,0,0,0,0,0,0,0,Low Risk
Customer_01057,7,2026-08-05,Premium,high_value,16,184,17,12,100,75,100,92.5,19.8,20.75,4.578313253012045,0,0,0,0,0,0,0,0,Low Risk
Customer_01058,8,2026-08-01,Premium,high_value,18,172,24,35,100,75,75,87.5,18.0,,,0,0,0,1,0,0,0,25,Low Risk
Customer_01058,8,2026-08-02,Premium,high_value,21,199,4,14,100,100,100,100.0,19.5,18.0,-8.333333333333332,0,0,0,0,0,0,0,0,Low Risk
Customer_01058,8,2026-08-03,Premium,high_value,14,151,9,40,100,100,75,95.0,17.666666666666668,19.5,9.401709401709397,0,0,0,0,0,0,0,0,Low Risk
Customer_01058,8,2026-08-04,Premium,high_value,18,173,16,25,100,75,100,92.5,17.75,17.666666666666668,-0.4716981132075404,0,0,0,0,0,0,0,0,Low Risk
Customer_01058,8,2026-08-05,Premium,high_value,19,158,29,28,100,75,100,92.5,18.0,17.75,-1.4084507042253522,0,0,0,1,0,0,0,25,Low Risk
Customer_01059,6,2026-08-01,Standard,mid_value,10,113,3,21,100,100,100,100.0,10.0,,,1,1,0,0,0,0,0,0,Low Risk
Customer_01059,6,2026-08-02,Standard,mid_value,11,119,3,37,100,100,75,95.0,10.5,10.0,-5.0,1,1,0,0,0,0,0,0,Low Risk
Customer_01059,6,2026-08-03,Standard,mid_value,7,110,15,30,100,75,100,92.5,9.333333333333334,10.5,11.111111111111104,1,1,0,0,0,0,0,0,Low Risk
Customer_01059,6,2026-08-04,Standard,mid_value,7,82,26,27,75,75,100,80.0,8.75,9.333333333333334,6.250000000000005,1,1,0,1,0,0,0,25,Low Risk
Customer_01059,6,2026-08-05,Standard,mid_value,9,120,3,41,100,100,75,95.0,8.8,8.75,-0.5714285714285796,1,1,0,0,1,0,0,20,Low Risk
Customer_01060,6,2026-08-01,Premium,high_value,18,227,28,11,100,75,100,92.5,18.0,,,1,1,0,1,0,0,0,25,Low Risk
Customer_01060,6,2026-08-02,Premium,high_value,13,180,21,16,100,75,100,92.5,15.5,18.0,13.88888888888889,1,1,0,1,0,0,0,25,Low Risk
Customer_01060,6,2026-08-03,Premium,high_value,15,218,6,45,100,100,75,95.0,15.333333333333334,15.5,1.0752688172042972,1,1,0,0,1,0,0,20,Low Risk
Customer_01060,6,2026-08-04,Premium,high_value,17,223,10,43,100,100,75,95.0,15.75,15.333333333333334,-2.717391304347822,1,1,0,0,1,0,0,20,Low Risk
Customer_01060,6,2026-08-05,Premium,high_value,11,160,20,42,100,75,75,87.5,14.8,15.75,6.031746031746027,1,1,0,0,1,0,0,20,Low Risk
Customer_01061,9,2026-08-01,Premium,high_value,11,226,14,21,100,75,100,92.5,11.0,,,1,1,0,0,0,0,0,0,Low Risk
Customer_01061,9,2026-08-02,Premium,high_value,13,220,25,23,100,75,100,92.5,12.0,11.0,-9.090909090909092,1,1,0,1,0,0,0,25,Low Risk
Customer_01061,9,2026-08-03,Premium,high_value,14,231,16,38,100,75,75,87.5,12.666666666666666,12.0,-5.55555555555555,1,1,0,0,0,0,0,0,Low Risk
Customer_01061,9,2026-08-04,Premium,high_value,14,242,19,43,100,75,75,87.5,13.0,12.666666666666666,-2.6315789473684257,1,1,0,0,1,0,0,20,Low Risk
Customer_01061,9,2026-08-05,Premium,high_value,21,223,12,49,100,75,75,87.5,14.6,13.0,-12.307692307692305,1,1,0,0,1,0,0,20,Low Risk
Customer_01062,8,2026-08-01,Premium,high_value,20,237,17,23,100,75,100,92.5,20.0,,,0,0,0,0,0,0,0,0,Low Risk
Customer_01062,8,2026-08-02,Premium,high_value,16,169,4,36,100,100,75,95.0,18.0,20.0,10.0,0,0,0,0,0,0,0,0,Low Risk
Customer_01062,8,2026-08-03,Premium,high_value,25,228,7,20,100,100,100,100.0,20.33333333333333,18.0,-12.962962962962957,0,0,0,0,0,0,0,0,Low Risk
Customer_01062,8,2026-08-04,Premium,high_value,19,240,2,33,100,100,75,95.0,20.0,20.33333333333333,1.6393442622950762,0,0,0,0,0,0,0,0,Low Risk
Customer_01062,8,2026-08-05,Premium,high_value,22,228,20,15,100,75,100,92.5,20.4,20.0,-1.999999999999993,0,0,0,0,0,0,0,0,Low Risk
Customer_01063,1,2026-08-01,Premium,high_value,14,227,18,27,100,75,100,92.5,14.0,,,0,0,0,0,0,0,0,0,Low Risk
Customer_01063,1,2026-08-02,Premium,high_value,12,241,23,27,100,75,100,92.5,13.0,14.0,7.142857142857142,0,0,0,1,0,0,0,25,Low Risk
Customer_01063,1,2026-08-03,Premium,high_value,14,223,18,49,100,75,75,87.5,13.333333333333334,13.0,-2.5641025641025683,0,0,0,0,1,0,0,20,Low Risk
Customer_01063,1,2026-08-04,Premium,high_value,17,218,2,43,100,100,75,95.0,14.25,13.333333333333334,-6.874999999999995,0,0,0,0,1,0,0,20,Low Risk
Customer_01063,1,2026-08-05,Premium,high_value,17,164,9,17,100,100,100,100.0,14.8,14.25,-3.8596491228070224,0,0,0,0,0,0,0,0,Low Risk
Customer_01064,8,2026-08-01,Premium,high_value,20,247,8,42,100,100,75,95.0,20.0,,,1,1,0,0,1,0,0,20,Low Risk
Customer_01064,8,2026-08-02,Premium,high_value,24,170,5,13,100,100,100,100.0,22.0,20.0,-10.0,1,1,0,0,0,0,0,0,Low Risk
Customer_01064,8,2026-08-03,Premium,high_value,19,227,4,44,100,100,75,95.0,21.0,22.0,4.545454545454546,1,1,0,0,1,0,0,20,Low Risk
Customer_01064,8,2026-08-04,Premium,high_value,20,176,12,23,100,75,100,92.5,20.75,21.0,1.1904761904761905,1,1,0,0,0,0,0,0,Low Risk
Customer_01064,8,2026-08-05,Premium,high_value,16,160,1,10,100,100,100,100.0,19.8,20.75,4.578313253012045,1,1,0,0,0,0,0,0,Low Risk
Customer_01065,4,2026-08-01,Standard,mid_value,15,97,1,16,75,100,100,87.5,15.0,,,1,1,0,0,0,0,0,0,Low Risk
Customer_01065,4,2026-08-02,Standard,mid_value,10,111,4,48,100,100,75,95.0,12.5,15.0,16.666666666666664,1,1,0,0,1,0,0,20,Low Risk
Customer_01065,4,2026-08-03,Standard,mid_value,10,101,10,15,100,100,100,100.0,11.666666666666666,12.5,6.666666666666671,1,1,0,0,0,0,0,0,Low Risk
Customer_01065,4,2026-08-04,Standard,mid_value,11,100,17,23,100,75,100,92.5,11.5,11.666666666666666,1.4285714285714235,1,1,0,0,0,0,0,0,Low Risk
Customer_01065,4,2026-08-05,Standard,mid_value,8,91,7,25,75,100,100,87.5,10.8,11.5,6.086956521739125,1,1,0,0,0,0,0,0,Low Risk
Customer_01066,8,2026-08-01,Basic,low_value,5,56,14,30,75,75,100,80.0,5.0,,,0,0,0,0,0,0,0,0,Low Risk
Customer_01066,8,2026-08-02,Basic,low_value,3,51,8,18,75,100,100,87.5,4.0,5.0,20.0,0,0,0,0,0,0,0,0,Low Risk
Customer_01066,8,2026-08-03,Basic,low_value,4,58,16,28,75,75,100,80.0,4.0,4.0,0.0,0,0,0,0,0,0,0,0,Low Risk
Customer_01066,8,2026-08-04,Basic,low_value,4,41,14,29,50,75,100,67.5,4.0,4.0,0.0,0,0,0,0,0,0,0,0,Low Risk
Customer_01066,8,2026-08-05,Basic,low_value,2,56,25,44,75,75,75,75.0,3.6,4.0,9.999999999999998,0,0,0,1,1,0,0,45,Medium Risk
Customer_01067,10,2026-08-01,Basic,low_value,2,58,23,17,75,75,100,80.0,2.0,,,0,0,0,1,0,0,0,25,Low Risk
Customer_01067,10,2026-08-02,Basic,low_value,1,45,24,41,50,75,75,62.5,1.5,2.0,25.0,0,0,0,1,1,0,0,45,Medium Risk
Customer_01067,10,2026-08-03,Basic,low_value,5,57,24,49,75,75,75,75.0,2.6666666666666665,1.5,-77.77777777777777,0,0,0,1,1,0,0,45,Medium Risk
Customer_01067,10,2026-08-04,Basic,low_value,5,40,6,40,50,100,75,70.0,3.25,2.6666666666666665,-21.875000000000007,0,0,0,0,0,0,0,0,Low Risk
Customer_01067,10,2026-08-05,Basic,low_value,3,53,15,25,75,75,100,80.0,3.2,3.25,1.538461538461533,0,0,0,0,0,0,0,0,Low Risk
Customer_01068,7,2026-08-01,Premium,high_value,15,160,11,42,100,75,75,87.5,15.0,,,0,0,0,0,1,0,0,20,Low Risk
Customer_01068,7,2026-08-02,Premium,high_value,20,227,12,21,100,75,100,92.5,17.5,15.0,-16.666666666666664,0,0,0,0,0,0,0,0,Low Risk
Customer_01068,7,2026-08-03,Premium,high_value,23,177,18,21,100,75,100,92.5,19.33333333333333,17.5,-10.47619047619047,0,0,0,0,0,0,0,0,Low Risk
Customer_01068,7,2026-08-04,Premium,high_value,10,212,1,38,100,100,75,95.0,17.0,19.33333333333333,12.068965517241374,0,0,0,0,0,0,0,0,Low Risk
Customer_01068,7,2026-08-05,Premium,high_value,20,153,18,15,100,75,100,92.5,17.6,17.0,-3.5294117647058907,0,0,0,0,0,0,0,0,Low Risk
Customer_01069,3,2026-08-01,Premium,high_value,11,180,1,48,100,100,75,95.0,11.0,,,1,1,0,0,1,0,0,20,Low Risk
Customer_01069,3,2026-08-02,Premium,high_value,21,224,13,33,100,75,75,87.5,16.0,11.0,-45.45454545454545,1,1,0,0,0,0,0,0,Low Risk
Customer_01069,3,2026-08-03,Premium,high_value,19,157,24,32,100,75,75,87.5,17.0,16.0,-6.25,1,1,0,1,0,0,0,25,Low Risk
Customer_01069,3,2026-08-04,Premium,high_value,15,162,12,37,100,75,75,87.5,16.5,17.0,2.941176470588235,1,1,0,0,0,0,0,0,Low Risk
Customer_01069,3,2026-08-05,Premium,high_value,14,207,26,43,100,75,75,87.5,16.0,16.5,3.0303030303030303,1,1,0,1,1,0,0,45,Medium Risk
Customer_01070,7,2026-08-01,Premium,high_value,14,213,20,47,100,75,75,87.5,14.0,,,1,1,0,0,1,0,0,20,Low Risk
Customer_01070,7,2026-08-02,Premium,high_value,17,155,18,16,100,75,100,92.5,15.5,14.0,-10.714285714285714,1,1,0,0,0,0,0,0,Low Risk
Customer_01070,7,2026-08-03,Premium,high_value,13,172,11,15,100,75,100,92.5,14.666666666666666,15.5,5.376344086021509,1,1,0,0,0,0,0,0,Low Risk
Customer_01070,7,2026-08-04,Premium,high_value,23,172,10,37,100,100,75,95.0,16.75,14.666666666666666,-14.20454545454546,1,1,0,0,0,0,0,0,Low Risk
Customer_01070,7,2026-08-05,Premium,high_value,16,159,12,17,100,75,100,92.5,16.6,16.75,0.8955223880596931,1,1,0,0,0,0,0,0,Low Risk
Customer_01071,3,2026-08-01,Premium,high_value,12,173,2,22,100,100,100,100.0,12.0,,,1,1,0,0,0,0,0,0,Low Risk
Customer_01071,3,2026-08-02,Premium,high_value,21,249,14,22,100,75,100,92.5,16.5,12.0,-37.5,1,1,0,0,0,0,0,0,Low Risk
Customer_01071,3,2026-08-03,Premium,high_value,12,151,14,14,100,75,100,92.5,15.0,16.5,9.090909090909092,1,1,0,0,0,0,0,0,Low Risk
Customer_01071,3,2026-08-04,Premium,high_value,11,211,25,49,100,75,75,87.5,14.0,15.0,6.666666666666667,1,1,0,1,1,0,0,45,Medium Risk
Customer_01071,3,2026-08-05,Premium,high_value,21,237,21,50,100,75,75,87.5,15.4,14.0,-10.000000000000002,1,1,0,1,1,0,0,45,Medium Risk
Customer_01072,1,2026-08-01,Standard,mid_value,14,103,15,43,100,75,75,87.5,14.0,,,1,1,0,0,1,0,0,20,Low Risk
Customer_01072,1,2026-08-02,Standard,mid_value,12,114,16,38,100,75,75,87.5,13.0,14.0,7.142857142857142,1,1,0,0,0,0,0,0,Low Risk
Customer_01072,1,2026-08-03,Standard,mid_value,12,110,22,48,100,75,75,87.5,12.666666666666666,13.0,2.5641025641025683,1,1,0,1,1,0,0,45,Medium Risk
Customer_01072,1,2026-08-04,Standard,mid_value,9,97,14,17,75,75,100,80.0,11.75,12.666666666666666,7.236842105263154,1,1,0,0,0,0,0,0,Low Risk
Customer_01072,1,2026-08-05,Standard,mid_value,15,106,27,27,100,75,100,92.5,12.4,11.75,-5.531914893617024,1,1,0,1,0,0,0,25,Low Risk
Customer_01073,3,2026-08-01,Premium,high_value,18,175,18,49,100,75,75,87.5,18.0,,,0,0,0,0,1,0,0,20,Low Risk
Customer_01073,3,2026-08-02,Premium,high_value,21,245,24,37,100,75,75,87.5,19.5,18.0,-8.333333333333332,0,0,0,1,0,0,0,25,Low Risk
Customer_01073,3,2026-08-03,Premium,high_value,14,174,12,20,100,75,100,92.5,17.666666666666668,19.5,9.401709401709397,0,0,0,0,0,0,0,0,Low Risk
Customer_01073,3,2026-08-04,Premium,high_value,15,168,9,21,100,100,100,100.0,17.0,17.666666666666668,3.773584905660384,0,0,0,0,0,0,0,0,Low Risk
Customer_01073,3,2026-08-05,Premium,high_value,20,183,3,18,100,100,100,100.0,17.6,17.0,-3.5294117647058907,0,0,0,0,0,0,0,0,Low Risk
Customer_01074,6,2026-08-01,Premium,high_value,22,196,1,11,100,100,100,100.0,22.0,,,1,1,0,0,0,0,0,0,Low Risk
Customer_01074,6,2026-08-02,Premium,high_value,18,208,3,36,100,100,75,95.0,20.0,22.0,9.090909090909092,1,1,0,0,0,0,0,0,Low Risk
Customer_01074,6,2026-08-03,Premium,high_value,19,204,6,41,100,100,75,95.0,19.666666666666668,20.0,1.6666666666666607,1,1,0,0,1,0,0,20,Low Risk
Customer_01074,6,2026-08-04,Premium,high_value,17,185,10,47,100,100,75,95.0,19.0,19.666666666666668,3.389830508474582,1,1,0,0,1,0,0,20,Low Risk
Customer_01074,6,2026-08-05,Premium,high_value,24,186,13,12,100,75,100,92.5,20.0,19.0,-5.263157894736842,1,1,0,0,0,0,0,0,Low Risk
Customer_01075,8,2026-08-01,Basic,low_value,3,55,14,44,75,75,75,75.0,3.0,,,0,0,0,0,1,0,0,20,Low Risk
Customer_01075,8,2026-08-02,Basic,low_value,4,60,5,24,75,100,100,87.5,3.5,3.0,-16.666666666666664,0,0,0,0,0,0,0,0,Low Risk
Customer_01075,8,2026-08-03,Basic,low_value,4,41,12,28,50,75,100,67.5,3.6666666666666665,3.5,-4.761904761904757,0,0,0,0,0,0,0,0,Low Risk
Customer_01075,8,2026-08-04,Basic,low_value,2,43,25,13,50,75,100,67.5,3.25,3.6666666666666665,11.36363636363636,0,0,0,1,0,0,0,25,Low Risk
Customer_01075,8,2026-08-05,Basic,low_value,4,49,20,15,50,75,100,67.5,3.4,3.25,-4.615384615384613,0,0,0,0,0,0,0,0,Low Risk
Customer_01076,3,2026-08-01,Premium,high_value,21,245,2,40,100,100,75,95.0,21.0,,,0,0,0,0,0,0,0,0,Low Risk
Customer_01076,3,2026-08-02,Premium,high_value,11,238,9,47,100,100,75,95.0,16.0,21.0,23.809523809523807,0,0,0,0,1,0,0,20,Low Risk
Customer_01076,3,2026-08-03,Premium,high_value,11,201,3,48,100,100,75,95.0,14.333333333333334,16.0,10.416666666666664,0,0,0,0,1,0,0,20,Low Risk
Customer_01076,3,2026-08-04,Premium,high_value,19,230,15,48,100,75,75,87.5,15.5,14.333333333333334,-8.139534883720925,0,0,0,0,1,0,0,20,Low Risk
Customer_01076,3,2026-08-05,Premium,high_value,13,243,9,49,100,100,75,95.0,15.0,15.5,3.225806451612903,0,0,0,0,1,0,0,20,Low Risk
Customer_01077,5,2026-08-01,Premium,high_value,23,209,21,47,100,75,75,87.5,23.0,,,1,1,0,1,1,0,0,45,Medium Risk
Customer_01077,5,2026-08-02,Premium,high_value,18,207,29,31,100,75,75,87.5,20.5,23.0,10.869565217391305,1,1,0,1,0,0,0,25,Low Risk
Customer_01077,5,2026-08-03,Premium,high_value,11,177,25,16,100,75,100,92.5,17.333333333333332,20.5,15.44715447154472,1,1,0,1,0,0,0,25,Low Risk
Customer_01077,5,2026-08-04,Premium,high_value,12,191,16,41,100,75,75,87.5,16.0,17.333333333333332,7.692307692307685,1,1,0,0,1,0,0,20,Low Risk
Customer_01077,5,2026-08-05,Premium,high_value,23,167,23,12,100,75,100,92.5,17.4,16.0,-8.749999999999991,1,1,0,1,0,0,0,25,Low Risk
Customer_01078,1,2026-08-01,Premium,high_value,17,157,10,22,100,100,100,100.0,17.0,,,0,0,0,0,0,0,0,0,Low Risk
Customer_01078,1,2026-08-02,Premium,high_value,12,212,12,39,100,75,75,87.5,14.5,17.0,14.705882352941178,0,0,0,0,0,0,0,0,Low Risk
Customer_01078,1,2026-08-03,Premium,high_value,18,164,12,13,100,75,100,92.5,15.666666666666666,14.5,-8.045977011494248,0,0,0,0,0,0,0,0,Low Risk
Customer_01078,1,2026-08-04,Premium,high_value,18,179,14,32,100,75,75,87.5,16.25,15.666666666666666,-3.723404255319153,0,0,0,0,0,0,0,0,Low Risk
Customer_01078,1,2026-08-05,Premium,high_value,20,197,23,48,100,75,75,87.5,17.0,16.25,-4.615384615384616,0,0,0,1,1,0,0,45,Medium Risk
Customer_01079,6,2026-08-01,Premium,high_value,18,173,13,19,100,75,100,92.5,18.0,,,1,1,0,0,0,0,0,0,Low Risk
Customer_01079,6,2026-08-02,Premium,high_value,10,197,7,30,100,100,100,100.0,14.0,18.0,22.22222222222222,1,1,0,0,0,0,0,0,Low Risk
Customer_01079,6,2026-08-03,Premium,high_value,14,192,11,11,100,75,100,92.5,14.0,14.0,0.0,1,1,0,0,0,0,0,0,Low Risk
Customer_01079,6,2026-08-04,Premium,high_value,18,194,15,45,100,75,75,87.5,15.0,14.0,-7.142857142857142,1,1,0,0,1,0,0,20,Low Risk
Customer_01079,6,2026-08-05,Premium,high_value,25,167,9,49,100,100,75,95.0,17.0,15.0,-13.333333333333334,1,1,0,0,1,0,0,20,Low Risk
Customer_01080,10,2026-08-01,Basic,low_value,2,53,16,49,75,75,75,75.0,2.0,,,1,1,0,0,1,0,0,20,Low Risk
Customer_01080,10,2026-08-02,Basic,low_value,4,58,8,42,75,100,75,82.5,3.0,2.0,-50.0,1,1,0,0,1,0,0,20,Low Risk
Customer_01080,10,2026-08-03,Basic,low_value,3,53,29,19,75,75,100,80.0,3.0,3.0,0.0,1,1,0,1,0,0,0,25,Low Risk
Customer_01080,10,2026-08-04,Basic,low_value,3,51,6,20,75,100,100,87.5,3.0,3.0,0.0,1,1,0,0,0,0,0,0,Low Risk
Customer_01080,10,2026-08-05,Basic,low_value,3,59,19,19,75,75,100,80.0,3.0,3.0,0.0,1,1,0,0,0,0,0,0,Low Risk
Customer_01081,9,2026-08-01,Premium,high_value,25,166,5,30,100,100,100,100.0,25.0,,,1,1,0,0,0,0,0,0,Low Risk
Customer_01081,9,2026-08-02,Premium,high_value,24,191,7,11,100,100,100,100.0,24.5,25.0,2.0,1,1,0,0,0,0,0,0,Low Risk
Customer_01081,9,2026-08-03,Premium,high_value,16,224,29,22,100,75,100,92.5,21.666666666666668,24.5,11.56462585034013,1,1,0,1,0,0,0,25,Low Risk
Customer_01081,9,2026-08-04,Premium,high_value,18,226,26,22,100,75,100,92.5,20.75,21.666666666666668,4.230769230769236,1,1,0,1,0,0,0,25,Low Risk
Customer_01081,9,2026-08-05,Premium,high_value,13,208,3,13,100,100,100,100.0,19.2,20.75,7.469879518072292,1,1,0,0,0,0,0,0,Low Risk
Customer_01082,9,2026-08-01,Premium,high_value,16,211,3,26,100,100,100,100.0,16.0,,,1,1,0,0,0,0,0,0,Low Risk
Customer_01082,9,2026-08-02,Premium,high_value,24,165,15,43,100,75,75,87.5,20.0,16.0,-25.0,1,1,0,0,1,0,0,20,Low Risk
Customer_01082,9,2026-08-03,Premium,high_value,25,220,9,46,100,100,75,95.0,21.666666666666668,20.0,-8.33333333333334,1,1,0,0,1,0,0,20,Low Risk
Customer_01082,9,2026-08-04,Premium,high_value,23,175,18,44,100,75,75,87.5,22.0,21.666666666666668,-1.538461538461533,1,1,0,0,1,0,0,20,Low Risk
Customer_01082,9,2026-08-05,Premium,high_value,11,230,23,27,100,75,100,92.5,19.8,22.0,9.999999999999996,1,1,0,1,0,0,0,25,Low Risk
Customer_01083,1,2026-08-01,Premium,high_value,15,241,0,19,100,100,100,100.0,15.0,,,0,0,0,0,0,0,0,0,Low Risk
Customer_01083,1,2026-08-02,Premium,high_value,12,158,9,11,100,100,100,100.0,13.5,15.0,10.0,0,0,0,0,0,0,0,0,Low Risk
Customer_01083,1,2026-08-03,Premium,high_value,22,202,12,13,100,75,100,92.5,16.333333333333332,13.5,-20.987654320987644,0,0,0,0,0,0,0,0,Low Risk
Customer_01083,1,2026-08-04,Premium,high_value,19,171,26,25,100,75,100,92.5,17.0,16.333333333333332,-4.081632653061232,0,0,0,1,0,0,0,25,Low Risk
Customer_01083,1,2026-08-05,Premium,high_value,11,231,19,14,100,75,100,92.5,15.8,17.0,7.05882352941176,0,0,0,0,0,0,0,0,Low Risk
Customer_01084,5,2026-08-01,Premium,high_value,23,232,28,38,100,75,75,87.5,23.0,,,1,1,0,1,0,0,0,25,Low Risk
Customer_01084,5,2026-08-02,Premium,high_value,13,206,27,19,100,75,100,92.5,18.0,23.0,21.73913043478261,1,1,0,1,0,0,0,25,Low Risk
Customer_01084,5,2026-08-03,Premium,high_value,13,153,17,13,100,75,100,92.5,16.333333333333332,18.0,9.259259259259265,1,1,0,0,0,0,0,0,Low Risk
Customer_01084,5,2026-08-04,Premium,high_value,19,151,17,16,100,75,100,92.5,17.0,16.333333333333332,-4.081632653061232,1,1,0,0,0,0,0,0,Low Risk
Customer_01084,5,2026-08-05,Premium,high_value,15,163,27,48,100,75,75,87.5,16.6,17.0,2.35294117647058,1,1,0,1,1,0,0,45,Medium Risk
Customer_01085,7,2026-08-01,Premium,high_value,18,230,6,45,100,100,75,95.0,18.0,,,1,1,0,0,1,0,0,20,Low Risk
Customer_01085,7,2026-08-02,Premium,high_value,14,190,29,16,100,75,100,92.5,16.0,18.0,11.11111111111111,1,1,0,1,0,0,0,25,Low Risk
Customer_01085,7,2026-08-03,Premium,high_value,10,166,6,48,100,100,75,95.0,14.0,16.0,12.5,1,1,0,0,1,0,0,20,Low Risk
Customer_01085,7,2026-08-04,Premium,high_value,23,185,25,33,100,75,75,87.5,16.25,14.0,-16.071428571428573,1,1,0,1,0,0,0,25,Low Risk
Customer_01085,7,2026-08-05,Premium,high_value,11,195,13,14,100,75,100,92.5,15.2,16.25,6.461538461538466,1,1,0,0,0,0,0,0,Low Risk
Customer_01086,5,2026-08-01,Standard,mid_value,6,101,18,14,100,75,100,92.5,6.0,,,1,1,0,0,0,0,0,0,Low Risk
Customer_01086,5,2026-08-02,Standard,mid_value,9,106,2,21,100,100,100,100.0,7.5,6.0,-25.0,1,1,0,0,0,0,0,0,Low Risk
Customer_01086,5,2026-08-03,Standard,mid_value,13,87,15,26,75,75,100,80.0,9.333333333333334,7.5,-24.444444444444454,1,1,0,0,0,0,0,0,Low Risk
Customer_01086,5,2026-08-04,Standard,mid_value,15,84,8,42,75,100,75,82.5,10.75,9.333333333333334,-15.178571428571422,1,1,0,0,1,0,0,20,Low Risk
Customer_01086,5,2026-08-05,Standard,mid_value,7,82,23,36,75,75,75,75.0,10.0,10.75,6.976744186046512,1,1,0,1,0,0,0,25,Low Risk
Customer_01087,1,2026-08-01,Standard,mid_value,12,114,26,30,100,75,100,92.5,12.0,,,0,0,0,1,0,0,0,25,Low Risk
Customer_01087,1,2026-08-02,Standard,mid_value,12,110,19,44,100,75,75,87.5,12.0,12.0,0.0,0,0,0,0,1,0,0,20,Low Risk
Customer_01087,1,2026-08-03,Standard,mid_value,7,101,22,21,100,75,100,92.5,10.333333333333334,12.0,13.888888888888884,0,0,0,1,0,0,0,25,Low Risk
Customer_01087,1,2026-08-04,Standard,mid_value,5,111,12,32,100,75,75,87.5,9.0,10.333333333333334,12.903225806451616,0,0,0,0,0,0,0,0,Low Risk
Customer_01087,1,2026-08-05,Standard,mid_value,5,99,20,36,75,75,75,75.0,8.2,9.0,8.888888888888896,0,0,0,0,0,0,0,0,Low Risk
Customer_01088,4,2026-08-01,Premium,high_value,17,184,0,16,100,100,100,100.0,17.0,,,1,1,0,0,0,0,0,0,Low Risk
Customer_01088,4,2026-08-02,Premium,high_value,14,171,10,12,100,100,100,100.0,15.5,17.0,8.823529411764707,1,1,0,0,0,0,0,0,Low Risk
Customer_01088,4,2026-08-03,Premium,high_value,16,192,3,11,100,100,100,100.0,15.666666666666666,15.5,-1.0752688172042972,1,1,0,0,0,0,0,0,Low Risk
Customer_01088,4,2026-08-04,Premium,high_value,16,168,18,16,100,75,100,92.5,15.75,15.666666666666666,-0.531914893617025,1,1,0,0,0,0,0,0,Low Risk
Customer_01088,4,2026-08-05,Premium,high_value,11,240,23,38,100,75,75,87.5,14.8,15.75,6.031746031746027,1,1,0,1,0,0,0,25,Low Risk
Customer_01089,7,2026-08-01,Premium,high_value,25,179,2,29,100,100,100,100.0,25.0,,,1,1,0,0,0,0,0,0,Low Risk
Customer_01089,7,2026-08-02,Premium,high_value,15,242,7,37,100,100,75,95.0,20.0,25.0,20.0,1,1,0,0,0,0,0,0,Low Risk
Customer_01089,7,2026-08-03,Premium,high_value,21,186,18,43,100,75,75,87.5,20.33333333333333,20.0,-1.6666666666666607,1,1,0,0,1,0,0,20,Low Risk
Customer_01089,7,2026-08-04,Premium,high_value,22,164,28,16,100,75,100,92.5,20.75,20.33333333333333,-2.0491803278688585,1,1,0,1,0,0,0,25,Low Risk
Customer_01089,7,2026-08-05,Premium,high_value,20,157,12,48,100,75,75,87.5,20.6,20.75,0.7228915662650535,1,1,0,0,1,0,0,20,Low Risk
Customer_01090,3,2026-08-01,Premium,high_value,15,198,9,37,100,100,75,95.0,15.0,,,1,1,0,0,0,0,0,0,Low Risk
Customer_01090,3,2026-08-02,Premium,high_value,17,240,16,27,100,75,100,92.5,16.0,15.0,-6.666666666666667,1,1,0,0,0,0,0,0,Low Risk
Customer_01090,3,2026-08-03,Premium,high_value,21,204,3,16,100,100,100,100.0,17.666666666666668,16.0,-10.416666666666677,1,1,0,0,0,0,0,0,Low Risk
Customer_01090,3,2026-08-04,Premium,high_value,25,234,27,48,100,75,75,87.5,19.5,17.666666666666668,-10.37735849056603,1,1,0,1,1,0,0,45,Medium Risk
Customer_01090,3,2026-08-05,Premium,high_value,18,206,25,49,100,75,75,87.5,19.2,19.5,1.538461538461542,1,1,0,1,1,0,0,45,Medium Risk
Customer_01091,3,2026-08-01,Standard,mid_value,14,97,9,27,75,100,100,87.5,14.0,,,0,0,0,0,0,0,0,0,Low Risk
Customer_01091,3,2026-08-02,Standard,mid_value,8,93,12,19,75,75,100,80.0,11.0,14.0,21.428571428571427,0,0,0,0,0,0,0,0,Low Risk
Customer_01091,3,2026-08-03,Standard,mid_value,6,107,18,33,100,75,75,87.5,9.333333333333334,11.0,15.151515151515149,0,0,0,0,0,0,0,0,Low Risk
Customer_01091,3,2026-08-04,Standard,mid_value,12,117,4,32,100,100,75,95.0,10.0,9.333333333333334,-7.142857142857135,0,0,0,0,0,0,0,0,Low Risk
Customer_01091,3,2026-08-05,Standard,mid_value,13,109,11,22,100,75,100,92.5,10.6,10.0,-5.9999999999999964,0,0,0,0,0,0,0,0,Low Risk
Customer_01092,4,2026-08-01,Premium,high_value,24,195,20,29,100,75,100,92.5,24.0,,,1,1,0,0,0,0,0,0,Low Risk
Customer_01092,4,2026-08-02,Premium,high_value,16,190,11,44,100,75,75,87.5,20.0,24.0,16.666666666666664,1,1,0,0,1,0,0,20,Low Risk
Customer_01092,4,2026-08-03,Premium,high_value,13,167,17,35,100,75,75,87.5,17.666666666666668,20.0,11.66666666666666,1,1,0,0,0,0,0,0,Low Risk
Customer_01092,4,2026-08-04,Premium,high_value,13,202,11,13,100,75,100,92.5,16.5,17.666666666666668,6.603773584905667,1,1,0,0,0,0,0,0,Low Risk
Customer_01092,4,2026-08-05,Premium,high_value,16,224,10,14,100,100,100,100.0,16.4,16.5,0.6060606060606146,1,1,0,0,0,0,0,0,Low Risk
Customer_01093,7,2026-08-01,Premium,high_value,23,176,14,22,100,75,100,92.5,23.0,,,0,0,0,0,0,0,0,0,Low Risk
Customer_01093,7,2026-08-02,Premium,high_value,24,227,14,40,100,75,75,87.5,23.5,23.0,-2.1739130434782608,0,0,0,0,0,0,0,0,Low Risk
Customer_01093,7,2026-08-03,Premium,high_value,20,222,10,10,100,100,100,100.0,22.33333333333333,23.5,4.964539007092204,0,0,0,0,0,0,0,0,Low Risk
Customer_01093,7,2026-08-04,Premium,high_value,24,165,13,28,100,75,100,92.5,22.75,22.33333333333333,-1.8656716417910504,0,0,0,0,0,0,0,0,Low Risk
Customer_01093,7,2026-08-05,Premium,high_value,23,197,23,24,100,75,100,92.5,22.8,22.75,-0.2197802197802229,0,0,0,1,0,0,0,25,Low Risk
Customer_01094,8,2026-08-01,Premium,high_value,13,187,27,22,100,75,100,92.5,13.0,,,1,1,0,1,0,0,0,25,Low Risk
Customer_01094,8,2026-08-02,Premium,high_value,14,225,13,30,100,75,100,92.5,13.5,13.0,-3.8461538461538463,1,1,0,0,0,0,0,0,Low Risk
Customer_01094,8,2026-08-03,Premium,high_value,18,239,10,31,100,100,75,95.0,15.0,13.5,-11.11111111111111,1,1,0,0,0,0,0,0,Low Risk
Customer_01094,8,2026-08-04,Premium,high_value,17,157,9,30,100,100,100,100.0,15.5,15.0,-3.333333333333333,1,1,0,0,0,0,0,0,Low Risk
Customer_01094,8,2026-08-05,Premium,high_value,24,239,0,13,100,100,100,100.0,17.2,15.5,-10.967741935483868,1,1,0,0,0,0,0,0,Low Risk
Customer_01095,8,2026-08-01,Premium,high_value,18,249,11,33,100,75,75,87.5,18.0,,,1,1,0,0,0,0,0,0,Low Risk
Customer_01095,8,2026-08-02,Premium,high_value,12,226,14,29,100,75,100,92.5,15.0,18.0,16.666666666666664,1,1,0,0,0,0,0,0,Low Risk
Customer_01095,8,2026-08-03,Premium,high_value,17,197,29,12,100,75,100,92.5,15.666666666666666,15.0,-4.44444444444444,1,1,0,1,0,0,0,25,Low Risk
Customer_01095,8,2026-08-04,Premium,high_value,15,225,18,27,100,75,100,92.5,15.5,15.666666666666666,1.063829787234039,1,1,0,0,0,0,0,0,Low Risk
Customer_01095,8,2026-08-05,Premium,high_value,10,191,9,15,100,100,100,100.0,14.4,15.5,7.096774193548384,1,1,0,0,0,0,0,0,Low Risk
Customer_01096,2,2026-08-01,Premium,high_value,18,197,4,31,100,100,75,95.0,18.0,,,1,1,0,0,0,0,0,0,Low Risk
Customer_01096,2,2026-08-02,Premium,high_value,14,174,28,25,100,75,100,92.5,16.0,18.0,11.11111111111111,1,1,0,1,0,0,0,25,Low Risk
Customer_01096,2,2026-08-03,Premium,high_value,14,195,19,41,100,75,75,87.5,15.333333333333334,16.0,4.166666666666663,1,1,0,0,1,0,0,20,Low Risk
Customer_01096,2,2026-08-04,Premium,high_value,22,200,14,25,100,75,100,92.5,17.0,15.333333333333334,-10.8695652173913,1,1,0,0,0,0,0,0,Low Risk
Customer_01096,2,2026-08-05,Premium,high_value,25,169,13,38,100,75,75,87.5,18.6,17.0,-9.41176470588236,1,1,0,0,0,0,0,0,Low Risk
Customer_01097,9,2026-08-01,Premium,high_value,20,189,16,33,100,75,75,87.5,20.0,,,0,0,0,0,0,0,0,0,Low Risk
Customer_01097,9,2026-08-02,Premium,high_value,12,176,11,18,100,75,100,92.5,16.0,20.0,20.0,0,0,0,0,0,0,0,0,Low Risk
Customer_01097,9,2026-08-03,Premium,high_value,16,224,16,33,100,75,75,87.5,16.0,16.0,0.0,0,0,0,0,0,0,0,0,Low Risk
Customer_01097,9,2026-08-04,Premium,high_value,14,225,0,28,100,100,100,100.0,15.5,16.0,3.125,0,0,0,0,0,0,0,0,Low Risk
Customer_01097,9,2026-08-05,Premium,high_value,10,244,23,30,100,75,100,92.5,14.4,15.5,7.096774193548384,0,0,0,1,0,0,0,25,Low Risk
Customer_01098,4,2026-08-01,Premium,high_value,12,222,2,11,100,100,100,100.0,12.0,,,1,1,0,0,0,0,0,0,Low Risk
Customer_01098,4,2026-08-02,Premium,high_value,22,189,9,13,100,100,100,100.0,17.0,12.0,-41.66666666666667,1,1,0,0,0,0,0,0,Low Risk
Customer_01098,4,2026-08-03,Premium,high_value,11,214,18,38,100,75,75,87.5,15.0,17.0,11.76470588235294,1,1,0,0,0,0,0,0,Low Risk
Customer_01098,4,2026-08-04,Premium,high_value,21,198,23,24,100,75,100,92.5,16.5,15.0,-10.0,1,1,0,1,0,0,0,25,Low Risk
Customer_01098,4,2026-08-05,Premium,high_value,24,172,18,17,100,75,100,92.5,18.0,16.5,-9.090909090909092,1,1,0,0,0,0,0,0,Low Risk
Customer_01099,3,2026-08-01,Premium,high_value,18,166,25,19,100,75,100,92.5,18.0,,,1,1,0,1,0,0,0,25,Low Risk
Customer_01099,3,2026-08-02,Premium,high_value,22,189,28,22,100,75,100,92.5,20.0,18.0,-11.11111111111111,1,1,0,1,0,0,0,25,Low Risk
Customer_01099,3,2026-08-03,Premium,high_value,24,217,0,11,100,100,100,100.0,21.33333333333333,20.0,-6.666666666666661,1,1,0,0,0,0,0,0,Low Risk
Customer_01099,3,2026-08-04,Premium,high_value,15,240,14,18,100,75,100,92.5,19.75,21.33333333333333,7.421874999999995,1,1,0,0,0,0,0,0,Low Risk
Customer_01099,3,2026-08-05,Premium,high_value,24,175,18,30,100,75,100,92.5,20.6,19.75,-4.303797468354437,1,1,0,0,0,0,0,0,Low Risk
Customer_01100,6,2026-08-01,Standard,mid_value,8,82,21,43,75,75,75,75.0,8.0,,,1,1,0,1,1,0,0,45,Medium Risk
Customer_01100,6,2026-08-02,Standard,mid_value,10,94,21,41,75,75,75,75.0,9.0,8.0,-12.5,1,1,0,1,1,0,0,45,Medium Risk
Customer_01100,6,2026-08-03,Standard,mid_value,7,87,27,21,75,75,100,80.0,8.333333333333334,9.0,7.407407407407401,1,1,0,1,0,0,0,25,Low Risk
Customer_01100,6,2026-08-04,Standard,mid_value,12,105,20,11,100,75,100,92.5,9.25,8.333333333333334,-10.999999999999991,1,1,0,0,0,0,0,0,Low Risk
Customer_01100,6,2026-08-05,Standard,mid_value,10,94,25,30,75,75,100,80.0,9.4,9.25,-1.6216216216216257,1,1,0,1,0,0,0,25,Low Risk
Customer_01101,9,2026-08-01,Premium,high_value,13,169,5,44,100,100,75,95.0,13.0,,,0,0,0,0,1,0,0,20,Low Risk
Customer_01101,9,2026-08-02,Premium,high_value,25,206,11,20,100,75,100,92.5,19.0,13.0,-46.15384615384615,0,0,0,0,0,0,0,0,Low Risk
Customer_01101,9,2026-08-03,Premium,high_value,12,165,17,18,100,75,100,92.5,16.666666666666668,19.0,12.28070175438596,0,0,0,0,0,0,0,0,Low Risk
Customer_01101,9,2026-08-04,Premium,high_value,21,247,2,42,100,100,75,95.0,17.75,16.666666666666668,-6.499999999999992,0,0,0,0,1,0,0,20,Low Risk
Customer_01101,9,2026-08-05,Premium,high_value,11,165,1,32,100,100,75,95.0,16.4,17.75,7.605633802816909,0,0,0,0,0,0,0,0,Low Risk
Customer_01102,6,2026-08-01,Premium,high_value,12,246,25,16,100,75,100,92.5,12.0,,,1,1,0,1,0,0,0,25,Low Risk
Customer_01102,6,2026-08-02,Premium,high_value,20,200,7,45,100,100,75,95.0,16.0,12.0,-33.33333333333333,1,1,0,0,1,0,0,20,Low Risk
Customer_01102,6,2026-08-03,Premium,high_value,15,227,29,36,100,75,75,87.5,15.666666666666666,16.0,2.083333333333337,1,1,0,1,0,0,0,25,Low Risk
Customer_01102,6,2026-08-04,Premium,high_value,17,187,1,18,100,100,100,100.0,16.0,15.666666666666666,-2.127659574468089,1,1,0,0,0,0,0,0,Low Risk
Customer_01102,6,2026-08-05,Premium,high_value,18,171,15,34,100,75,75,87.5,16.4,16.0,-2.499999999999991,1,1,0,0,0,0,0,0,Low Risk
Customer_01103,10,2026-08-01,Premium,high_value,22,168,3,45,100,100,75,95.0,22.0,,,1,1,0,0,1,0,0,20,Low Risk
Customer_01103,10,2026-08-02,Premium,high_value,16,246,27,25,100,75,100,92.5,19.0,22.0,13.636363636363637,1,1,0,1,0,0,0,25,Low Risk
Customer_01103,10,2026-08-03,Premium,high_value,14,241,22,18,100,75,100,92.5,17.333333333333332,19.0,8.77192982456141,1,1,0,1,0,0,0,25,Low Risk
Customer_01103,10,2026-08-04,Premium,high_value,11,168,3,31,100,100,75,95.0,15.75,17.333333333333332,9.134615384615378,1,1,0,0,0,0,0,0,Low Risk
Customer_01103,10,2026-08-05,Premium,high_value,13,233,9,23,100,100,100,100.0,15.2,15.75,3.4920634920634965,1,1,0,0,0,0,0,0,Low Risk
Customer_01104,4,2026-08-01,Premium,high_value,20,235,28,34,100,75,75,87.5,20.0,,,1,1,0,1,0,0,0,25,Low Risk
Customer_01104,4,2026-08-02,Premium,high_value,22,222,17,28,100,75,100,92.5,21.0,20.0,-5.0,1,1,0,0,0,0,0,0,Low Risk
Customer_01104,4,2026-08-03,Premium,high_value,23,219,25,13,100,75,100,92.5,21.666666666666668,21.0,-3.17460317460318,1,1,0,1,0,0,0,25,Low Risk
Customer_01104,4,2026-08-04,Premium,high_value,22,234,7,21,100,100,100,100.0,21.75,21.666666666666668,-0.3846153846153791,1,1,0,0,0,0,0,0,Low Risk
Customer_01104,4,2026-08-05,Premium,high_value,11,215,5,12,100,100,100,100.0,19.6,21.75,9.88505747126436,1,1,0,0,0,0,0,0,Low Risk
Customer_01105,2,2026-08-01,Premium,high_value,19,244,15,42,100,75,75,87.5,19.0,,,1,1,0,0,1,0,0,20,Low Risk
Customer_01105,2,2026-08-02,Premium,high_value,11,167,18,37,100,75,75,87.5,15.0,19.0,21.052631578947366,1,1,0,0,0,0,0,0,Low Risk
Customer_01105,2,2026-08-03,Premium,high_value,20,164,16,25,100,75,100,92.5,16.666666666666668,15.0,-11.11111111111112,1,1,0,0,0,0,0,0,Low Risk
Customer_01105,2,2026-08-04,Premium,high_value,23,160,14,48,100,75,75,87.5,18.25,16.666666666666668,-9.499999999999991,1,1,0,0,1,0,0,20,Low Risk
Customer_01105,2,2026-08-05,Premium,high_value,20,156,25,35,100,75,75,87.5,18.6,18.25,-1.9178082191780896,1,1,0,1,0,0,0,25,Low Risk
Customer_01106,6,2026-08-01,Premium,high_value,11,197,27,22,100,75,100,92.5,11.0,,,1,1,0,1,0,0,0,25,Low Risk
Customer_01106,6,2026-08-02,Premium,high_value,16,192,18,26,100,75,100,92.5,13.5,11.0,-22.727272727272727,1,1,0,0,0,0,0,0,Low Risk
Customer_01106,6,2026-08-03,Premium,high_value,15,249,7,37,100,100,75,95.0,14.0,13.5,-3.7037037037037033,1,1,0,0,0,0,0,0,Low Risk
Customer_01106,6,2026-08-04,Premium,high_value,19,238,26,24,100,75,100,92.5,15.25,14.0,-8.928571428571429,1,1,0,1,0,0,0,25,Low Risk
Customer_01106,6,2026-08-05,Premium,high_value,15,165,16,36,100,75,75,87.5,15.2,15.25,0.327868852459021,1,1,0,0,0,0,0,0,Low Risk
Customer_01107,8,2026-08-01,Premium,high_value,19,182,24,20,100,75,100,92.5,19.0,,,0,0,0,1,0,0,0,25,Low Risk
Customer_01107,8,2026-08-02,Premium,high_value,23,187,15,27,100,75,100,92.5,21.0,19.0,-10.526315789473683,0,0,0,0,0,0,0,0,Low Risk
Customer_01107,8,2026-08-03,Premium,high_value,19,245,7,17,100,100,100,100.0,20.33333333333333,21.0,3.17460317460318,0,0,0,0,0,0,0,0,Low Risk
Customer_01107,8,2026-08-04,Premium,high_value,19,241,29,41,100,75,75,87.5,20.0,20.33333333333333,1.6393442622950762,0,0,0,1,1,0,0,45,Medium Risk
Customer_01107,8,2026-08-05,Premium,high_value,10,225,29,44,100,75,75,87.5,18.0,20.0,10.0,0,0,0,1,1,0,0,45,Medium Risk
Customer_01108,4,2026-08-01,Premium,high_value,20,166,14,10,100,75,100,92.5,20.0,,,1,1,0,0,0,0,0,0,Low Risk
Customer_01108,4,2026-08-02,Premium,high_value,12,222,15,43,100,75,75,87.5,16.0,20.0,20.0,1,1,0,0,1,0,0,20,Low Risk
Customer_01108,4,2026-08-03,Premium,high_value,12,198,29,17,100,75,100,92.5,14.666666666666666,16.0,8.333333333333337,1,1,0,1,0,0,0,25,Low Risk
Customer_01108,4,2026-08-04,Premium,high_value,20,176,8,37,100,100,75,95.0,16.0,14.666666666666666,-9.090909090909095,1,1,0,0,0,0,0,0,Low Risk
Customer_01108,4,2026-08-05,Premium,high_value,18,153,23,34,100,75,75,87.5,16.4,16.0,-2.499999999999991,1,1,0,1,0,0,0,25,Low Risk
Customer_01109,7,2026-08-01,Premium,high_value,14,250,0,42,100,100,75,95.0,14.0,,,1,1,0,0,1,0,0,20,Low Risk
Customer_01109,7,2026-08-02,Premium,high_value,18,214,7,17,100,100,100,100.0,16.0,14.0,-14.285714285714285,1,1,0,0,0,0,0,0,Low Risk
Customer_01109,7,2026-08-03,Premium,high_value,17,169,11,41,100,75,75,87.5,16.333333333333332,16.0,-2.083333333333326,1,1,0,0,1,0,0,20,Low Risk
Customer_01109,7,2026-08-04,Premium,high_value,10,173,17,35,100,75,75,87.5,14.75,16.333333333333332,9.693877551020403,1,1,0,0,0,0,0,0,Low Risk
Customer_01109,7,2026-08-05,Premium,high_value,24,180,10,48,100,100,75,95.0,16.6,14.75,-12.542372881355943,1,1,0,0,1,0,0,20,Low Risk
Customer_01110,7,2026-08-01,Premium,high_value,14,216,5,25,100,100,100,100.0,14.0,,,1,1,0,0,0,0,0,0,Low Risk
Customer_01110,7,2026-08-02,Premium,high_value,15,157,3,45,100,100,75,95.0,14.5,14.0,-3.571428571428571,1,1,0,0,1,0,0,20,Low Risk
Customer_01110,7,2026-08-03,Premium,high_value,22,155,8,16,100,100,100,100.0,17.0,14.5,-17.24137931034483,1,1,0,0,0,0,0,0,Low Risk
Customer_01110,7,2026-08-04,Premium,high_value,18,154,8,16,100,100,100,100.0,17.25,17.0,-1.4705882352941175,1,1,0,0,0,0,0,0,Low Risk
Customer_01110,7,2026-08-05,Premium,high_value,25,243,7,14,100,100,100,100.0,18.8,17.25,-8.985507246376816,1,1,0,0,0,0,0,0,Low Risk
Customer_01111,1,2026-08-01,Premium,high_value,15,175,30,46,100,75,75,87.5,15.0,,,0,0,0,1,1,0,0,45,Medium Risk
Customer_01111,1,2026-08-02,Premium,high_value,23,231,1,42,100,100,75,95.0,19.0,15.0,-26.666666666666668,0,0,0,0,1,0,0,20,Low Risk
Customer_01111,1,2026-08-03,Premium,high_value,24,199,13,35,100,75,75,87.5,20.666666666666668,19.0,-8.77192982456141,0,0,0,0,0,0,0,0,Low Risk
Customer_01111,1,2026-08-04,Premium,high_value,23,165,4,21,100,100,100,100.0,21.25,20.666666666666668,-2.8225806451612843,0,0,0,0,0,0,0,0,Low Risk
Customer_01111,1,2026-08-05,Premium,high_value,15,178,17,19,100,75,100,92.5,20.0,21.25,5.88235294117647,0,0,0,0,0,0,0,0,Low Risk
Customer_01112,10,2026-08-01,Premium,high_value,19,177,23,42,100,75,75,87.5,19.0,,,0,0,0,1,1,0,0,45,Medium Risk
Customer_01112,10,2026-08-02,Premium,high_value,22,168,10,41,100,100,75,95.0,20.5,19.0,-7.894736842105263,0,0,0,0,1,0,0,20,Low Risk
Customer_01112,10,2026-08-03,Premium,high_value,19,243,3,45,100,100,75,95.0,20.0,20.5,2.4390243902439024,0,0,0,0,1,0,0,20,Low Risk
Customer_01112,10,2026-08-04,Premium,high_value,16,215,11,42,100,75,75,87.5,19.0,20.0,5.0,0,0,0,0,1,0,0,20,Low Risk
Customer_01112,10,2026-08-05,Premium,high_value,18,226,16,25,100,75,100,92.5,18.8,19.0,1.0526315789473648,0,0,0,0,0,0,0,0,Low Risk
Customer_01113,7,2026-08-01,Premium,high_value,16,187,13,23,100,75,100,92.5,16.0,,,1,1,0,0,0,0,0,0,Low Risk
Customer_01113,7,2026-08-02,Premium,high_value,23,174,10,46,100,100,75,95.0,19.5,16.0,-21.875,1,1,0,0,1,0,0,20,Low Risk
Customer_01113,7,2026-08-03,Premium,high_value,24,234,13,22,100,75,100,92.5,21.0,19.5,-7.6923076923076925,1,1,0,0,0,0,0,0,Low Risk
Customer_01113,7,2026-08-04,Premium,high_value,10,239,13,36,100,75,75,87.5,18.25,21.0,13.095238095238097,1,1,0,0,0,0,0,0,Low Risk
Customer_01113,7,2026-08-05,Premium,high_value,13,176,25,20,100,75,100,92.5,17.2,18.25,5.753424657534251,1,1,0,1,0,0,0,25,Low Risk
Customer_01114,8,2026-08-01,Premium,high_value,20,196,6,21,100,100,100,100.0,20.0,,,1,1,0,0,0,0,0,0,Low Risk
Customer_01114,8,2026-08-02,Premium,high_value,19,166,7,37,100,100,75,95.0,19.5,20.0,2.5,1,1,0,0,0,0,0,0,Low Risk
Customer_01114,8,2026-08-03,Premium,high_value,22,194,13,17,100,75,100,92.5,20.33333333333333,19.5,-4.273504273504267,1,1,0,0,0,0,0,0,Low Risk
Customer_01114,8,2026-08-04,Premium,high_value,25,182,5,45,100,100,75,95.0,21.5,20.33333333333333,-5.737704918032794,1,1,0,0,1,0,0,20,Low Risk
Customer_01114,8,2026-08-05,Premium,high_value,11,196,3,40,100,100,75,95.0,19.4,21.5,9.767441860465125,1,1,0,0,0,0,0,0,Low Risk
Customer_01115,2,2026-08-01,Standard,mid_value,6,88,13,16,75,75,100,80.0,6.0,,,1,1,0,0,0,0,0,0,Low Risk
Customer_01115,2,2026-08-02,Standard,mid_value,15,90,23,37,75,75,75,75.0,10.5,6.0,-75.0,1,1,0,1,0,0,0,25,Low Risk
Customer_01115,2,2026-08-03,Standard,mid_value,7,113,2,35,100,100,75,95.0,9.333333333333334,10.5,11.111111111111104,1,1,0,0,0,0,0,0,Low Risk
Customer_01115,2,2026-08-04,Standard,mid_value,9,112,26,31,100,75,75,87.5,9.25,9.333333333333334,0.8928571428571492,1,1,0,1,0,0,0,25,Low Risk
Customer_01115,2,2026-08-05,Standard,mid_value,14,88,10,39,75,100,75,82.5,10.2,9.25,-10.270270270270265,1,1,0,0,0,0,0,0,Low Risk
Customer_01116,1,2026-08-01,Premium,high_value,23,198,16,23,100,75,100,92.5,23.0,,,1,1,0,0,0,0,0,0,Low Risk
Customer_01116,1,2026-08-02,Premium,high_value,20,164,9,48,100,100,75,95.0,21.5,23.0,6.521739130434782,1,1,0,0,1,0,0,20,Low Risk
Customer_01116,1,2026-08-03,Premium,high_value,18,199,9,24,100,100,100,100.0,20.33333333333333,21.5,5.426356589147292,1,1,0,0,0,0,0,0,Low Risk
Customer_01116,1,2026-08-04,Premium,high_value,19,160,16,21,100,75,100,92.5,20.0,20.33333333333333,1.6393442622950762,1,1,0,0,0,0,0,0,Low Risk
Customer_01116,1,2026-08-05,Premium,high_value,18,198,2,48,100,100,75,95.0,19.6,20.0,1.999999999999993,1,1,0,0,1,0,0,20,Low Risk
Customer_01117,8,2026-08-01,Premium,high_value,22,212,20,25,100,75,100,92.5,22.0,,,1,1,0,0,0,0,0,0,Low Risk
Customer_01117,8,2026-08-02,Premium,high_value,13,248,21,23,100,75,100,92.5,17.5,22.0,20.454545454545457,1,1,0,1,0,0,0,25,Low Risk
Customer_01117,8,2026-08-03,Premium,high_value,16,165,8,45,100,100,75,95.0,17.0,17.5,2.857142857142857,1,1,0,0,1,0,0,20,Low Risk
Customer_01117,8,2026-08-04,Premium,high_value,15,152,10,48,100,100,75,95.0,16.5,17.0,2.941176470588235,1,1,0,0,1,0,0,20,Low Risk
Customer_01117,8,2026-08-05,Premium,high_value,20,191,28,38,100,75,75,87.5,17.2,16.5,-4.242424242424238,1,1,0,1,0,0,0,25,Low Risk
Customer_01118,10,2026-08-01,Premium,high_value,15,231,15,17,100,75,100,92.5,15.0,,,1,1,0,0,0,0,0,0,Low Risk
Customer_01118,10,2026-08-02,Premium,high_value,20,236,2,46,100,100,75,95.0,17.5,15.0,-16.666666666666664,1,1,0,0,1,0,0,20,Low Risk
Customer_01118,10,2026-08-03,Premium,high_value,14,244,17,46,100,75,75,87.5,16.333333333333332,17.5,6.666666666666673,1,1,0,0,1,0,0,20,Low Risk
Customer_01118,10,2026-08-04,Premium,high_value,13,206,11,12,100,75,100,92.5,15.5,16.333333333333332,5.102040816326523,1,1,0,0,0,0,0,0,Low Risk
Customer_01118,10,2026-08-05,Premium,high_value,25,237,2,23,100,100,100,100.0,17.4,15.5,-12.258064516129023,1,1,0,0,0,0,0,0,Low Risk
Customer_01119,3,2026-08-01,Premium,high_value,13,231,14,48,100,75,75,87.5,13.0,,,0,0,0,0,1,0,0,20,Low Risk
Customer_01119,3,2026-08-02,Premium,high_value,13,217,7,18,100,100,100,100.0,13.0,13.0,0.0,0,0,0,0,0,0,0,0,Low Risk
Customer_01119,3,2026-08-03,Premium,high_value,25,237,23,29,100,75,100,92.5,17.0,13.0,-30.76923076923077,0,0,0,1,0,0,0,25,Low Risk
Customer_01119,3,2026-08-04,Premium,high_value,13,211,27,31,100,75,75,87.5,16.0,17.0,5.88235294117647,0,0,0,1,0,0,0,25,Low Risk
Customer_01119,3,2026-08-05,Premium,high_value,10,237,17,40,100,75,75,87.5,14.8,16.0,7.499999999999996,0,0,0,0,0,0,0,0,Low Risk
Customer_01120,6,2026-08-01,Premium,high_value,17,242,17,21,100,75,100,92.5,17.0,,,0,0,0,0,0,0,0,0,Low Risk
Customer_01120,6,2026-08-02,Premium,high_value,14,227,5,21,100,100,100,100.0,15.5,17.0,8.823529411764707,0,0,0,0,0,0,0,0,Low Risk
Customer_01120,6,2026-08-03,Premium,high_value,25,202,1,46,100,100,75,95.0,18.666666666666668,15.5,-20.430107526881727,0,0,0,0,1,0,0,20,Low Risk
Customer_01120,6,2026-08-04,Premium,high_value,23,226,5,32,100,100,75,95.0,19.75,18.666666666666668,-5.803571428571422,0,0,0,0,0,0,0,0,Low Risk
Customer_01120,6,2026-08-05,Premium,high_value,15,155,21,32,100,75,75,87.5,18.8,19.75,4.810126582278477,0,0,0,1,0,0,0,25,Low Risk
Customer_01121,8,2026-08-01,Premium,high_value,23,179,23,39,100,75,75,87.5,23.0,,,0,0,0,1,0,0,0,25,Low Risk
Customer_01121,8,2026-08-02,Premium,high_value,18,211,19,36,100,75,75,87.5,20.5,23.0,10.869565217391305,0,0,0,0,0,0,0,0,Low Risk
Customer_01121,8,2026-08-03,Premium,high_value,18,239,7,40,100,100,75,95.0,19.666666666666668,20.5,4.065040650406498,0,0,0,0,0,0,0,0,Low Risk
Customer_01121,8,2026-08-04,Premium,high_value,17,226,27,48,100,75,75,87.5,19.0,19.666666666666668,3.389830508474582,0,0,0,1,1,0,0,45,Medium Risk
Customer_01121,8,2026-08-05,Premium,high_value,24,212,20,33,100,75,75,87.5,20.0,19.0,-5.263157894736842,0,0,0,0,0,0,0,0,Low Risk
Customer_01122,9,2026-08-01,Premium,high_value,11,182,28,37,100,75,75,87.5,11.0,,,1,1,0,1,0,0,0,25,Low Risk
Customer_01122,9,2026-08-02,Premium,high_value,21,185,24,35,100,75,75,87.5,16.0,11.0,-45.45454545454545,1,1,0,1,0,0,0,25,Low Risk
Customer_01122,9,2026-08-03,Premium,high_value,24,221,23,36,100,75,75,87.5,18.666666666666668,16.0,-16.666666666666675,1,1,0,1,0,0,0,25,Low Risk
Customer_01122,9,2026-08-04,Premium,high_value,13,180,23,19,100,75,100,92.5,17.25,18.666666666666668,7.589285714285721,1,1,0,1,0,0,0,25,Low Risk
Customer_01122,9,2026-08-05,Premium,high_value,10,196,23,46,100,75,75,87.5,15.8,17.25,8.40579710144927,1,1,0,1,1,0,0,45,Medium Risk
Customer_01123,1,2026-08-01,Premium,high_value,14,246,2,12,100,100,100,100.0,14.0,,,1,1,0,0,0,0,0,0,Low Risk
Customer_01123,1,2026-08-02,Premium,high_value,15,237,23,30,100,75,100,92.5,14.5,14.0,-3.571428571428571,1,1,0,1,0,0,0,25,Low Risk
Customer_01123,1,2026-08-03,Premium,high_value,21,173,3,26,100,100,100,100.0,16.666666666666668,14.5,-14.942528735632193,1,1,0,0,0,0,0,0,Low Risk
Customer_01123,1,2026-08-04,Premium,high_value,11,157,2,16,100,100,100,100.0,15.25,16.666666666666668,8.500000000000005,1,1,0,0,0,0,0,0,Low Risk
Customer_01123,1,2026-08-05,Premium,high_value,18,178,2,44,100,100,75,95.0,15.8,15.25,-3.6065573770491848,1,1,0,0,1,0,0,20,Low Risk
Customer_01124,4,2026-08-01,Premium,high_value,24,217,11,36,100,75,75,87.5,24.0,,,1,1,0,0,0,0,0,0,Low Risk
Customer_01124,4,2026-08-02,Premium,high_value,21,221,14,44,100,75,75,87.5,22.5,24.0,6.25,1,1,0,0,1,0,0,20,Low Risk
Customer_01124,4,2026-08-03,Premium,high_value,24,189,9,27,100,100,100,100.0,23.0,22.5,-2.2222222222222223,1,1,0,0,0,0,0,0,Low Risk
Customer_01124,4,2026-08-04,Premium,high_value,16,166,2,46,100,100,75,95.0,21.25,23.0,7.608695652173914,1,1,0,0,1,0,0,20,Low Risk
Customer_01124,4,2026-08-05,Premium,high_value,15,245,14,43,100,75,75,87.5,20.0,21.25,5.88235294117647,1,1,0,0,1,0,0,20,Low Risk
Customer_01125,8,2026-08-01,Premium,high_value,19,246,6,12,100,100,100,100.0,19.0,,,0,0,0,0,0,0,0,0,Low Risk
Customer_01125,8,2026-08-02,Premium,high_value,20,200,23,30,100,75,100,92.5,19.5,19.0,-2.631578947368421,0,0,0,1,0,0,0,25,Low Risk
Customer_01125,8,2026-08-03,Premium,high_value,19,187,28,11,100,75,100,92.5,19.33333333333333,19.5,0.8547008547008609,0,0,0,1,0,0,0,25,Low Risk
Customer_01125,8,2026-08-04,Premium,high_value,23,203,7,49,100,100,75,95.0,20.25,19.33333333333333,-4.7413793103448345,0,0,0,0,1,0,0,20,Low Risk
Customer_01125,8,2026-08-05,Premium,high_value,22,228,23,44,100,75,75,87.5,20.6,20.25,-1.7283950617284023,0,0,0,1,1,0,0,45,Medium Risk
Customer_01126,1,2026-08-01,Premium,high_value,20,243,28,19,100,75,100,92.5,20.0,,,1,1,0,1,0,0,0,25,Low Risk
Customer_01126,1,2026-08-02,Premium,high_value,11,198,2,32,100,100,75,95.0,15.5,20.0,22.5,1,1,0,0,0,0,0,0,Low Risk
Customer_01126,1,2026-08-03,Premium,high_value,21,160,27,32,100,75,75,87.5,17.333333333333332,15.5,-11.827956989247305,1,1,0,1,0,0,0,25,Low Risk
Customer_01126,1,2026-08-04,Premium,high_value,11,232,14,12,100,75,100,92.5,15.75,17.333333333333332,9.134615384615378,1,1,0,0,0,0,0,0,Low Risk
Customer_01126,1,2026-08-05,Premium,high_value,25,174,4,47,100,100,75,95.0,17.6,15.75,-11.746031746031756,1,1,0,0,1,0,0,20,Low Risk
Customer_01127,6,2026-08-01,Premium,high_value,23,158,25,26,100,75,100,92.5,23.0,,,1,1,0,1,0,0,0,25,Low Risk
Customer_01127,6,2026-08-02,Premium,high_value,10,219,15,29,100,75,100,92.5,16.5,23.0,28.26086956521739,1,1,0,0,0,0,0,0,Low Risk
Customer_01127,6,2026-08-03,Premium,high_value,17,152,22,26,100,75,100,92.5,16.666666666666668,16.5,-1.0101010101010173,1,1,0,1,0,0,0,25,Low Risk
Customer_01127,6,2026-08-04,Premium,high_value,11,249,14,39,100,75,75,87.5,15.25,16.666666666666668,8.500000000000005,1,1,0,0,0,0,0,0,Low Risk
Customer_01127,6,2026-08-05,Premium,high_value,13,173,19,39,100,75,75,87.5,14.8,15.25,2.950819672131143,1,1,0,0,0,0,0,0,Low Risk
Customer_01128,3,2026-08-01,Standard,mid_value,11,120,21,44,100,75,75,87.5,11.0,,,0,0,0,1,1,0,0,45,Medium Risk
Customer_01128,3,2026-08-02,Standard,mid_value,8,94,9,31,75,100,75,82.5,9.5,11.0,13.636363636363637,0,0,0,0,0,0,0,0,Low Risk
Customer_01128,3,2026-08-03,Standard,mid_value,8,92,28,42,75,75,75,75.0,9.0,9.5,5.263157894736842,0,0,0,1,1,0,0,45,Medium Risk
Customer_01128,3,2026-08-04,Standard,mid_value,7,115,2,21,100,100,100,100.0,8.5,9.0,5.555555555555555,0,0,0,0,0,0,0,0,Low Risk
Customer_01128,3,2026-08-05,Standard,mid_value,5,118,28,40,100,75,75,87.5,7.8,8.5,8.235294117647062,0,0,0,1,0,0,0,25,Low Risk
Customer_01129,4,2026-08-01,Premium,high_value,20,207,5,47,100,100,75,95.0,20.0,,,1,1,0,0,1,0,0,20,Low Risk
Customer_01129,4,2026-08-02,Premium,high_value,21,201,20,25,100,75,100,92.5,20.5,20.0,-2.5,1,1,0,0,0,0,0,0,Low Risk
Customer_01129,4,2026-08-03,Premium,high_value,19,245,23,34,100,75,75,87.5,20.0,20.5,2.4390243902439024,1,1,0,1,0,0,0,25,Low Risk
Customer_01129,4,2026-08-04,Premium,high_value,20,220,9,11,100,100,100,100.0,20.0,20.0,0.0,1,1,0,0,0,0,0,0,Low Risk
Customer_01129,4,2026-08-05,Premium,high_value,18,237,1,43,100,100,75,95.0,19.6,20.0,1.999999999999993,1,1,0,0,1,0,0,20,Low Risk
Customer_01130,1,2026-08-01,Premium,high_value,20,222,21,27,100,75,100,92.5,20.0,,,0,0,0,1,0,0,0,25,Low Risk
Customer_01130,1,2026-08-02,Premium,high_value,15,171,21,44,100,75,75,87.5,17.5,20.0,12.5,0,0,0,1,1,0,0,45,Medium Risk
Customer_01130,1,2026-08-03,Premium,high_value,18,209,6,26,100,100,100,100.0,17.666666666666668,17.5,-0.9523809523809592,0,0,0,0,0,0,0,0,Low Risk
Customer_01130,1,2026-08-04,Premium,high_value,22,184,1,15,100,100,100,100.0,18.75,17.666666666666668,-6.132075471698107,0,0,0,0,0,0,0,0,Low Risk
Customer_01130,1,2026-08-05,Premium,high_value,23,156,9,10,100,100,100,100.0,19.6,18.75,-4.53333333333334,0,0,0,0,0,0,0,0,Low Risk
Customer_01131,10,2026-08-01,Standard,mid_value,14,99,17,32,75,75,75,75.0,14.0,,,1,1,0,0,0,0,0,0,Low Risk
Customer_01131,10,2026-08-02,Standard,mid_value,14,82,13,30,75,75,100,80.0,14.0,14.0,0.0,1,1,0,0,0,0,0,0,Low Risk
Customer_01131,10,2026-08-03,Standard,mid_value,13,95,7,18,75,100,100,87.5,13.666666666666666,14.0,2.3809523809523854,1,1,0,0,0,0,0,0,Low Risk
Customer_01131,10,2026-08-04,Standard,mid_value,13,111,12,42,100,75,75,87.5,13.5,13.666666666666666,1.219512195121947,1,1,0,0,1,0,0,20,Low Risk
Customer_01131,10,2026-08-05,Standard,mid_value,11,104,21,14,100,75,100,92.5,13.0,13.5,3.7037037037037033,1,1,0,1,0,0,0,25,Low Risk
Customer_01132,9,2026-08-01,Premium,high_value,15,217,5,34,100,100,75,95.0,15.0,,,1,1,0,0,0,0,0,0,Low Risk
Customer_01132,9,2026-08-02,Premium,high_value,10,182,29,12,100,75,100,92.5,12.5,15.0,16.666666666666664,1,1,0,1,0,0,0,25,Low Risk
Customer_01132,9,2026-08-03,Premium,high_value,11,176,21,21,100,75,100,92.5,12.0,12.5,4.0,1,1,0,1,0,0,0,25,Low Risk
Customer_01132,9,2026-08-04,Premium,high_value,14,232,6,30,100,100,100,100.0,12.5,12.0,-4.166666666666666,1,1,0,0,0,0,0,0,Low Risk
Customer_01132,9,2026-08-05,Premium,high_value,20,177,15,24,100,75,100,92.5,14.0,12.5,-12.0,1,1,0,0,0,0,0,0,Low Risk
Customer_01133,1,2026-08-01,Premium,high_value,24,166,6,47,100,100,75,95.0,24.0,,,0,0,0,0,1,0,0,20,Low Risk
Customer_01133,1,2026-08-02,Premium,high_value,25,190,6,12,100,100,100,100.0,24.5,24.0,-2.083333333333333,0,0,0,0,0,0,0,0,Low Risk
Customer_01133,1,2026-08-03,Premium,high_value,21,183,2,37,100,100,75,95.0,23.33333333333333,24.5,4.761904761904766,0,0,0,0,0,0,0,0,Low Risk
Customer_01133,1,2026-08-04,Premium,high_value,14,191,25,22,100,75,100,92.5,21.0,23.33333333333333,9.999999999999996,0,0,0,1,0,0,0,25,Low Risk
Customer_01133,1,2026-08-05,Premium,high_value,16,153,0,42,100,100,75,95.0,20.0,21.0,4.761904761904762,0,0,0,0,1,0,0,20,Low Risk
Customer_01134,2,2026-08-01,Premium,high_value,10,184,18,41,100,75,75,87.5,10.0,,,0,0,0,0,1,0,0,20,Low Risk
Customer_01134,2,2026-08-02,Premium,high_value,14,178,7,37,100,100,75,95.0,12.0,10.0,-20.0,0,0,0,0,0,0,0,0,Low Risk
Customer_01134,2,2026-08-03,Premium,high_value,19,159,27,21,100,75,100,92.5,14.333333333333334,12.0,-19.44444444444445,0,0,0,1,0,0,0,25,Low Risk
Customer_01134,2,2026-08-04,Premium,high_value,19,167,12,10,100,75,100,92.5,15.5,14.333333333333334,-8.139534883720925,0,0,0,0,0,0,0,0,Low Risk
Customer_01134,2,2026-08-05,Premium,high_value,18,229,24,44,100,75,75,87.5,16.0,15.5,-3.225806451612903,0,0,0,1,1,0,0,45,Medium Risk
Customer_01135,3,2026-08-01,Premium,high_value,13,230,1,26,100,100,100,100.0,13.0,,,0,0,0,0,0,0,0,0,Low Risk
Customer_01135,3,2026-08-02,Premium,high_value,25,155,26,46,100,75,75,87.5,19.0,13.0,-46.15384615384615,0,0,0,1,1,0,0,45,Medium Risk
Customer_01135,3,2026-08-03,Premium,high_value,25,228,1,45,100,100,75,95.0,21.0,19.0,-10.526315789473683,0,0,0,0,1,0,0,20,Low Risk
Customer_01135,3,2026-08-04,Premium,high_value,24,223,26,13,100,75,100,92.5,21.75,21.0,-3.571428571428571,0,0,0,1,0,0,0,25,Low Risk
Customer_01135,3,2026-08-05,Premium,high_value,22,214,6,28,100,100,100,100.0,21.8,21.75,-0.2298850574712676,0,0,0,0,0,0,0,0,Low Risk
Customer_01136,6,2026-08-01,Premium,high_value,21,161,13,43,100,75,75,87.5,21.0,,,0,0,0,0,1,0,0,20,Low Risk
Customer_01136,6,2026-08-02,Premium,high_value,15,167,21,40,100,75,75,87.5,18.0,21.0,14.285714285714285,0,0,0,1,0,0,0,25,Low Risk
Customer_01136,6,2026-08-03,Premium,high_value,23,174,4,43,100,100,75,95.0,19.666666666666668,18.0,-9.259259259259265,0,0,0,0,1,0,0,20,Low Risk
Customer_01136,6,2026-08-04,Premium,high_value,18,174,22,12,100,75,100,92.5,19.25,19.666666666666668,2.118644067796616,0,0,0,1,0,0,0,25,Low Risk
Customer_01136,6,2026-08-05,Premium,high_value,11,224,17,17,100,75,100,92.5,17.6,19.25,8.571428571428564,0,0,0,0,0,0,0,0,Low Risk
Customer_01137,9,2026-08-01,Premium,high_value,22,234,9,17,100,100,100,100.0,22.0,,,1,1,0,0,0,0,0,0,Low Risk
Customer_01137,9,2026-08-02,Premium,high_value,11,195,8,10,100,100,100,100.0,16.5,22.0,25.0,1,1,0,0,0,0,0,0,Low Risk
Customer_01137,9,2026-08-03,Premium,high_value,15,193,4,14,100,100,100,100.0,16.0,16.5,3.0303030303030303,1,1,0,0,0,0,0,0,Low Risk
Customer_01137,9,2026-08-04,Premium,high_value,15,211,2,20,100,100,100,100.0,15.75,16.0,1.5625,1,1,0,0,0,0,0,0,Low Risk
Customer_01137,9,2026-08-05,Premium,high_value,21,222,27,38,100,75,75,87.5,16.8,15.75,-6.666666666666671,1,1,0,1,0,0,0,25,Low Risk
Customer_01138,4,2026-08-01,Premium,high_value,16,166,26,41,100,75,75,87.5,16.0,,,1,1,0,1,1,0,0,45,Medium Risk
Customer_01138,4,2026-08-02,Premium,high_value,19,189,4,22,100,100,100,100.0,17.5,16.0,-9.375,1,1,0,0,0,0,0,0,Low Risk
Customer_01138,4,2026-08-03,Premium,high_value,15,176,5,10,100,100,100,100.0,16.666666666666668,17.5,4.761904761904756,1,1,0,0,0,0,0,0,Low Risk
Customer_01138,4,2026-08-04,Premium,high_value,19,157,12,13,100,75,100,92.5,17.25,16.666666666666668,-3.499999999999993,1,1,0,0,0,0,0,0,Low Risk
Customer_01138,4,2026-08-05,Premium,high_value,20,170,19,40,100,75,75,87.5,17.8,17.25,-3.188405797101453,1,1,0,0,0,0,0,0,Low Risk
Customer_01139,9,2026-08-01,Standard,mid_value,12,81,0,11,75,100,100,87.5,12.0,,,1,1,0,0,0,0,0,0,Low Risk
Customer_01139,9,2026-08-02,Standard,mid_value,12,105,27,27,100,75,100,92.5,12.0,12.0,0.0,1,1,0,1,0,0,0,25,Low Risk
Customer_01139,9,2026-08-03,Standard,mid_value,7,87,5,49,75,100,75,82.5,10.333333333333334,12.0,13.888888888888884,1,1,0,0,1,0,0,20,Low Risk
Customer_01139,9,2026-08-04,Standard,mid_value,10,86,3,47,75,100,75,82.5,10.25,10.333333333333334,0.8064516129032315,1,1,0,0,1,0,0,20,Low Risk
Customer_01139,9,2026-08-05,Standard,mid_value,10,85,23,32,75,75,75,75.0,10.2,10.25,0.4878048780487874,1,1,0,1,0,0,0,25,Low Risk
Customer_01140,1,2026-08-01,Premium,high_value,15,159,11,23,100,75,100,92.5,15.0,,,0,0,0,0,0,0,0,0,Low Risk
Customer_01140,1,2026-08-02,Premium,high_value,21,214,12,31,100,75,75,87.5,18.0,15.0,-20.0,0,0,0,0,0,0,0,0,Low Risk
Customer_01140,1,2026-08-03,Premium,high_value,14,163,11,37,100,75,75,87.5,16.666666666666668,18.0,7.407407407407401,0,0,0,0,0,0,0,0,Low Risk
Customer_01140,1,2026-08-04,Premium,high_value,23,182,13,14,100,75,100,92.5,18.25,16.666666666666668,-9.499999999999991,0,0,0,0,0,0,0,0,Low Risk
Customer_01140,1,2026-08-05,Premium,high_value,15,162,17,33,100,75,75,87.5,17.6,18.25,3.561643835616431,0,0,0,0,0,0,0,0,Low Risk
Customer_01141,4,2026-08-01,Premium,high_value,18,244,24,43,100,75,75,87.5,18.0,,,1,1,0,1,1,0,0,45,Medium Risk
Customer_01141,4,2026-08-02,Premium,high_value,20,250,25,17,100,75,100,92.5,19.0,18.0,-5.555555555555555,1,1,0,1,0,0,0,25,Low Risk
Customer_01141,4,2026-08-03,Premium,high_value,13,178,3,36,100,100,75,95.0,17.0,19.0,10.526315789473683,1,1,0,0,0,0,0,0,Low Risk
Customer_01141,4,2026-08-04,Premium,high_value,17,235,13,17,100,75,100,92.5,17.0,17.0,0.0,1,1,0,0,0,0,0,0,Low Risk
Customer_01141,4,2026-08-05,Premium,high_value,22,239,6,38,100,100,75,95.0,18.0,17.0,-5.88235294117647,1,1,0,0,0,0,0,0,Low Risk
Customer_01142,2,2026-08-01,Standard,mid_value,8,112,21,16,100,75,100,92.5,8.0,,,1,1,0,1,0,0,0,25,Low Risk
Customer_01142,2,2026-08-02,Standard,mid_value,7,94,11,13,75,75,100,80.0,7.5,8.0,6.25,1,1,0,0,0,0,0,0,Low Risk
Customer_01142,2,2026-08-03,Standard,mid_value,5,103,23,39,100,75,75,87.5,6.666666666666667,7.5,11.111111111111107,1,1,0,1,0,0,0,25,Low Risk
Customer_01142,2,2026-08-04,Standard,mid_value,13,112,8,38,100,100,75,95.0,8.25,6.666666666666667,-23.749999999999996,1,1,0,0,0,0,0,0,Low Risk
Customer_01142,2,2026-08-05,Standard,mid_value,6,91,12,15,75,75,100,80.0,7.8,8.25,5.454545454545457,1,1,0,0,0,0,0,0,Low Risk
Customer_01143,9,2026-08-01,Premium,high_value,21,185,10,21,100,100,100,100.0,21.0,,,1,1,0,0,0,0,0,0,Low Risk
Customer_01143,9,2026-08-02,Premium,high_value,23,157,25,18,100,75,100,92.5,22.0,21.0,-4.761904761904762,1,1,0,1,0,0,0,25,Low Risk
Customer_01143,9,2026-08-03,Premium,high_value,21,166,7,13,100,100,100,100.0,21.666666666666668,22.0,1.5151515151515098,1,1,0,0,0,0,0,0,Low Risk
Customer_01143,9,2026-08-04,Premium,high_value,23,207,25,36,100,75,75,87.5,22.0,21.666666666666668,-1.538461538461533,1,1,0,1,0,0,0,25,Low Risk
Customer_01143,9,2026-08-05,Premium,high_value,19,239,2,17,100,100,100,100.0,21.4,22.0,2.7272727272727337,1,1,0,0,0,0,0,0,Low Risk
Customer_01144,6,2026-08-01,Premium,high_value,21,177,27,41,100,75,75,87.5,21.0,,,1,1,0,1,1,0,0,45,Medium Risk
Customer_01144,6,2026-08-02,Premium,high_value,11,233,18,40,100,75,75,87.5,16.0,21.0,23.809523809523807,1,1,0,0,0,0,0,0,Low Risk
Customer_01144,6,2026-08-03,Premium,high_value,14,158,15,49,100,75,75,87.5,15.333333333333334,16.0,4.166666666666663,1,1,0,0,1,0,0,20,Low Risk
Customer_01144,6,2026-08-04,Premium,high_value,17,242,20,13,100,75,100,92.5,15.75,15.333333333333334,-2.717391304347822,1,1,0,0,0,0,0,0,Low Risk
Customer_01144,6,2026-08-05,Premium,high_value,24,164,11,32,100,75,75,87.5,17.4,15.75,-10.476190476190467,1,1,0,0,0,0,0,0,Low Risk
Customer_01145,5,2026-08-01,Free,free_plan,0,28,29,41,50,75,75,62.5,0.0,,,1,1,0,1,1,0,0,45,Medium Risk
Customer_01145,5,2026-08-02,Free,free_plan,0,22,27,33,50,75,75,62.5,0.0,0.0,,1,1,0,1,0,0,0,25,Low Risk
Customer_01145,5,2026-08-03,Free,free_plan,1,20,22,32,50,75,75,62.5,0.3333333333333333,0.0,,1,1,0,1,0,0,0,25,Low Risk
Customer_01145,5,2026-08-04,Free,free_plan,0,22,4,15,50,100,100,75.0,0.25,0.3333333333333333,24.999999999999996,1,1,0,0,0,0,0,0,Low Risk
Customer_01145,5,2026-08-05,Free,free_plan,0,26,8,34,50,100,75,70.0,0.2,0.25,20.0,1,1,0,0,0,0,0,0,Low Risk
Customer_01146,3,2026-08-01,Free,free_plan,1,24,14,14,50,75,100,67.5,1.0,,,1,1,0,0,0,0,0,0,Low Risk
Customer_01146,3,2026-08-02,Free,free_plan,0,27,21,26,50,75,100,67.5,0.5,1.0,50.0,1,1,1,1,0,0,0,55,Medium Risk
Customer_01146,3,2026-08-03,Free,free_plan,0,26,11,47,50,75,75,62.5,0.3333333333333333,0.5,33.333333333333336,1,1,1,0,1,0,0,50,Medium Risk
Customer_01146,3,2026-08-04,Free,free_plan,0,29,21,18,50,75,100,67.5,0.25,0.3333333333333333,24.999999999999996,1,1,0,1,0,0,0,25,Low Risk
Customer_01146,3,2026-08-05,Free,free_plan,0,21,21,11,50,75,100,67.5,0.2,0.25,20.0,1,1,0,1,0,0,0,25,Low Risk
Customer_01147,2,2026-08-01,Premium,high_value,17,167,26,42,100,75,75,87.5,17.0,,,1,1,0,1,1,0,0,45,Medium Risk
Customer_01147,2,2026-08-02,Premium,high_value,24,236,12,31,100,75,75,87.5,20.5,17.0,-20.588235294117645,1,1,0,0,0,0,0,0,Low Risk
Customer_01147,2,2026-08-03,Premium,high_value,22,165,24,44,100,75,75,87.5,21.0,20.5,-2.4390243902439024,1,1,0,1,1,0,0,45,Medium Risk
Customer_01147,2,2026-08-04,Premium,high_value,14,206,19,44,100,75,75,87.5,19.25,21.0,8.333333333333332,1,1,0,0,1,0,0,20,Low Risk
Customer_01147,2,2026-08-05,Premium,high_value,21,199,10,42,100,100,75,95.0,19.6,19.25,-1.8181818181818257,1,1,0,0,1,0,0,20,Low Risk
Customer_01148,2,2026-08-01,Premium,high_value,19,224,23,33,100,75,75,87.5,19.0,,,0,0,0,1,0,0,0,25,Low Risk
Customer_01148,2,2026-08-02,Premium,high_value,14,175,20,16,100,75,100,92.5,16.5,19.0,13.157894736842104,0,0,0,0,0,0,0,0,Low Risk
Customer_01148,2,2026-08-03,Premium,high_value,14,165,29,17,100,75,100,92.5,15.666666666666666,16.5,5.050505050505054,0,0,0,1,0,0,0,25,Low Risk
Customer_01148,2,2026-08-04,Premium,high_value,16,186,6,24,100,100,100,100.0,15.75,15.666666666666666,-0.531914893617025,0,0,0,0,0,0,0,0,Low Risk
Customer_01148,2,2026-08-05,Premium,high_value,25,237,12,13,100,75,100,92.5,17.6,15.75,-11.746031746031756,0,0,0,0,0,0,0,0,Low Risk
Customer_01149,7,2026-08-01,Premium,high_value,18,225,4,14,100,100,100,100.0,18.0,,,0,0,0,0,0,0,0,0,Low Risk
Customer_01149,7,2026-08-02,Premium,high_value,19,205,4,27,100,100,100,100.0,18.5,18.0,-2.7777777777777777,0,0,0,0,0,0,0,0,Low Risk
Customer_01149,7,2026-08-03,Premium,high_value,21,214,5,45,100,100,75,95.0,19.33333333333333,18.5,-4.5045045045044985,0,0,0,0,1,0,0,20,Low Risk
Customer_01149,7,2026-08-04,Premium,high_value,21,195,15,28,100,75,100,92.5,19.75,19.33333333333333,-2.15517241379311,0,0,0,0,0,0,0,0,Low Risk
Customer_01149,7,2026-08-05,Premium,high_value,17,158,3,28,100,100,100,100.0,19.2,19.75,2.784810126582282,0,0,0,0,0,0,0,0,Low Risk
Customer_01150,3,2026-08-01,Premium,high_value,11,197,26,37,100,75,75,87.5,11.0,,,0,0,0,1,0,0,0,25,Low Risk
Customer_01150,3,2026-08-02,Premium,high_value,17,185,1,19,100,100,100,100.0,14.0,11.0,-27.27272727272727,0,0,0,0,0,0,0,0,Low Risk
Customer_01150,3,2026-08-03,Premium,high_value,19,206,27,32,100,75,75,87.5,15.666666666666666,14.0,-11.9047619047619,0,0,0,1,0,0,0,25,Low Risk
Customer_01150,3,2026-08-04,Premium,high_value,13,179,16,15,100,75,100,92.5,15.0,15.666666666666666,4.255319148936167,0,0,0,0,0,0,0,0,Low Risk
Customer_01150,3,2026-08-05,Premium,high_value,24,163,11,19,100,75,100,92.5,16.8,15.0,-12.000000000000004,0,0,0,0,0,0,0,0,Low Risk
Customer_01151,8,2026-08-01,Premium,high_value,13,169,10,32,100,100,75,95.0,13.0,,,1,1,0,0,0,0,0,0,Low Risk
Customer_01151,8,2026-08-02,Premium,high_value,11,227,13,13,100,75,100,92.5,12.0,13.0,7.6923076923076925,1,1,0,0,0,0,0,0,Low Risk
Customer_01151,8,2026-08-03,Premium,high_value,20,194,22,12,100,75,100,92.5,14.666666666666666,12.0,-22.222222222222214,1,1,0,1,0,0,0,25,Low Risk
Customer_01151,8,2026-08-04,Premium,high_value,13,184,7,32,100,100,75,95.0,14.25,14.666666666666666,2.840909090909087,1,1,0,0,0,0,0,0,Low Risk
Customer_01151,8,2026-08-05,Premium,high_value,10,160,26,12,100,75,100,92.5,13.4,14.25,5.9649122807017525,1,1,0,1,0,0,0,25,Low Risk
Customer_01152,10,2026-08-01,Premium,high_value,17,209,3,43,100,100,75,95.0,17.0,,,1,1,0,0,1,0,0,20,Low Risk
Customer_01152,10,2026-08-02,Premium,high_value,14,161,15,32,100,75,75,87.5,15.5,17.0,8.823529411764707,1,1,0,0,0,0,0,0,Low Risk
Customer_01152,10,2026-08-03,Premium,high_value,16,207,18,12,100,75,100,92.5,15.666666666666666,15.5,-1.0752688172042972,1,1,0,0,0,0,0,0,Low Risk
Customer_01152,10,2026-08-04,Premium,high_value,19,166,27,21,100,75,100,92.5,16.5,15.666666666666666,-5.319148936170217,1,1,0,1,0,0,0,25,Low Risk
Customer_01152,10,2026-08-05,Premium,high_value,10,188,23,22,100,75,100,92.5,15.2,16.5,7.878787878787883,1,1,0,1,0,0,0,25,Low Risk
Customer_01153,3,2026-08-01,Premium,high_value,10,205,28,45,100,75,75,87.5,10.0,,,1,1,0,1,1,0,0,45,Medium Risk
Customer_01153,3,2026-08-02,Premium,high_value,15,212,8,38,100,100,75,95.0,12.5,10.0,-25.0,1,1,0,0,0,0,0,0,Low Risk
Customer_01153,3,2026-08-03,Premium,high_value,13,183,29,23,100,75,100,92.5,12.666666666666666,12.5,-1.3333333333333286,1,1,0,1,0,0,0,25,Low Risk
Customer_01153,3,2026-08-04,Premium,high_value,12,213,10,33,100,100,75,95.0,12.5,12.666666666666666,1.315789473684206,1,1,0,0,0,0,0,0,Low Risk
Customer_01153,3,2026-08-05,Premium,high_value,23,169,2,38,100,100,75,95.0,14.6,12.5,-16.799999999999997,1,1,0,0,0,0,0,0,Low Risk
Customer_01154,9,2026-08-01,Standard,mid_value,7,94,19,12,75,75,100,80.0,7.0,,,1,1,0,0,0,0,0,0,Low Risk
Customer_01154,9,2026-08-02,Standard,mid_value,8,106,27,37,100,75,75,87.5,7.5,7.0,-7.142857142857142,1,1,0,1,0,0,0,25,Low Risk
Customer_01154,9,2026-08-03,Standard,mid_value,7,119,1,38,100,100,75,95.0,7.333333333333333,7.5,2.2222222222222263,1,1,0,0,0,0,0,0,Low Risk
Customer_01154,9,2026-08-04,Standard,mid_value,9,117,6,29,100,100,100,100.0,7.75,7.333333333333333,-5.681818181818186,1,1,0,0,0,0,0,0,Low Risk
Customer_01154,9,2026-08-05,Standard,mid_value,15,81,15,48,75,75,75,75.0,9.2,7.75,-18.70967741935483,1,1,0,0,1,0,0,20,Low Risk
Customer_01155,2,2026-08-01,Standard,mid_value,15,112,19,22,100,75,100,92.5,15.0,,,1,1,0,0,0,0,0,0,Low Risk
Customer_01155,2,2026-08-02,Standard,mid_value,6,97,5,19,75,100,100,87.5,10.5,15.0,30.0,1,1,1,0,0,0,0,30,Low Risk
Customer_01155,2,2026-08-03,Standard,mid_value,13,82,3,35,75,100,75,82.5,11.333333333333334,10.5,-7.936507936507942,1,1,0,0,0,0,0,0,Low Risk
Customer_01155,2,2026-08-04,Standard,mid_value,13,91,3,49,75,100,75,82.5,11.75,11.333333333333334,-3.6764705882352886,1,1,0,0,1,0,0,20,Low Risk
Customer_01155,2,2026-08-05,Standard,mid_value,9,110,13,31,100,75,75,87.5,11.2,11.75,4.6808510638297935,1,1,0,0,0,0,0,0,Low Risk
Customer_01156,3,2026-08-01,Premium,high_value,21,244,4,36,100,100,75,95.0,21.0,,,1,1,0,0,0,0,0,0,Low Risk
Customer_01156,3,2026-08-02,Premium,high_value,17,169,1,24,100,100,100,100.0,19.0,21.0,9.523809523809524,1,1,0,0,0,0,0,0,Low Risk
Customer_01156,3,2026-08-03,Premium,high_value,12,164,6,49,100,100,75,95.0,16.666666666666668,19.0,12.28070175438596,1,1,0,0,1,0,0,20,Low Risk
Customer_01156,3,2026-08-04,Premium,high_value,19,165,26,44,100,75,75,87.5,17.25,16.666666666666668,-3.499999999999993,1,1,0,1,1,0,0,45,Medium Risk
Customer_01156,3,2026-08-05,Premium,high_value,22,249,5,37,100,100,75,95.0,18.2,17.25,-5.50724637681159,1,1,0,0,0,0,0,0,Low Risk
Customer_01157,6,2026-08-01,Standard,mid_value,6,89,11,28,75,75,100,80.0,6.0,,,0,0,0,0,0,0,0,0,Low Risk
Customer_01157,6,2026-08-02,Standard,mid_value,11,112,27,29,100,75,100,92.5,8.5,6.0,-41.66666666666667,0,0,0,1,0,0,0,25,Low Risk
Customer_01157,6,2026-08-03,Standard,mid_value,7,90,28,40,75,75,75,75.0,8.0,8.5,5.88235294117647,0,0,0,1,0,0,0,25,Low Risk
Customer_01157,6,2026-08-04,Standard,mid_value,6,105,7,46,100,100,75,95.0,7.5,8.0,6.25,0,0,0,0,1,0,0,20,Low Risk
Customer_01157,6,2026-08-05,Standard,mid_value,14,94,0,25,75,100,100,87.5,8.8,7.5,-17.333333333333343,0,0,0,0,0,0,0,0,Low Risk
Customer_01158,7,2026-08-01,Premium,high_value,13,190,19,16,100,75,100,92.5,13.0,,,1,1,0,0,0,0,0,0,Low Risk
Customer_01158,7,2026-08-02,Premium,high_value,21,229,22,36,100,75,75,87.5,17.0,13.0,-30.76923076923077,1,1,0,1,0,0,0,25,Low Risk
Customer_01158,7,2026-08-03,Premium,high_value,14,205,26,16,100,75,100,92.5,16.0,17.0,5.88235294117647,1,1,0,1,0,0,0,25,Low Risk
Customer_01158,7,2026-08-04,Premium,high_value,24,248,13,49,100,75,75,87.5,18.0,16.0,-12.5,1,1,0,0,1,0,0,20,Low Risk
Customer_01158,7,2026-08-05,Premium,high_value,22,213,28,17,100,75,100,92.5,18.8,18.0,-4.444444444444448,1,1,0,1,0,0,0,25,Low Risk
Customer_01159,5,2026-08-01,Premium,high_value,18,212,25,32,100,75,75,87.5,18.0,,,1,1,0,1,0,0,0,25,Low Risk
Customer_01159,5,2026-08-02,Premium,high_value,14,198,23,49,100,75,75,87.5,16.0,18.0,11.11111111111111,1,1,0,1,1,0,0,45,Medium Risk
Customer_01159,5,2026-08-03,Premium,high_value,16,230,17,37,100,75,75,87.5,16.0,16.0,0.0,1,1,0,0,0,0,0,0,Low Risk
Customer_01159,5,2026-08-04,Premium,high_value,16,167,30,40,100,75,75,87.5,16.0,16.0,0.0,1,1,0,1,0,0,0,25,Low Risk
Customer_01159,5,2026-08-05,Premium,high_value,15,183,10,45,100,100,75,95.0,15.8,16.0,1.2499999999999956,1,1,0,0,1,0,0,20,Low Risk
Customer_01160,3,2026-08-01,Standard,mid_value,11,92,2,20,75,100,100,87.5,11.0,,,1,1,0,0,0,0,0,0,Low Risk
Customer_01160,3,2026-08-02,Standard,mid_value,8,103,27,31,100,75,75,87.5,9.5,11.0,13.636363636363637,1,1,0,1,0,0,0,25,Low Risk
Customer_01160,3,2026-08-03,Standard,mid_value,14,82,26,13,75,75,100,80.0,11.0,9.5,-15.789473684210526,1,1,0,1,0,0,0,25,Low Risk
Customer_01160,3,2026-08-04,Standard,mid_value,12,80,6,18,75,100,100,87.5,11.25,11.0,-2.272727272727273,1,1,0,0,0,0,0,0,Low Risk
Customer_01160,3,2026-08-05,Standard,mid_value,9,93,26,36,75,75,75,75.0,10.8,11.25,3.999999999999994,1,1,0,1,0,0,0,25,Low Risk
Customer_01161,1,2026-08-01,Standard,mid_value,9,90,19,31,75,75,75,75.0,9.0,,,0,0,0,0,0,0,0,0,Low Risk
Customer_01161,1,2026-08-02,Standard,mid_value,9,96,18,46,75,75,75,75.0,9.0,9.0,0.0,0,0,0,0,1,0,0,20,Low Risk
Customer_01161,1,2026-08-03,Standard,mid_value,11,102,5,29,100,100,100,100.0,9.666666666666666,9.0,-7.407407407407401,0,0,0,0,0,0,0,0,Low Risk
Customer_01161,1,2026-08-04,Standard,mid_value,11,92,21,33,75,75,75,75.0,10.0,9.666666666666666,-3.4482758620689715,0,0,0,1,0,0,0,25,Low Risk
Customer_01161,1,2026-08-05,Standard,mid_value,11,98,10,34,75,100,75,82.5,10.2,10.0,-1.999999999999993,0,0,0,0,0,0,0,0,Low Risk
Customer_01162,6,2026-08-01,Premium,high_value,16,192,20,12,100,75,100,92.5,16.0,,,1,1,0,0,0,0,0,0,Low Risk
Customer_01162,6,2026-08-02,Premium,high_value,18,155,17,19,100,75,100,92.5,17.0,16.0,-6.25,1,1,0,0,0,0,0,0,Low Risk
Customer_01162,6,2026-08-03,Premium,high_value,11,166,2,38,100,100,75,95.0,15.0,17.0,11.76470588235294,1,1,0,0,0,0,0,0,Low Risk
Customer_01162,6,2026-08-04,Premium,high_value,22,228,30,27,100,75,100,92.5,16.75,15.0,-11.666666666666666,1,1,0,1,0,0,0,25,Low Risk
Customer_01162,6,2026-08-05,Premium,high_value,11,167,20,36,100,75,75,87.5,15.6,16.75,6.865671641791046,1,1,0,0,0,0,0,0,Low Risk
Customer_01163,2,2026-08-01,Premium,high_value,18,180,28,33,100,75,75,87.5,18.0,,,0,0,0,1,0,0,0,25,Low Risk
Customer_01163,2,2026-08-02,Premium,high_value,25,236,21,50,100,75,75,87.5,21.5,18.0,-19.444444444444446,0,0,0,1,1,0,0,45,Medium Risk
Customer_01163,2,2026-08-03,Premium,high_value,17,250,13,42,100,75,75,87.5,20.0,21.5,6.976744186046512,0,0,0,0,1,0,0,20,Low Risk
Customer_01163,2,2026-08-04,Premium,high_value,17,199,21,40,100,75,75,87.5,19.25,20.0,3.75,0,0,0,1,0,0,0,25,Low Risk
Customer_01163,2,2026-08-05,Premium,high_value,25,216,3,50,100,100,75,95.0,20.4,19.25,-5.974025974025967,0,0,0,0,1,0,0,20,Low Risk
Customer_01164,4,2026-08-01,Standard,mid_value,12,91,28,20,75,75,100,80.0,12.0,,,1,1,0,1,0,0,0,25,Low Risk
Customer_01164,4,2026-08-02,Standard,mid_value,9,103,6,43,100,100,75,95.0,10.5,12.0,12.5,1,1,0,0,1,0,0,20,Low Risk
Customer_01164,4,2026-08-03,Standard,mid_value,14,95,2,25,75,100,100,87.5,11.666666666666666,10.5,-11.111111111111104,1,1,0,0,0,0,0,0,Low Risk
Customer_01164,4,2026-08-04,Standard,mid_value,13,101,14,12,100,75,100,92.5,12.0,11.666666666666666,-2.857142857142862,1,1,0,0,0,0,0,0,Low Risk
Customer_01164,4,2026-08-05,Standard,mid_value,10,119,22,43,100,75,75,87.5,11.6,12.0,3.333333333333336,1,1,0,1,1,0,0,45,Medium Risk
Customer_01165,2,2026-08-01,Standard,mid_value,13,88,0,47,75,100,75,82.5,13.0,,,1,1,0,0,1,0,0,20,Low Risk
Customer_01165,2,2026-08-02,Standard,mid_value,12,114,22,19,100,75,100,92.5,12.5,13.0,3.8461538461538463,1,1,0,1,0,0,0,25,Low Risk
Customer_01165,2,2026-08-03,Standard,mid_value,12,90,7,38,75,100,75,82.5,12.333333333333334,12.5,1.3333333333333286,1,1,0,0,0,0,0,0,Low Risk
Customer_01165,2,2026-08-04,Standard,mid_value,12,100,23,29,100,75,100,92.5,12.25,12.333333333333334,0.6756756756756804,1,1,0,1,0,0,0,25,Low Risk
Customer_01165,2,2026-08-05,Standard,mid_value,5,95,25,29,75,75,100,80.0,10.8,12.25,11.836734693877546,1,1,0,1,0,0,0,25,Low Risk
Customer_01166,7,2026-08-01,Premium,high_value,24,213,10,35,100,100,75,95.0,24.0,,,0,0,0,0,0,0,0,0,Low Risk
Customer_01166,7,2026-08-02,Premium,high_value,24,195,17,36,100,75,75,87.5,24.0,24.0,0.0,0,0,0,0,0,0,0,0,Low Risk
Customer_01166,7,2026-08-03,Premium,high_value,12,161,8,48,100,100,75,95.0,20.0,24.0,16.666666666666664,0,0,0,0,1,0,0,20,Low Risk
Customer_01166,7,2026-08-04,Premium,high_value,21,191,26,45,100,75,75,87.5,20.25,20.0,-1.25,0,0,0,1,1,0,0,45,Medium Risk
Customer_01166,7,2026-08-05,Premium,high_value,18,231,29,33,100,75,75,87.5,19.8,20.25,2.2222222222222188,0,0,0,1,0,0,0,25,Low Risk
Customer_01167,10,2026-08-01,Premium,high_value,24,183,17,15,100,75,100,92.5,24.0,,,1,1,0,0,0,0,0,0,Low Risk
Customer_01167,10,2026-08-02,Premium,high_value,18,207,14,40,100,75,75,87.5,21.0,24.0,12.5,1,1,0,0,0,0,0,0,Low Risk
Customer_01167,10,2026-08-03,Premium,high_value,17,177,3,21,100,100,100,100.0,19.666666666666668,21.0,6.349206349206344,1,1,0,0,0,0,0,0,Low Risk
Customer_01167,10,2026-08-04,Premium,high_value,25,185,17,46,100,75,75,87.5,21.0,19.666666666666668,-6.779661016949145,1,1,0,0,1,0,0,20,Low Risk
Customer_01167,10,2026-08-05,Premium,high_value,10,164,16,46,100,75,75,87.5,18.8,21.0,10.476190476190473,1,1,0,0,1,0,0,20,Low Risk
Customer_01168,3,2026-08-01,Standard,mid_value,10,92,20,33,75,75,75,75.0,10.0,,,0,0,0,0,0,0,0,0,Low Risk
Customer_01168,3,2026-08-02,Standard,mid_value,6,107,22,48,100,75,75,87.5,8.0,10.0,20.0,0,0,0,1,1,0,0,45,Medium Risk
Customer_01168,3,2026-08-03,Standard,mid_value,12,85,14,22,75,75,100,80.0,9.333333333333334,8.0,-16.666666666666675,0,0,0,0,0,0,0,0,Low Risk
Customer_01168,3,2026-08-04,Standard,mid_value,11,117,17,41,100,75,75,87.5,9.75,9.333333333333334,-4.464285714285707,0,0,0,0,1,0,0,20,Low Risk
Customer_01168,3,2026-08-05,Standard,mid_value,13,108,7,40,100,100,75,95.0,10.4,9.75,-6.666666666666671,0,0,0,0,0,0,0,0,Low Risk
Customer_01169,8,2026-08-01,Premium,high_value,15,221,16,46,100,75,75,87.5,15.0,,,1,1,0,0,1,0,0,20,Low Risk
Customer_01169,8,2026-08-02,Premium,high_value,18,218,28,48,100,75,75,87.5,16.5,15.0,-10.0,1,1,0,1,1,0,0,45,Medium Risk
Customer_01169,8,2026-08-03,Premium,high_value,21,150,17,14,100,75,100,92.5,18.0,16.5,-9.090909090909092,1,1,0,0,0,0,0,0,Low Risk
Customer_01169,8,2026-08-04,Premium,high_value,17,164,21,49,100,75,75,87.5,17.75,18.0,1.3888888888888888,1,1,0,1,1,0,0,45,Medium Risk
Customer_01169,8,2026-08-05,Premium,high_value,13,152,10,30,100,100,100,100.0,16.8,17.75,5.352112676056335,1,1,0,0,0,0,0,0,Low Risk
Customer_01170,7,2026-08-01,Standard,mid_value,14,109,2,26,100,100,100,100.0,14.0,,,1,1,0,0,0,0,0,0,Low Risk
Customer_01170,7,2026-08-02,Standard,mid_value,10,101,29,33,100,75,75,87.5,12.0,14.0,14.285714285714285,1,1,0,1,0,0,0,25,Low Risk
Customer_01170,7,2026-08-03,Standard,mid_value,13,83,14,30,75,75,100,80.0,12.333333333333334,12.0,-2.777777777777783,1,1,0,0,0,0,0,0,Low Risk
Customer_01170,7,2026-08-04,Standard,mid_value,8,84,1,49,75,100,75,82.5,11.25,12.333333333333334,8.783783783783788,1,1,0,0,1,0,0,20,Low Risk
Customer_01170,7,2026-08-05,Standard,mid_value,15,97,18,13,75,75,100,80.0,12.0,11.25,-6.666666666666667,1,1,0,0,0,0,0,0,Low Risk
Customer_01171,5,2026-08-01,Premium,high_value,18,249,17,18,100,75,100,92.5,18.0,,,1,1,0,0,0,0,0,0,Low Risk
Customer_01171,5,2026-08-02,Premium,high_value,22,181,29,31,100,75,75,87.5,20.0,18.0,-11.11111111111111,1,1,0,1,0,0,0,25,Low Risk
Customer_01171,5,2026-08-03,Premium,high_value,13,214,25,30,100,75,100,92.5,17.666666666666668,20.0,11.66666666666666,1,1,0,1,0,0,0,25,Low Risk
Customer_01171,5,2026-08-04,Premium,high_value,19,191,22,30,100,75,100,92.5,18.0,17.666666666666668,-1.886792452830182,1,1,0,1,0,0,0,25,Low Risk
Customer_01171,5,2026-08-05,Premium,high_value,21,167,11,18,100,75,100,92.5,18.6,18.0,-3.333333333333341,1,1,0,0,0,0,0,0,Low Risk
Customer_01172,6,2026-08-01,Basic,low_value,5,41,26,10,50,75,100,67.5,5.0,,,1,1,0,1,0,0,0,25,Low Risk
Customer_01172,6,2026-08-02,Basic,low_value,3,42,16,24,50,75,100,67.5,4.0,5.0,20.0,1,1,0,0,0,0,0,0,Low Risk
Customer_01172,6,2026-08-03,Basic,low_value,4,51,16,37,75,75,75,75.0,4.0,4.0,0.0,1,1,0,0,0,0,0,0,Low Risk
Customer_01172,6,2026-08-04,Basic,low_value,4,41,26,35,50,75,75,62.5,4.0,4.0,0.0,1,1,0,1,0,0,0,25,Low Risk
Customer_01172,6,2026-08-05,Basic,low_value,2,41,15,44,50,75,75,62.5,3.6,4.0,9.999999999999998,1,1,0,0,1,0,0,20,Low Risk
Customer_01173,7,2026-08-01,Premium,high_value,22,228,18,44,100,75,75,87.5,22.0,,,1,1,0,0,1,0,0,20,Low Risk
Customer_01173,7,2026-08-02,Premium,high_value,14,208,27,27,100,75,100,92.5,18.0,22.0,18.181818181818183,1,1,0,1,0,0,0,25,Low Risk
Customer_01173,7,2026-08-03,Premium,high_value,12,174,17,25,100,75,100,92.5,16.0,18.0,11.11111111111111,1,1,0,0,0,0,0,0,Low Risk
Customer_01173,7,2026-08-04,Premium,high_value,21,232,15,45,100,75,75,87.5,17.25,16.0,-7.8125,1,1,0,0,1,0,0,20,Low Risk
Customer_01173,7,2026-08-05,Premium,high_value,19,186,30,15,100,75,100,92.5,17.6,17.25,-2.028985507246385,1,1,0,1,0,0,0,25,Low Risk
Customer_01174,8,2026-08-01,Basic,low_value,4,49,28,26,50,75,100,67.5,4.0,,,0,0,0,1,0,0,0,25,Low Risk
Customer_01174,8,2026-08-02,Basic,low_value,4,57,29,28,75,75,100,80.0,4.0,4.0,0.0,0,0,0,1,0,0,0,25,Low Risk
Customer_01174,8,2026-08-03,Basic,low_value,1,47,13,40,50,75,75,62.5,3.0,4.0,25.0,0,0,0,0,0,0,0,0,Low Risk
Customer_01174,8,2026-08-04,Basic,low_value,1,56,22,22,75,75,100,80.0,2.5,3.0,16.666666666666664,0,0,0,1,0,0,0,25,Low Risk
Customer_01174,8,2026-08-05,Basic,low_value,4,57,17,15,75,75,100,80.0,2.8,2.5,-11.999999999999991,0,0,0,0,0,0,0,0,Low Risk
Customer_01175,10,2026-08-01,Basic,low_value,4,44,17,23,50,75,100,67.5,4.0,,,1,1,0,0,0,0,0,0,Low Risk
Customer_01175,10,2026-08-02,Basic,low_value,4,56,7,17,75,100,100,87.5,4.0,4.0,0.0,1,1,0,0,0,0,0,0,Low Risk
Customer_01175,10,2026-08-03,Basic,low_value,1,40,16,49,50,75,75,62.5,3.0,4.0,25.0,1,1,0,0,1,0,0,20,Low Risk
Customer_01175,10,2026-08-04,Basic,low_value,2,58,9,30,75,100,100,87.5,2.75,3.0,8.333333333333332,1,1,0,0,0,0,0,0,Low Risk
Customer_01175,10,2026-08-05,Basic,low_value,5,53,22,35,75,75,75,75.0,3.2,2.75,-16.36363636363637,1,1,0,1,0,0,0,25,Low Risk
Customer_01176,3,2026-08-01,Basic,low_value,2,55,24,21,75,75,100,80.0,2.0,,,0,0,0,1,0,0,0,25,Low Risk
Customer_01176,3,2026-08-02,Basic,low_value,1,52,4,39,75,100,75,82.5,1.5,2.0,25.0,0,0,0,0,0,0,0,0,Low Risk
Customer_01176,3,2026-08-03,Basic,low_value,5,59,23,18,75,75,100,80.0,2.6666666666666665,1.5,-77.77777777777777,0,0,0,1,0,0,0,25,Low Risk
Customer_01176,3,2026-08-04,Basic,low_value,4,57,18,36,75,75,75,75.0,3.0,2.6666666666666665,-12.500000000000004,0,0,0,0,0,0,0,0,Low Risk
Customer_01176,3,2026-08-05,Basic,low_value,2,55,12,18,75,75,100,80.0,2.8,3.0,6.666666666666672,0,0,0,0,0,0,0,0,Low Risk
Customer_01177,7,2026-08-01,Basic,low_value,5,46,14,17,50,75,100,67.5,5.0,,,1,1,0,0,0,0,0,0,Low Risk
Customer_01177,7,2026-08-02,Basic,low_value,5,58,16,36,75,75,75,75.0,5.0,5.0,0.0,1,1,0,0,0,0,0,0,Low Risk
Customer_01177,7,2026-08-03,Basic,low_value,4,41,25,38,50,75,75,62.5,4.666666666666667,5.0,6.666666666666661,1,1,0,1,0,0,0,25,Low Risk
Customer_01177,7,2026-08-04,Basic,low_value,5,58,11,43,75,75,75,75.0,4.75,4.666666666666667,-1.7857142857142794,1,1,0,0,1,0,0,20,Low Risk
Customer_01177,7,2026-08-05,Basic,low_value,4,57,14,47,75,75,75,75.0,4.6,4.75,3.157894736842113,1,1,0,0,1,0,0,20,Low Risk
Customer_01178,2,2026-08-01,Premium,high_value,11,176,3,42,100,100,75,95.0,11.0,,,0,0,0,0,1,0,0,20,Low Risk
Customer_01178,2,2026-08-02,Premium,high_value,10,196,6,10,100,100,100,100.0,10.5,11.0,4.545454545454546,0,0,0,0,0,0,0,0,Low Risk
Customer_01178,2,2026-08-03,Premium,high_value,22,172,18,26,100,75,100,92.5,14.333333333333334,10.5,-36.50793650793651,0,0,0,0,0,0,0,0,Low Risk
Customer_01178,2,2026-08-04,Premium,high_value,13,169,3,24,100,100,100,100.0,14.0,14.333333333333334,2.3255813953488413,0,0,0,0,0,0,0,0,Low Risk
Customer_01178,2,2026-08-05,Premium,high_value,13,204,0,19,100,100,100,100.0,13.8,14.0,1.4285714285714235,0,0,0,0,0,0,0,0,Low Risk
Customer_01179,8,2026-08-01,Premium,high_value,25,168,10,18,100,100,100,100.0,25.0,,,0,0,0,0,0,0,0,0,Low Risk
Customer_01179,8,2026-08-02,Premium,high_value,17,215,10,35,100,100,75,95.0,21.0,25.0,16.0,0,0,0,0,0,0,0,0,Low Risk
Customer_01179,8,2026-08-03,Premium,high_value,21,247,4,18,100,100,100,100.0,21.0,21.0,0.0,0,0,0,0,0,0,0,0,Low Risk
Customer_01179,8,2026-08-04,Premium,high_value,17,199,15,34,100,75,75,87.5,20.0,21.0,4.761904761904762,0,0,0,0,0,0,0,0,Low Risk
Customer_01179,8,2026-08-05,Premium,high_value,13,154,3,11,100,100,100,100.0,18.6,20.0,6.999999999999992,0,0,0,0,0,0,0,0,Low Risk
Customer_01180,10,2026-08-01,Premium,high_value,20,234,18,23,100,75,100,92.5,20.0,,,0,0,0,0,0,0,0,0,Low Risk
Customer_01180,10,2026-08-02,Premium,high_value,23,184,0,20,100,100,100,100.0,21.5,20.0,-7.5,0,0,0,0,0,0,0,0,Low Risk
Customer_01180,10,2026-08-03,Premium,high_value,18,195,9,27,100,100,100,100.0,20.33333333333333,21.5,5.426356589147292,0,0,0,0,0,0,0,0,Low Risk
Customer_01180,10,2026-08-04,Premium,high_value,16,222,11,26,100,75,100,92.5,19.25,20.33333333333333,5.327868852459011,0,0,0,0,0,0,0,0,Low Risk
Customer_01180,10,2026-08-05,Premium,high_value,12,211,13,24,100,75,100,92.5,17.8,19.25,7.532467532467529,0,0,0,0,0,0,0,0,Low Risk
Customer_01181,1,2026-08-01,Standard,mid_value,12,89,12,17,75,75,100,80.0,12.0,,,0,0,0,0,0,0,0,0,Low Risk
Customer_01181,1,2026-08-02,Standard,mid_value,11,90,28,21,75,75,100,80.0,11.5,12.0,4.166666666666666,0,0,0,1,0,0,0,25,Low Risk
Customer_01181,1,2026-08-03,Standard,mid_value,6,101,4,40,100,100,75,95.0,9.666666666666666,11.5,15.94202898550725,0,0,0,0,0,0,0,0,Low Risk
Customer_01181,1,2026-08-04,Standard,mid_value,12,98,17,22,75,75,100,80.0,10.25,9.666666666666666,-6.034482758620696,0,0,0,0,0,0,0,0,Low Risk
Customer_01181,1,2026-08-05,Standard,mid_value,9,87,13,29,75,75,100,80.0,10.0,10.25,2.4390243902439024,0,0,0,0,0,0,0,0,Low Risk
Customer_01182,7,2026-08-01,Premium,high_value,25,245,23,14,100,75,100,92.5,25.0,,,1,1,0,1,0,0,0,25,Low Risk
Customer_01182,7,2026-08-02,Premium,high_value,18,187,14,10,100,75,100,92.5,21.5,25.0,14.000000000000002,1,1,0,0,0,0,0,0,Low Risk
Customer_01182,7,2026-08-03,Premium,high_value,15,157,28,14,100,75,100,92.5,19.33333333333333,21.5,10.077519379844968,1,1,0,1,0,0,0,25,Low Risk
Customer_01182,7,2026-08-04,Premium,high_value,17,188,18,17,100,75,100,92.5,18.75,19.33333333333333,3.0172413793103385,1,1,0,0,0,0,0,0,Low Risk
Customer_01182,7,2026-08-05,Premium,high_value,14,213,25,20,100,75,100,92.5,17.8,18.75,5.066666666666663,1,1,0,1,0,0,0,25,Low Risk
Customer_01183,7,2026-08-01,Premium,high_value,19,214,14,23,100,75,100,92.5,19.0,,,1,1,0,0,0,0,0,0,Low Risk
Customer_01183,7,2026-08-02,Premium,high_value,20,167,16,32,100,75,75,87.5,19.5,19.0,-2.631578947368421,1,1,0,0,0,0,0,0,Low Risk
Customer_01183,7,2026-08-03,Premium,high_value,21,187,19,46,100,75,75,87.5,20.0,19.5,-2.564102564102564,1,1,0,0,1,0,0,20,Low Risk
Customer_01183,7,2026-08-04,Premium,high_value,19,207,19,40,100,75,75,87.5,19.75,20.0,1.25,1,1,0,0,0,0,0,0,Low Risk
Customer_01183,7,2026-08-05,Premium,high_value,20,178,27,39,100,75,75,87.5,19.8,19.75,-0.2531645569620289,1,1,0,1,0,0,0,25,Low Risk
Customer_01184,4,2026-08-01,Standard,mid_value,7,118,27,22,100,75,100,92.5,7.0,,,0,0,0,1,0,0,0,25,Low Risk
Customer_01184,4,2026-08-02,Standard,mid_value,13,98,5,33,75,100,75,82.5,10.0,7.0,-42.85714285714285,0,0,0,0,0,0,0,0,Low Risk
Customer_01184,4,2026-08-03,Standard,mid_value,14,112,14,50,100,75,75,87.5,11.333333333333334,10.0,-13.33333333333334,0,0,0,0,1,0,0,20,Low Risk
Customer_01184,4,2026-08-04,Standard,mid_value,10,91,10,29,75,100,100,87.5,11.0,11.333333333333334,2.9411764705882404,0,0,0,0,0,0,0,0,Low Risk
Customer_01184,4,2026-08-05,Standard,mid_value,8,96,1,19,75,100,100,87.5,10.4,11.0,5.454545454545452,0,0,0,0,0,0,0,0,Low Risk
Customer_01185,3,2026-08-01,Standard,mid_value,7,103,8,19,100,100,100,100.0,7.0,,,1,1,0,0,0,0,0,0,Low Risk
Customer_01185,3,2026-08-02,Standard,mid_value,12,95,22,40,75,75,75,75.0,9.5,7.0,-35.714285714285715,1,1,0,1,0,0,0,25,Low Risk
Customer_01185,3,2026-08-03,Standard,mid_value,8,109,2,11,100,100,100,100.0,9.0,9.5,5.263157894736842,1,1,0,0,0,0,0,0,Low Risk
Customer_01185,3,2026-08-04,Standard,mid_value,11,110,29,40,100,75,75,87.5,9.5,9.0,-5.555555555555555,1,1,0,1,0,0,0,25,Low Risk
Customer_01185,3,2026-08-05,Standard,mid_value,11,111,6,35,100,100,75,95.0,9.8,9.5,-3.157894736842113,1,1,0,0,0,0,0,0,Low Risk
Customer_01186,2,2026-08-01,Premium,high_value,22,175,2,41,100,100,75,95.0,22.0,,,1,1,0,0,1,0,0,20,Low Risk
Customer_01186,2,2026-08-02,Premium,high_value,18,205,3,13,100,100,100,100.0,20.0,22.0,9.090909090909092,1,1,0,0,0,0,0,0,Low Risk
Customer_01186,2,2026-08-03,Premium,high_value,13,217,12,49,100,75,75,87.5,17.666666666666668,20.0,11.66666666666666,1,1,0,0,1,0,0,20,Low Risk
Customer_01186,2,2026-08-04,Premium,high_value,18,190,5,39,100,100,75,95.0,17.75,17.666666666666668,-0.4716981132075404,1,1,0,0,0,0,0,0,Low Risk
Customer_01186,2,2026-08-05,Premium,high_value,17,230,27,29,100,75,100,92.5,17.6,17.75,0.8450704225352033,1,1,0,1,0,0,0,25,Low Risk
Customer_01187,8,2026-08-01,Standard,mid_value,12,83,27,44,75,75,75,75.0,12.0,,,1,1,0,1,1,0,0,45,Medium Risk
Customer_01187,8,2026-08-02,Standard,mid_value,14,99,13,31,75,75,75,75.0,13.0,12.0,-8.333333333333332,1,1,0,0,0,0,0,0,Low Risk
Customer_01187,8,2026-08-03,Standard,mid_value,11,88,28,15,75,75,100,80.0,12.333333333333334,13.0,5.128205128205124,1,1,0,1,0,0,0,25,Low Risk
Customer_01187,8,2026-08-04,Standard,mid_value,13,88,13,18,75,75,100,80.0,12.5,12.333333333333334,-1.3513513513513469,1,1,0,0,0,0,0,0,Low Risk
Customer_01187,8,2026-08-05,Standard,mid_value,7,90,21,42,75,75,75,75.0,11.4,12.5,8.799999999999997,1,1,0,1,1,0,0,45,Medium Risk
Customer_01188,2,2026-08-01,Standard,mid_value,10,85,27,40,75,75,75,75.0,10.0,,,0,0,0,1,0,0,0,25,Low Risk
Customer_01188,2,2026-08-02,Standard,mid_value,6,82,27,16,75,75,100,80.0,8.0,10.0,20.0,0,0,0,1,0,0,0,25,Low Risk
Customer_01188,2,2026-08-03,Standard,mid_value,8,111,16,35,100,75,75,87.5,8.0,8.0,0.0,0,0,0,0,0,0,0,0,Low Risk
Customer_01188,2,2026-08-04,Standard,mid_value,15,92,0,31,75,100,75,82.5,9.75,8.0,-21.875,0,0,0,0,0,0,0,0,Low Risk
Customer_01188,2,2026-08-05,Standard,mid_value,12,117,4,20,100,100,100,100.0,10.2,9.75,-4.615384615384608,0,0,0,0,0,0,0,0,Low Risk
Customer_01189,8,2026-08-01,Basic,low_value,3,60,22,49,75,75,75,75.0,3.0,,,0,0,0,1,1,0,0,45,Medium Risk
Customer_01189,8,2026-08-02,Basic,low_value,2,54,1,41,75,100,75,82.5,2.5,3.0,16.666666666666664,0,0,0,0,1,0,0,20,Low Risk
Customer_01189,8,2026-08-03,Basic,low_value,3,58,12,46,75,75,75,75.0,2.6666666666666665,2.5,-6.666666666666661,0,0,0,0,1,0,0,20,Low Risk
Customer_01189,8,2026-08-04,Basic,low_value,4,43,2,27,50,100,100,75.0,3.0,2.6666666666666665,-12.500000000000004,0,0,0,0,0,0,0,0,Low Risk
Customer_01189,8,2026-08-05,Basic,low_value,2,50,14,48,75,75,75,75.0,2.8,3.0,6.666666666666672,0,0,0,0,1,0,0,20,Low Risk
Customer_01190,6,2026-08-01,Premium,high_value,16,201,26,42,100,75,75,87.5,16.0,,,0,0,0,1,1,0,0,45,Medium Risk
Customer_01190,6,2026-08-02,Premium,high_value,22,239,21,11,100,75,100,92.5,19.0,16.0,-18.75,0,0,0,1,0,0,0,25,Low Risk
Customer_01190,6,2026-08-03,Premium,high_value,23,242,19,29,100,75,100,92.5,20.33333333333333,19.0,-7.017543859649117,0,0,0,0,0,0,0,0,Low Risk
Customer_01190,6,2026-08-04,Premium,high_value,25,247,11,39,100,75,75,87.5,21.5,20.33333333333333,-5.737704918032794,0,0,0,0,0,0,0,0,Low Risk
Customer_01190,6,2026-08-05,Premium,high_value,14,231,13,37,100,75,75,87.5,20.0,21.5,6.976744186046512,0,0,0,0,0,0,0,0,Low Risk
Customer_01191,1,2026-08-01,Standard,mid_value,10,118,4,39,100,100,75,95.0,10.0,,,1,1,0,0,0,0,0,0,Low Risk
Customer_01191,1,2026-08-02,Standard,mid_value,9,107,29,46,100,75,75,87.5,9.5,10.0,5.0,1,1,0,1,1,0,0,45,Medium Risk
Customer_01191,1,2026-08-03,Standard,mid_value,12,99,7,13,75,100,100,87.5,10.333333333333334,9.5,-8.77192982456141,1,1,0,0,0,0,0,0,Low Risk
Customer_01191,1,2026-08-04,Standard,mid_value,7,98,19,44,75,75,75,75.0,9.5,10.333333333333334,8.064516129032263,1,1,0,0,1,0,0,20,Low Risk
Customer_01191,1,2026-08-05,Standard,mid_value,6,88,27,19,75,75,100,80.0,8.8,9.5,7.368421052631572,1,1,0,1,0,0,0,25,Low Risk
Customer_01192,1,2026-08-01,Premium,high_value,21,234,2,21,100,100,100,100.0,21.0,,,0,0,0,0,0,0,0,0,Low Risk
Customer_01192,1,2026-08-02,Premium,high_value,20,167,4,12,100,100,100,100.0,20.5,21.0,2.380952380952381,0,0,0,0,0,0,0,0,Low Risk
Customer_01192,1,2026-08-03,Premium,high_value,20,158,4,43,100,100,75,95.0,20.33333333333333,20.5,0.8130081300813066,0,0,0,0,1,0,0,20,Low Risk
Customer_01192,1,2026-08-04,Premium,high_value,13,170,12,34,100,75,75,87.5,18.5,20.33333333333333,9.016393442622944,0,0,0,0,0,0,0,0,Low Risk
Customer_01192,1,2026-08-05,Premium,high_value,19,181,2,16,100,100,100,100.0,18.6,18.5,-0.5405405405405482,0,0,0,0,0,0,0,0,Low Risk
Customer_01193,6,2026-08-01,Standard,mid_value,8,85,2,17,75,100,100,87.5,8.0,,,0,0,0,0,0,0,0,0,Low Risk
Customer_01193,6,2026-08-02,Standard,mid_value,11,87,13,19,75,75,100,80.0,9.5,8.0,-18.75,0,0,0,0,0,0,0,0,Low Risk
Customer_01193,6,2026-08-03,Standard,mid_value,15,116,11,40,100,75,75,87.5,11.333333333333334,9.5,-19.298245614035096,0,0,0,0,0,0,0,0,Low Risk
Customer_01193,6,2026-08-04,Standard,mid_value,10,116,4,21,100,100,100,100.0,11.0,11.333333333333334,2.9411764705882404,0,0,0,0,0,0,0,0,Low Risk
Customer_01193,6,2026-08-05,Standard,mid_value,8,91,15,10,75,75,100,80.0,10.4,11.0,5.454545454545452,0,0,0,0,0,0,0,0,Low Risk
Customer_01194,5,2026-08-01,Standard,mid_value,6,98,26,38,75,75,75,75.0,6.0,,,1,1,0,1,0,0,0,25,Low Risk
Customer_01194,5,2026-08-02,Standard,mid_value,14,91,20,25,75,75,100,80.0,10.0,6.0,-66.66666666666666,1,1,0,0,0,0,0,0,Low Risk
Customer_01194,5,2026-08-03,Standard,mid_value,11,81,9,36,75,100,75,82.5,10.333333333333334,10.0,-3.33333333333334,1,1,0,0,0,0,0,0,Low Risk
Customer_01194,5,2026-08-04,Standard,mid_value,5,119,10,21,100,100,100,100.0,9.0,10.333333333333334,12.903225806451616,1,1,0,0,0,0,0,0,Low Risk
Customer_01194,5,2026-08-05,Standard,mid_value,7,109,7,33,100,100,75,95.0,8.6,9.0,4.444444444444448,1,1,0,0,0,0,0,0,Low Risk
Customer_01195,8,2026-08-01,Standard,mid_value,12,116,6,40,100,100,75,95.0,12.0,,,1,1,0,0,0,0,0,0,Low Risk
Customer_01195,8,2026-08-02,Standard,mid_value,9,82,25,21,75,75,100,80.0,10.5,12.0,12.5,1,1,0,1,0,0,0,25,Low Risk
Customer_01195,8,2026-08-03,Standard,mid_value,9,94,18,32,75,75,75,75.0,10.0,10.5,4.761904761904762,1,1,0,0,0,0,0,0,Low Risk
Customer_01195,8,2026-08-04,Standard,mid_value,8,103,24,11,100,75,100,92.5,9.5,10.0,5.0,1,1,0,1,0,0,0,25,Low Risk
Customer_01195,8,2026-08-05,Standard,mid_value,6,109,27,14,100,75,100,92.5,8.8,9.5,7.368421052631572,1,1,0,1,0,0,0,25,Low Risk
Customer_01196,9,2026-08-01,Standard,mid_value,13,83,2,16,75,100,100,87.5,13.0,,,1,1,0,0,0,0,0,0,Low Risk
Customer_01196,9,2026-08-02,Standard,mid_value,14,84,0,45,75,100,75,82.5,13.5,13.0,-3.8461538461538463,1,1,0,0,1,0,0,20,Low Risk
Customer_01196,9,2026-08-03,Standard,mid_value,13,115,28,50,100,75,75,87.5,13.333333333333334,13.5,1.2345679012345634,1,1,0,1,1,0,0,45,Medium Risk
Customer_01196,9,2026-08-04,Standard,mid_value,12,101,6,38,100,100,75,95.0,13.0,13.333333333333334,2.5000000000000044,1,1,0,0,0,0,0,0,Low Risk
Customer_01196,9,2026-08-05,Standard,mid_value,12,89,13,36,75,75,75,75.0,12.8,13.0,1.538461538461533,1,1,0,0,0,0,0,0,Low Risk
Customer_01197,3,2026-08-01,Premium,high_value,12,172,17,25,100,75,100,92.5,12.0,,,0,0,0,0,0,0,0,0,Low Risk
Customer_01197,3,2026-08-02,Premium,high_value,15,167,4,26,100,100,100,100.0,13.5,12.0,-12.5,0,0,0,0,0,0,0,0,Low Risk
Customer_01197,3,2026-08-03,Premium,high_value,19,179,2,17,100,100,100,100.0,15.333333333333334,13.5,-13.580246913580252,0,0,0,0,0,0,0,0,Low Risk
Customer_01197,3,2026-08-04,Premium,high_value,15,211,26,39,100,75,75,87.5,15.25,15.333333333333334,0.543478260869569,0,0,0,1,0,0,0,25,Low Risk
Customer_01197,3,2026-08-05,Premium,high_value,14,215,13,31,100,75,75,87.5,15.0,15.25,1.639344262295082,0,0,0,0,0,0,0,0,Low Risk
Customer_01198,2,2026-08-01,Premium,high_value,23,208,21,22,100,75,100,92.5,23.0,,,1,1,0,1,0,0,0,25,Low Risk
Customer_01198,2,2026-08-02,Premium,high_value,14,197,8,15,100,100,100,100.0,18.5,23.0,19.565217391304348,1,1,0,0,0,0,0,0,Low Risk
Customer_01198,2,2026-08-03,Premium,high_value,12,248,16,34,100,75,75,87.5,16.333333333333332,18.5,11.711711711711718,1,1,0,0,0,0,0,0,Low Risk
Customer_01198,2,2026-08-04,Premium,high_value,18,206,20,16,100,75,100,92.5,16.75,16.333333333333332,-2.551020408163273,1,1,0,0,0,0,0,0,Low Risk
Customer_01198,2,2026-08-05,Premium,high_value,13,247,7,26,100,100,100,100.0,16.0,16.75,4.477611940298507,1,1,0,0,0,0,0,0,Low Risk
Customer_01199,4,2026-08-01,Premium,high_value,11,246,22,38,100,75,75,87.5,11.0,,,0,0,0,1,0,0,0,25,Low Risk
Customer_01199,4,2026-08-02,Premium,high_value,21,214,16,29,100,75,100,92.5,16.0,11.0,-45.45454545454545,0,0,0,0,0,0,0,0,Low Risk
Customer_01199,4,2026-08-03,Premium,high_value,25,249,12,32,100,75,75,87.5,19.0,16.0,-18.75,0,0,0,0,0,0,0,0,Low Risk
Customer_01199,4,2026-08-04,Premium,high_value,13,221,30,41,100,75,75,87.5,17.5,19.0,7.894736842105263,0,0,0,1,1,0,0,45,Medium Risk
Customer_01199,4,2026-08-05,Premium,high_value,18,193,25,18,100,75,100,92.5,17.6,17.5,-0.5714285714285796,0,0,0,1,0,0,0,25,Low Risk
Customer_01200,10,2026-08-01,Premium,high_value,21,224,26,28,100,75,100,92.5,21.0,,,1,1,0,1,0,0,0,25,Low Risk
Customer_01200,10,2026-08-02,Premium,high_value,12,224,24,35,100,75,75,87.5,16.5,21.0,21.428571428571427,1,1,0,1,0,0,0,25,Low Risk
Customer_01200,10,2026-08-03,Premium,high_value,15,157,16,14,100,75,100,92.5,16.0,16.5,3.0303030303030303,1,1,0,0,0,0,0,0,Low Risk
Customer_01200,10,2026-08-04,Premium,high_value,14,171,8,17,100,100,100,100.0,15.5,16.0,3.125,1,1,0,0,0,0,0,0,Low Risk
Customer_01200,10,2026-08-05,Premium,high_value,13,215,21,32,100,75,75,87.5,15.0,15.5,3.225806451612903,1,1,0,1,0,0,0,25,Low Risk
Customer_01201,4,2026-08-01,Premium,high_value,20,190,30,25,100,75,100,92.5,20.0,,,1,1,0,1,0,0,0,25,Low Risk
Customer_01201,4,2026-08-02,Premium,high_value,19,207,13,39,100,75,75,87.5,19.5,20.0,2.5,1,1,0,0,0,0,0,0,Low Risk
Customer_01201,4,2026-08-03,Premium,high_value,13,159,17,29,100,75,100,92.5,17.333333333333332,19.5,11.111111111111118,1,1,0,0,0,0,0,0,Low Risk
Customer_01201,4,2026-08-04,Premium,high_value,13,181,13,45,100,75,75,87.5,16.25,17.333333333333332,6.249999999999994,1,1,0,0,1,0,0,20,Low Risk
Customer_01201,4,2026-08-05,Premium,high_value,11,222,7,13,100,100,100,100.0,15.2,16.25,6.461538461538466,1,1,0,0,0,0,0,0,Low Risk
Customer_01202,3,2026-08-01,Premium,high_value,21,199,25,38,100,75,75,87.5,21.0,,,1,1,0,1,0,0,0,25,Low Risk
Customer_01202,3,2026-08-02,Premium,high_value,22,240,10,30,100,100,100,100.0,21.5,21.0,-2.380952380952381,1,1,0,0,0,0,0,0,Low Risk
Customer_01202,3,2026-08-03,Premium,high_value,24,170,1,27,100,100,100,100.0,22.33333333333333,21.5,-3.875968992248057,1,1,0,0,0,0,0,0,Low Risk
Customer_01202,3,2026-08-04,Premium,high_value,14,217,23,45,100,75,75,87.5,20.25,22.33333333333333,9.32835820895522,1,1,0,1,1,0,0,45,Medium Risk
Customer_01202,3,2026-08-05,Premium,high_value,11,183,14,17,100,75,100,92.5,18.4,20.25,9.13580246913581,1,1,0,0,0,0,0,0,Low Risk
Customer_01203,1,2026-08-01,Standard,mid_value,8,100,20,44,100,75,75,87.5,8.0,,,1,1,0,0,1,0,0,20,Low Risk
Customer_01203,1,2026-08-02,Standard,mid_value,11,108,24,48,100,75,75,87.5,9.5,8.0,-18.75,1,1,0,1,1,0,0,45,Medium Risk
Customer_01203,1,2026-08-03,Standard,mid_value,10,87,26,20,75,75,100,80.0,9.666666666666666,9.5,-1.7543859649122744,1,1,0,1,0,0,0,25,Low Risk
Customer_01203,1,2026-08-04,Standard,mid_value,7,89,18,22,75,75,100,80.0,9.0,9.666666666666666,6.896551724137925,1,1,0,0,0,0,0,0,Low Risk
Customer_01203,1,2026-08-05,Standard,mid_value,11,100,28,32,100,75,75,87.5,9.4,9.0,-4.444444444444448,1,1,0,1,0,0,0,25,Low Risk
Customer_01204,1,2026-08-01,Standard,mid_value,12,87,19,21,75,75,100,80.0,12.0,,,1,1,0,0,0,0,0,0,Low Risk
Customer_01204,1,2026-08-02,Standard,mid_value,8,106,0,22,100,100,100,100.0,10.0,12.0,16.666666666666664,1,1,0,0,0,0,0,0,Low Risk
Customer_01204,1,2026-08-03,Standard,mid_value,6,81,3,19,75,100,100,87.5,8.666666666666666,10.0,13.33333333333334,1,1,0,0,0,0,0,0,Low Risk
Customer_01204,1,2026-08-04,Standard,mid_value,14,97,3,46,75,100,75,82.5,10.0,8.666666666666666,-15.384615384615394,1,1,0,0,1,0,0,20,Low Risk
Customer_01204,1,2026-08-05,Standard,mid_value,5,94,5,50,75,100,75,82.5,9.0,10.0,10.0,1,1,0,0,1,0,0,20,Low Risk
Customer_01205,3,2026-08-01,Premium,high_value,18,181,10,35,100,100,75,95.0,18.0,,,1,1,0,0,0,0,0,0,Low Risk
Customer_01205,3,2026-08-02,Premium,high_value,18,232,22,13,100,75,100,92.5,18.0,18.0,0.0,1,1,0,1,0,0,0,25,Low Risk
Customer_01205,3,2026-08-03,Premium,high_value,14,215,14,19,100,75,100,92.5,16.666666666666668,18.0,7.407407407407401,1,1,0,0,0,0,0,0,Low Risk
Customer_01205,3,2026-08-04,Premium,high_value,23,234,12,31,100,75,75,87.5,18.25,16.666666666666668,-9.499999999999991,1,1,0,0,0,0,0,0,Low Risk
Customer_01205,3,2026-08-05,Premium,high_value,15,209,29,38,100,75,75,87.5,17.6,18.25,3.561643835616431,1,1,0,1,0,0,0,25,Low Risk
Customer_01206,7,2026-08-01,Premium,high_value,17,243,20,18,100,75,100,92.5,17.0,,,1,1,0,0,0,0,0,0,Low Risk
Customer_01206,7,2026-08-02,Premium,high_value,17,167,18,37,100,75,75,87.5,17.0,17.0,0.0,1,1,0,0,0,0,0,0,Low Risk
Customer_01206,7,2026-08-03,Premium,high_value,13,210,5,25,100,100,100,100.0,15.666666666666666,17.0,7.843137254901965,1,1,0,0,0,0,0,0,Low Risk
Customer_01206,7,2026-08-04,Premium,high_value,14,182,24,47,100,75,75,87.5,15.25,15.666666666666666,2.659574468085103,1,1,0,1,1,0,0,45,Medium Risk
Customer_01206,7,2026-08-05,Premium,high_value,15,220,19,34,100,75,75,87.5,15.2,15.25,0.327868852459021,1,1,0,0,0,0,0,0,Low Risk
Customer_01207,8,2026-08-01,Premium,high_value,15,228,30,45,100,75,75,87.5,15.0,,,1,1,0,1,1,0,0,45,Medium Risk
Customer_01207,8,2026-08-02,Premium,high_value,12,237,30,30,100,75,100,92.5,13.5,15.0,10.0,1,1,0,1,0,0,0,25,Low Risk
Customer_01207,8,2026-08-03,Premium,high_value,12,240,22,46,100,75,75,87.5,13.0,13.5,3.7037037037037033,1,1,0,1,1,0,0,45,Medium Risk
Customer_01207,8,2026-08-04,Premium,high_value,22,239,25,42,100,75,75,87.5,15.25,13.0,-17.307692307692307,1,1,0,1,1,0,0,45,Medium Risk
Customer_01207,8,2026-08-05,Premium,high_value,15,178,28,17,100,75,100,92.5,15.2,15.25,0.327868852459021,1,1,0,1,0,0,0,25,Low Risk
Customer_01208,10,2026-08-01,Standard,mid_value,8,101,8,30,100,100,100,100.0,8.0,,,0,0,0,0,0,0,0,0,Low Risk
Customer_01208,10,2026-08-02,Standard,mid_value,10,106,21,44,100,75,75,87.5,9.0,8.0,-12.5,0,0,0,1,1,0,0,45,Medium Risk
Customer_01208,10,2026-08-03,Standard,mid_value,10,87,5,22,75,100,100,87.5,9.333333333333334,9.0,-3.7037037037037104,0,0,0,0,0,0,0,0,Low Risk
Customer_01208,10,2026-08-04,Standard,mid_value,6,93,4,42,75,100,75,82.5,8.5,9.333333333333334,8.928571428571434,0,0,0,0,1,0,0,20,Low Risk
Customer_01208,10,2026-08-05,Standard,mid_value,6,107,4,15,100,100,100,100.0,8.0,8.5,5.88235294117647,0,0,0,0,0,0,0,0,Low Risk
Customer_01209,1,2026-08-01,Standard,mid_value,7,92,8,40,75,100,75,82.5,7.0,,,0,0,0,0,0,0,0,0,Low Risk
Customer_01209,1,2026-08-02,Standard,mid_value,8,112,16,15,100,75,100,92.5,7.5,7.0,-7.142857142857142,0,0,0,0,0,0,0,0,Low Risk
Customer_01209,1,2026-08-03,Standard,mid_value,9,95,11,29,75,75,100,80.0,8.0,7.5,-6.666666666666667,0,0,0,0,0,0,0,0,Low Risk
Customer_01209,1,2026-08-04,Standard,mid_value,11,83,6,27,75,100,100,87.5,8.75,8.0,-9.375,0,0,0,0,0,0,0,0,Low Risk
Customer_01209,1,2026-08-05,Standard,mid_value,14,108,19,26,100,75,100,92.5,9.8,8.75,-12.000000000000009,0,0,0,0,0,0,0,0,Low Risk
Customer_01210,1,2026-08-01,Premium,high_value,17,161,1,46,100,100,75,95.0,17.0,,,1,1,0,0,1,0,0,20,Low Risk
Customer_01210,1,2026-08-02,Premium,high_value,22,230,28,17,100,75,100,92.5,19.5,17.0,-14.705882352941178,1,1,0,1,0,0,0,25,Low Risk
Customer_01210,1,2026-08-03,Premium,high_value,11,212,10,43,100,100,75,95.0,16.666666666666668,19.5,14.529914529914524,1,1,0,0,1,0,0,20,Low Risk
Customer_01210,1,2026-08-04,Premium,high_value,15,160,30,21,100,75,100,92.5,16.25,16.666666666666668,2.500000000000007,1,1,0,1,0,0,0,25,Low Risk
Customer_01210,1,2026-08-05,Premium,high_value,24,203,19,36,100,75,75,87.5,17.8,16.25,-9.538461538461544,1,1,0,0,0,0,0,0,Low Risk
Customer_01211,8,2026-08-01,Premium,high_value,24,244,18,34,100,75,75,87.5,24.0,,,0,0,0,0,0,0,0,0,Low Risk
Customer_01211,8,2026-08-02,Premium,high_value,11,172,29,42,100,75,75,87.5,17.5,24.0,27.08333333333333,0,0,0,1,1,0,0,45,Medium Risk
Customer_01211,8,2026-08-03,Premium,high_value,16,170,8,30,100,100,100,100.0,17.0,17.5,2.857142857142857,0,0,0,0,0,0,0,0,Low Risk
Customer_01211,8,2026-08-04,Premium,high_value,16,200,29,20,100,75,100,92.5,16.75,17.0,1.4705882352941175,0,0,0,1,0,0,0,25,Low Risk
Customer_01211,8,2026-08-05,Premium,high_value,13,181,17,13,100,75,100,92.5,16.0,16.75,4.477611940298507,0,0,0,0,0,0,0,0,Low Risk
Customer_01212,1,2026-08-01,Premium,high_value,13,239,14,19,100,75,100,92.5,13.0,,,0,0,0,0,0,0,0,0,Low Risk
Customer_01212,1,2026-08-02,Premium,high_value,24,181,0,36,100,100,75,95.0,18.5,13.0,-42.30769230769231,0,0,0,0,0,0,0,0,Low Risk
Customer_01212,1,2026-08-03,Premium,high_value,12,191,15,40,100,75,75,87.5,16.333333333333332,18.5,11.711711711711718,0,0,0,0,0,0,0,0,Low Risk
Customer_01212,1,2026-08-04,Premium,high_value,22,160,17,27,100,75,100,92.5,17.75,16.333333333333332,-8.67346938775511,0,0,0,0,0,0,0,0,Low Risk
Customer_01212,1,2026-08-05,Premium,high_value,16,197,27,21,100,75,100,92.5,17.4,17.75,1.971830985915501,0,0,0,1,0,0,0,25,Low Risk
Customer_01213,7,2026-08-01,Premium,high_value,21,240,4,43,100,100,75,95.0,21.0,,,1,1,0,0,1,0,0,20,Low Risk
Customer_01213,7,2026-08-02,Premium,high_value,25,212,29,33,100,75,75,87.5,23.0,21.0,-9.523809523809524,1,1,0,1,0,0,0,25,Low Risk
Customer_01213,7,2026-08-03,Premium,high_value,18,202,28,11,100,75,100,92.5,21.33333333333333,23.0,7.246376811594208,1,1,0,1,0,0,0,25,Low Risk
Customer_01213,7,2026-08-04,Premium,high_value,21,215,29,12,100,75,100,92.5,21.25,21.33333333333333,0.3906249999999944,1,1,0,1,0,0,0,25,Low Risk
Customer_01213,7,2026-08-05,Premium,high_value,23,243,21,33,100,75,75,87.5,21.6,21.25,-1.6470588235294186,1,1,0,1,0,0,0,25,Low Risk
Customer_01214,2,2026-08-01,Standard,mid_value,6,116,10,27,100,100,100,100.0,6.0,,,0,0,0,0,0,0,0,0,Low Risk
Customer_01214,2,2026-08-02,Standard,mid_value,13,113,16,39,100,75,75,87.5,9.5,6.0,-58.333333333333336,0,0,0,0,0,0,0,0,Low Risk
Customer_01214,2,2026-08-03,Standard,mid_value,14,84,6,43,75,100,75,82.5,11.0,9.5,-15.789473684210526,0,0,0,0,1,0,0,20,Low Risk
Customer_01214,2,2026-08-04,Standard,mid_value,13,100,21,30,100,75,100,92.5,11.5,11.0,-4.545454545454546,0,0,0,1,0,0,0,25,Low Risk
Customer_01214,2,2026-08-05,Standard,mid_value,9,90,3,28,75,100,100,87.5,11.0,11.5,4.3478260869565215,0,0,0,0,0,0,0,0,Low Risk
Customer_01215,2,2026-08-01,Premium,high_value,23,248,7,16,100,100,100,100.0,23.0,,,1,1,0,0,0,0,0,0,Low Risk
Customer_01215,2,2026-08-02,Premium,high_value,19,225,13,48,100,75,75,87.5,21.0,23.0,8.695652173913043,1,1,0,0,1,0,0,20,Low Risk
Customer_01215,2,2026-08-03,Premium,high_value,14,156,25,49,100,75,75,87.5,18.666666666666668,21.0,11.111111111111104,1,1,0,1,1,0,0,45,Medium Risk
Customer_01215,2,2026-08-04,Premium,high_value,22,185,23,16,100,75,100,92.5,19.5,18.666666666666668,-4.464285714285707,1,1,0,1,0,0,0,25,Low Risk
Customer_01215,2,2026-08-05,Premium,high_value,15,191,25,25,100,75,100,92.5,18.6,19.5,4.615384615384608,1,1,0,1,0,0,0,25,Low Risk
Customer_01216,3,2026-08-01,Standard,mid_value,11,84,6,37,75,100,75,82.5,11.0,,,1,1,0,0,0,0,0,0,Low Risk
Customer_01216,3,2026-08-02,Standard,mid_value,15,118,2,40,100,100,75,95.0,13.0,11.0,-18.181818181818183,1,1,0,0,0,0,0,0,Low Risk
Customer_01216,3,2026-08-03,Standard,mid_value,7,103,22,15,100,75,100,92.5,11.0,13.0,15.384615384615383,1,1,0,1,0,0,0,25,Low Risk
Customer_01216,3,2026-08-04,Standard,mid_value,13,92,1,14,75,100,100,87.5,11.5,11.0,-4.545454545454546,1,1,0,0,0,0,0,0,Low Risk
Customer_01216,3,2026-08-05,Standard,mid_value,8,82,16,20,75,75,100,80.0,10.8,11.5,6.086956521739125,1,1,0,0,0,0,0,0,Low Risk
Customer_01217,8,2026-08-01,Premium,high_value,17,196,16,25,100,75,100,92.5,17.0,,,0,0,0,0,0,0,0,0,Low Risk
Customer_01217,8,2026-08-02,Premium,high_value,12,230,19,23,100,75,100,92.5,14.5,17.0,14.705882352941178,0,0,0,0,0,0,0,0,Low Risk
Customer_01217,8,2026-08-03,Premium,high_value,13,192,14,20,100,75,100,92.5,14.0,14.5,3.4482758620689653,0,0,0,0,0,0,0,0,Low Risk
Customer_01217,8,2026-08-04,Premium,high_value,13,166,14,29,100,75,100,92.5,13.75,14.0,1.7857142857142856,0,0,0,0,0,0,0,0,Low Risk
Customer_01217,8,2026-08-05,Premium,high_value,15,197,3,37,100,100,75,95.0,14.0,13.75,-1.818181818181818,0,0,0,0,0,0,0,0,Low Risk
Customer_01218,10,2026-08-01,Premium,high_value,22,194,19,24,100,75,100,92.5,22.0,,,1,1,0,0,0,0,0,0,Low Risk
Customer_01218,10,2026-08-02,Premium,high_value,18,231,23,21,100,75,100,92.5,20.0,22.0,9.090909090909092,1,1,0,1,0,0,0,25,Low Risk
Customer_01218,10,2026-08-03,Premium,high_value,11,229,16,20,100,75,100,92.5,17.0,20.0,15.0,1,1,0,0,0,0,0,0,Low Risk
Customer_01218,10,2026-08-04,Premium,high_value,14,151,4,19,100,100,100,100.0,16.25,17.0,4.411764705882353,1,1,0,0,0,0,0,0,Low Risk
Customer_01218,10,2026-08-05,Premium,high_value,25,159,20,35,100,75,75,87.5,18.0,16.25,-10.76923076923077,1,1,0,0,0,0,0,0,Low Risk
Customer_01219,2,2026-08-01,Premium,high_value,22,204,2,49,100,100,75,95.0,22.0,,,0,0,0,0,1,0,0,20,Low Risk
Customer_01219,2,2026-08-02,Premium,high_value,18,179,6,28,100,100,100,100.0,20.0,22.0,9.090909090909092,0,0,0,0,0,0,0,0,Low Risk
Customer_01219,2,2026-08-03,Premium,high_value,20,228,3,48,100,100,75,95.0,20.0,20.0,0.0,0,0,0,0,1,0,0,20,Low Risk
Customer_01219,2,2026-08-04,Premium,high_value,13,217,19,20,100,75,100,92.5,18.25,20.0,8.75,0,0,0,0,0,0,0,0,Low Risk
Customer_01219,2,2026-08-05,Premium,high_value,18,243,20,35,100,75,75,87.5,18.2,18.25,0.2739726027397299,0,0,0,0,0,0,0,0,Low Risk
Customer_01220,10,2026-08-01,Premium,high_value,11,179,21,14,100,75,100,92.5,11.0,,,0,0,0,1,0,0,0,25,Low Risk
Customer_01220,10,2026-08-02,Premium,high_value,20,228,9,28,100,100,100,100.0,15.5,11.0,-40.909090909090914,0,0,0,0,0,0,0,0,Low Risk
Customer_01220,10,2026-08-03,Premium,high_value,18,150,23,16,100,75,100,92.5,16.333333333333332,15.5,-5.376344086021498,0,0,0,1,0,0,0,25,Low Risk
Customer_01220,10,2026-08-04,Premium,high_value,17,202,13,27,100,75,100,92.5,16.5,16.333333333333332,-1.0204081632653137,0,0,0,0,0,0,0,0,Low Risk
Customer_01220,10,2026-08-05,Premium,high_value,23,226,22,48,100,75,75,87.5,17.8,16.5,-7.878787878787883,0,0,0,1,1,0,0,45,Medium Risk
Customer_01221,1,2026-08-01,Premium,high_value,20,207,26,22,100,75,100,92.5,20.0,,,0,0,0,1,0,0,0,25,Low Risk
Customer_01221,1,2026-08-02,Premium,high_value,18,231,20,49,100,75,75,87.5,19.0,20.0,5.0,0,0,0,0,1,0,0,20,Low Risk
Customer_01221,1,2026-08-03,Premium,high_value,23,163,29,39,100,75,75,87.5,20.33333333333333,19.0,-7.017543859649117,0,0,0,1,0,0,0,25,Low Risk
Customer_01221,1,2026-08-04,Premium,high_value,16,241,16,44,100,75,75,87.5,19.25,20.33333333333333,5.327868852459011,0,0,0,0,1,0,0,20,Low Risk
Customer_01221,1,2026-08-05,Premium,high_value,13,170,22,35,100,75,75,87.5,18.0,19.25,6.493506493506493,0,0,0,1,0,0,0,25,Low Risk
Customer_01222,5,2026-08-01,Premium,high_value,17,173,6,46,100,100,75,95.0,17.0,,,0,0,0,0,1,0,0,20,Low Risk
Customer_01222,5,2026-08-02,Premium,high_value,23,200,16,30,100,75,100,92.5,20.0,17.0,-17.647058823529413,0,0,0,0,0,0,0,0,Low Risk
Customer_01222,5,2026-08-03,Premium,high_value,24,250,19,28,100,75,100,92.5,21.33333333333333,20.0,-6.666666666666661,0,0,0,0,0,0,0,0,Low Risk
Customer_01222,5,2026-08-04,Premium,high_value,16,216,26,22,100,75,100,92.5,20.0,21.33333333333333,6.249999999999995,0,0,0,1,0,0,0,25,Low Risk
Customer_01222,5,2026-08-05,Premium,high_value,13,160,12,26,100,75,100,92.5,18.6,20.0,6.999999999999992,0,0,0,0,0,0,0,0,Low Risk
Customer_01223,3,2026-08-01,Premium,high_value,16,195,30,17,100,75,100,92.5,16.0,,,1,1,0,1,0,0,0,25,Low Risk
Customer_01223,3,2026-08-02,Premium,high_value,19,207,9,14,100,100,100,100.0,17.5,16.0,-9.375,1,1,0,0,0,0,0,0,Low Risk
Customer_01223,3,2026-08-03,Premium,high_value,19,174,21,18,100,75,100,92.5,18.0,17.5,-2.857142857142857,1,1,0,1,0,0,0,25,Low Risk
Customer_01223,3,2026-08-04,Premium,high_value,21,207,4,30,100,100,100,100.0,18.75,18.0,-4.166666666666666,1,1,0,0,0,0,0,0,Low Risk
Customer_01223,3,2026-08-05,Premium,high_value,24,198,26,23,100,75,100,92.5,19.8,18.75,-5.600000000000003,1,1,0,1,0,0,0,25,Low Risk
Customer_01224,9,2026-08-01,Standard,mid_value,7,95,6,17,75,100,100,87.5,7.0,,,0,0,0,0,0,0,0,0,Low Risk
Customer_01224,9,2026-08-02,Standard,mid_value,13,105,10,17,100,100,100,100.0,10.0,7.0,-42.85714285714285,0,0,0,0,0,0,0,0,Low Risk
Customer_01224,9,2026-08-03,Standard,mid_value,8,119,23,18,100,75,100,92.5,9.333333333333334,10.0,6.666666666666661,0,0,0,1,0,0,0,25,Low Risk
Customer_01224,9,2026-08-04,Standard,mid_value,8,119,20,48,100,75,75,87.5,9.0,9.333333333333334,3.5714285714285774,0,0,0,0,1,0,0,20,Low Risk
Customer_01224,9,2026-08-05,Standard,mid_value,9,113,20,13,100,75,100,92.5,9.0,9.0,0.0,0,0,0,0,0,0,0,0,Low Risk
Customer_01225,4,2026-08-01,Premium,high_value,22,225,28,16,100,75,100,92.5,22.0,,,1,1,0,1,0,0,0,25,Low Risk
Customer_01225,4,2026-08-02,Premium,high_value,19,187,10,32,100,100,75,95.0,20.5,22.0,6.8181818181818175,1,1,0,0,0,0,0,0,Low Risk
Customer_01225,4,2026-08-03,Premium,high_value,20,176,26,12,100,75,100,92.5,20.33333333333333,20.5,0.8130081300813066,1,1,0,1,0,0,0,25,Low Risk
Customer_01225,4,2026-08-04,Premium,high_value,17,250,14,11,100,75,100,92.5,19.5,20.33333333333333,4.098360655737699,1,1,0,0,0,0,0,0,Low Risk
Customer_01225,4,2026-08-05,Premium,high_value,16,208,29,26,100,75,100,92.5,18.8,19.5,3.589743589743586,1,1,0,1,0,0,0,25,Low Risk
Customer_01226,5,2026-08-01,Premium,high_value,23,164,14,27,100,75,100,92.5,23.0,,,0,0,0,0,0,0,0,0,Low Risk
Customer_01226,5,2026-08-02,Premium,high_value,25,178,15,20,100,75,100,92.5,24.0,23.0,-4.3478260869565215,0,0,0,0,0,0,0,0,Low Risk
Customer_01226,5,2026-08-03,Premium,high_value,16,202,7,28,100,100,100,100.0,21.33333333333333,24.0,11.111111111111116,0,0,0,0,0,0,0,0,Low Risk
Customer_01226,5,2026-08-04,Premium,high_value,16,230,6,25,100,100,100,100.0,20.0,21.33333333333333,6.249999999999995,0,0,0,0,0,0,0,0,Low Risk
Customer_01226,5,2026-08-05,Premium,high_value,15,190,4,13,100,100,100,100.0,19.0,20.0,5.0,0,0,0,0,0,0,0,0,Low Risk
Customer_01227,2,2026-08-01,Premium,high_value,21,179,14,15,100,75,100,92.5,21.0,,,0,0,0,0,0,0,0,0,Low Risk
Customer_01227,2,2026-08-02,Premium,high_value,21,210,14,36,100,75,75,87.5,21.0,21.0,0.0,0,0,0,0,0,0,0,0,Low Risk
Customer_01227,2,2026-08-03,Premium,high_value,12,221,27,46,100,75,75,87.5,18.0,21.0,14.285714285714285,0,0,0,1,1,0,0,45,Medium Risk
Customer_01227,2,2026-08-04,Premium,high_value,24,205,21,30,100,75,100,92.5,19.5,18.0,-8.333333333333332,0,0,0,1,0,0,0,25,Low Risk
Customer_01227,2,2026-08-05,Premium,high_value,18,185,8,45,100,100,75,95.0,19.2,19.5,1.538461538461542,0,0,0,0,1,0,0,20,Low Risk
Customer_01228,8,2026-08-01,Premium,high_value,24,184,24,40,100,75,75,87.5,24.0,,,0,0,0,1,0,0,0,25,Low Risk
Customer_01228,8,2026-08-02,Premium,high_value,20,168,20,13,100,75,100,92.5,22.0,24.0,8.333333333333332,0,0,0,0,0,0,0,0,Low Risk
Customer_01228,8,2026-08-03,Premium,high_value,13,239,15,23,100,75,100,92.5,19.0,22.0,13.636363636363637,0,0,0,0,0,0,0,0,Low Risk
Customer_01228,8,2026-08-04,Premium,high_value,16,240,11,28,100,75,100,92.5,18.25,19.0,3.947368421052632,0,0,0,0,0,0,0,0,Low Risk
Customer_01228,8,2026-08-05,Premium,high_value,15,234,29,18,100,75,100,92.5,17.6,18.25,3.561643835616431,0,0,0,1,0,0,0,25,Low Risk
Customer_01229,10,2026-08-01,Premium,high_value,18,180,6,39,100,100,75,95.0,18.0,,,1,1,0,0,0,0,0,0,Low Risk
Customer_01229,10,2026-08-02,Premium,high_value,11,155,17,49,100,75,75,87.5,14.5,18.0,19.444444444444446,1,1,0,0,1,0,0,20,Low Risk
Customer_01229,10,2026-08-03,Premium,high_value,16,161,28,40,100,75,75,87.5,15.0,14.5,-3.4482758620689653,1,1,0,1,0,0,0,25,Low Risk
Customer_01229,10,2026-08-04,Premium,high_value,15,214,20,30,100,75,100,92.5,15.0,15.0,0.0,1,1,0,0,0,0,0,0,Low Risk
Customer_01229,10,2026-08-05,Premium,high_value,17,191,27,38,100,75,75,87.5,15.4,15.0,-2.6666666666666687,1,1,0,1,0,0,0,25,Low Risk
Customer_01230,5,2026-08-01,Premium,high_value,10,195,21,36,100,75,75,87.5,10.0,,,0,0,0,1,0,0,0,25,Low Risk
Customer_01230,5,2026-08-02,Premium,high_value,12,249,29,30,100,75,100,92.5,11.0,10.0,-10.0,0,0,0,1,0,0,0,25,Low Risk
Customer_01230,5,2026-08-03,Premium,high_value,13,181,9,28,100,100,100,100.0,11.666666666666666,11.0,-6.060606060606055,0,0,0,0,0,0,0,0,Low Risk
Customer_01230,5,2026-08-04,Premium,high_value,21,190,6,48,100,100,75,95.0,14.0,11.666666666666666,-20.000000000000007,0,0,0,0,1,0,0,20,Low Risk
Customer_01230,5,2026-08-05,Premium,high_value,12,164,27,40,100,75,75,87.5,13.6,14.0,2.85714285714286,0,0,0,1,0,0,0,25,Low Risk
Customer_01231,5,2026-08-01,Premium,high_value,10,185,29,36,100,75,75,87.5,10.0,,,0,0,0,1,0,0,0,25,Low Risk
Customer_01231,5,2026-08-02,Premium,high_value,14,190,13,43,100,75,75,87.5,12.0,10.0,-20.0,0,0,0,0,1,0,0,20,Low Risk
Customer_01231,5,2026-08-03,Premium,high_value,21,179,23,16,100,75,100,92.5,15.0,12.0,-25.0,0,0,0,1,0,0,0,25,Low Risk
Customer_01231,5,2026-08-04,Premium,high_value,16,170,6,17,100,100,100,100.0,15.25,15.0,-1.6666666666666667,0,0,0,0,0,0,0,0,Low Risk
Customer_01231,5,2026-08-05,Premium,high_value,18,213,18,48,100,75,75,87.5,15.8,15.25,-3.6065573770491848,0,0,0,0,1,0,0,20,Low Risk
Customer_01232,7,2026-08-01,Premium,high_value,25,243,2,14,100,100,100,100.0,25.0,,,1,1,0,0,0,0,0,0,Low Risk
Customer_01232,7,2026-08-02,Premium,high_value,24,249,11,44,100,75,75,87.5,24.5,25.0,2.0,1,1,0,0,1,0,0,20,Low Risk
Customer_01232,7,2026-08-03,Premium,high_value,20,156,8,43,100,100,75,95.0,23.0,24.5,6.122448979591836,1,1,0,0,1,0,0,20,Low Risk
Customer_01232,7,2026-08-04,Premium,high_value,13,190,9,39,100,100,75,95.0,20.5,23.0,10.869565217391305,1,1,0,0,0,0,0,0,Low Risk
Customer_01232,7,2026-08-05,Premium,high_value,19,172,10,43,100,100,75,95.0,20.2,20.5,1.4634146341463448,1,1,0,0,1,0,0,20,Low Risk
Customer_01233,5,2026-08-01,Standard,mid_value,8,90,27,18,75,75,100,80.0,8.0,,,1,1,0,1,0,0,0,25,Low Risk
Customer_01233,5,2026-08-02,Standard,mid_value,12,109,7,22,100,100,100,100.0,10.0,8.0,-25.0,1,1,0,0,0,0,0,0,Low Risk
Customer_01233,5,2026-08-03,Standard,mid_value,9,85,2,20,75,100,100,87.5,9.666666666666666,10.0,3.33333333333334,1,1,0,0,0,0,0,0,Low Risk
Customer_01233,5,2026-08-04,Standard,mid_value,8,80,7,15,75,100,100,87.5,9.25,9.666666666666666,4.310344827586201,1,1,0,0,0,0,0,0,Low Risk
Customer_01233,5,2026-08-05,Standard,mid_value,9,89,7,44,75,100,75,82.5,9.2,9.25,0.5405405405405482,1,1,0,0,1,0,0,20,Low Risk
Customer_01234,6,2026-08-01,Premium,high_value,11,193,1,25,100,100,100,100.0,11.0,,,1,1,0,0,0,0,0,0,Low Risk
Customer_01234,6,2026-08-02,Premium,high_value,18,171,3,35,100,100,75,95.0,14.5,11.0,-31.818181818181817,1,1,0,0,0,0,0,0,Low Risk
Customer_01234,6,2026-08-03,Premium,high_value,16,239,28,19,100,75,100,92.5,15.0,14.5,-3.4482758620689653,1,1,0,1,0,0,0,25,Low Risk
Customer_01234,6,2026-08-04,Premium,high_value,17,224,17,15,100,75,100,92.5,15.5,15.0,-3.333333333333333,1,1,0,0,0,0,0,0,Low Risk
Customer_01234,6,2026-08-05,Premium,high_value,20,217,10,32,100,100,75,95.0,16.4,15.5,-5.806451612903216,1,1,0,0,0,0,0,0,Low Risk
Customer_01235,4,2026-08-01,Premium,high_value,13,200,6,20,100,100,100,100.0,13.0,,,1,1,0,0,0,0,0,0,Low Risk
Customer_01235,4,2026-08-02,Premium,high_value,11,152,10,39,100,100,75,95.0,12.0,13.0,7.6923076923076925,1,1,0,0,0,0,0,0,Low Risk
Customer_01235,4,2026-08-03,Premium,high_value,18,233,17,25,100,75,100,92.5,14.0,12.0,-16.666666666666664,1,1,0,0,0,0,0,0,Low Risk
Customer_01235,4,2026-08-04,Premium,high_value,19,228,14,45,100,75,75,87.5,15.25,14.0,-8.928571428571429,1,1,0,0,1,0,0,20,Low Risk
Customer_01235,4,2026-08-05,Premium,high_value,15,168,16,23,100,75,100,92.5,15.2,15.25,0.327868852459021,1,1,0,0,0,0,0,0,Low Risk
Customer_01236,5,2026-08-01,Premium,high_value,19,159,3,16,100,100,100,100.0,19.0,,,1,1,0,0,0,0,0,0,Low Risk
Customer_01236,5,2026-08-02,Premium,high_value,20,241,18,26,100,75,100,92.5,19.5,19.0,-2.631578947368421,1,1,0,0,0,0,0,0,Low Risk
Customer_01236,5,2026-08-03,Premium,high_value,13,199,23,11,100,75,100,92.5,17.333333333333332,19.5,11.111111111111118,1,1,0,1,0,0,0,25,Low Risk
Customer_01236,5,2026-08-04,Premium,high_value,25,158,27,39,100,75,75,87.5,19.25,17.333333333333332,-11.057692307692315,1,1,0,1,0,0,0,25,Low Risk
Customer_01236,5,2026-08-05,Premium,high_value,21,213,9,15,100,100,100,100.0,19.6,19.25,-1.8181818181818257,1,1,0,0,0,0,0,0,Low Risk
Customer_01237,7,2026-08-01,Premium,high_value,13,196,8,49,100,100,75,95.0,13.0,,,1,1,0,0,1,0,0,20,Low Risk
Customer_01237,7,2026-08-02,Premium,high_value,24,175,17,38,100,75,75,87.5,18.5,13.0,-42.30769230769231,1,1,0,0,0,0,0,0,Low Risk
Customer_01237,7,2026-08-03,Premium,high_value,15,176,14,26,100,75,100,92.5,17.333333333333332,18.5,6.306306306306313,1,1,0,0,0,0,0,0,Low Risk
Customer_01237,7,2026-08-04,Premium,high_value,20,192,29,39,100,75,75,87.5,18.0,17.333333333333332,-3.846153846153853,1,1,0,1,0,0,0,25,Low Risk
Customer_01237,7,2026-08-05,Premium,high_value,15,198,1,49,100,100,75,95.0,17.4,18.0,3.333333333333341,1,1,0,0,1,0,0,20,Low Risk
Customer_01238,5,2026-08-01,Premium,high_value,24,226,25,46,100,75,75,87.5,24.0,,,0,0,0,1,1,0,0,45,Medium Risk
Customer_01238,5,2026-08-02,Premium,high_value,21,187,4,28,100,100,100,100.0,22.5,24.0,6.25,0,0,0,0,0,0,0,0,Low Risk
Customer_01238,5,2026-08-03,Premium,high_value,11,158,26,11,100,75,100,92.5,18.666666666666668,22.5,17.03703703703703,0,0,0,1,0,0,0,25,Low Risk
Customer_01238,5,2026-08-04,Premium,high_value,13,198,16,29,100,75,100,92.5,17.25,18.666666666666668,7.589285714285721,0,0,0,0,0,0,0,0,Low Risk
Customer_01238,5,2026-08-05,Premium,high_value,10,185,1,25,100,100,100,100.0,15.8,17.25,8.40579710144927,0,0,0,0,0,0,0,0,Low Risk
Customer_01239,8,2026-08-01,Standard,mid_value,14,83,23,12,75,75,100,80.0,14.0,,,1,1,0,1,0,0,0,25,Low Risk
Customer_01239,8,2026-08-02,Standard,mid_value,8,85,3,27,75,100,100,87.5,11.0,14.0,21.428571428571427,1,1,0,0,0,0,0,0,Low Risk
Customer_01239,8,2026-08-03,Standard,mid_value,9,84,14,32,75,75,75,75.0,10.333333333333334,11.0,6.060606060606055,1,1,0,0,0,0,0,0,Low Risk
Customer_01239,8,2026-08-04,Standard,mid_value,10,116,8,46,100,100,75,95.0,10.25,10.333333333333334,0.8064516129032315,1,1,0,0,1,0,0,20,Low Risk
Customer_01239,8,2026-08-05,Standard,mid_value,15,117,8,18,100,100,100,100.0,11.2,10.25,-9.268292682926822,1,1,0,0,0,0,0,0,Low Risk
Customer_01240,10,2026-08-01,Premium,high_value,11,228,23,42,100,75,75,87.5,11.0,,,0,0,0,1,1,0,0,45,Medium Risk
Customer_01240,10,2026-08-02,Premium,high_value,19,225,0,49,100,100,75,95.0,15.0,11.0,-36.36363636363637,0,0,0,0,1,0,0,20,Low Risk
Customer_01240,10,2026-08-03,Premium,high_value,11,210,11,38,100,75,75,87.5,13.666666666666666,15.0,8.888888888888893,0,0,0,0,0,0,0,0,Low Risk
Customer_01240,10,2026-08-04,Premium,high_value,21,152,3,45,100,100,75,95.0,15.5,13.666666666666666,-13.414634146341466,0,0,0,0,1,0,0,20,Low Risk
Customer_01240,10,2026-08-05,Premium,high_value,21,218,8,22,100,100,100,100.0,16.6,15.5,-7.096774193548397,0,0,0,0,0,0,0,0,Low Risk
Customer_01241,6,2026-08-01,Premium,high_value,18,174,20,45,100,75,75,87.5,18.0,,,1,1,0,0,1,0,0,20,Low Risk
Customer_01241,6,2026-08-02,Premium,high_value,18,209,10,15,100,100,100,100.0,18.0,18.0,0.0,1,1,0,0,0,0,0,0,Low Risk
Customer_01241,6,2026-08-03,Premium,high_value,22,231,16,16,100,75,100,92.5,19.33333333333333,18.0,-7.407407407407401,1,1,0,0,0,0,0,0,Low Risk
Customer_01241,6,2026-08-04,Premium,high_value,17,179,2,46,100,100,75,95.0,18.75,19.33333333333333,3.0172413793103385,1,1,0,0,1,0,0,20,Low Risk
Customer_01241,6,2026-08-05,Premium,high_value,18,210,20,12,100,75,100,92.5,18.6,18.75,0.7999999999999924,1,1,0,0,0,0,0,0,Low Risk
Customer_01242,6,2026-08-01,Premium,high_value,24,223,23,18,100,75,100,92.5,24.0,,,1,1,0,1,0,0,0,25,Low Risk
Customer_01242,6,2026-08-02,Premium,high_value,17,183,16,39,100,75,75,87.5,20.5,24.0,14.583333333333334,1,1,0,0,0,0,0,0,Low Risk
Customer_01242,6,2026-08-03,Premium,high_value,19,212,9,19,100,100,100,100.0,20.0,20.5,2.4390243902439024,1,1,0,0,0,0,0,0,Low Risk
Customer_01242,6,2026-08-04,Premium,high_value,16,227,4,45,100,100,75,95.0,19.0,20.0,5.0,1,1,0,0,1,0,0,20,Low Risk
Customer_01242,6,2026-08-05,Premium,high_value,17,169,1,23,100,100,100,100.0,18.6,19.0,2.1052631578947296,1,1,0,0,0,0,0,0,Low Risk
Customer_01243,10,2026-08-01,Premium,high_value,18,152,10,47,100,100,75,95.0,18.0,,,1,1,0,0,1,0,0,20,Low Risk
Customer_01243,10,2026-08-02,Premium,high_value,23,208,22,29,100,75,100,92.5,20.5,18.0,-13.88888888888889,1,1,0,1,0,0,0,25,Low Risk
Customer_01243,10,2026-08-03,Premium,high_value,20,157,17,14,100,75,100,92.5,20.33333333333333,20.5,0.8130081300813066,1,1,0,0,0,0,0,0,Low Risk
Customer_01243,10,2026-08-04,Premium,high_value,25,233,16,47,100,75,75,87.5,21.5,20.33333333333333,-5.737704918032794,1,1,0,0,1,0,0,20,Low Risk
Customer_01243,10,2026-08-05,Premium,high_value,17,173,5,17,100,100,100,100.0,20.6,21.5,4.186046511627901,1,1,0,0,0,0,0,0,Low Risk
Customer_01244,8,2026-08-01,Premium,high_value,19,250,7,24,100,100,100,100.0,19.0,,,1,1,0,0,0,0,0,0,Low Risk
Customer_01244,8,2026-08-02,Premium,high_value,17,176,4,16,100,100,100,100.0,18.0,19.0,5.263157894736842,1,1,0,0,0,0,0,0,Low Risk
Customer_01244,8,2026-08-03,Premium,high_value,11,246,17,47,100,75,75,87.5,15.666666666666666,18.0,12.962962962962964,1,1,0,0,1,0,0,20,Low Risk
Customer_01244,8,2026-08-04,Premium,high_value,12,204,14,26,100,75,100,92.5,14.75,15.666666666666666,5.851063829787231,1,1,0,0,0,0,0,0,Low Risk
Customer_01244,8,2026-08-05,Premium,high_value,25,176,10,48,100,100,75,95.0,16.8,14.75,-13.898305084745768,1,1,0,0,1,0,0,20,Low Risk
Customer_01245,10,2026-08-01,Premium,high_value,25,193,12,19,100,75,100,92.5,25.0,,,1,1,0,0,0,0,0,0,Low Risk
Customer_01245,10,2026-08-02,Premium,high_value,22,159,24,45,100,75,75,87.5,23.5,25.0,6.0,1,1,0,1,1,0,0,45,Medium Risk
Customer_01245,10,2026-08-03,Premium,high_value,18,237,21,12,100,75,100,92.5,21.666666666666668,23.5,7.801418439716307,1,1,0,1,0,0,0,25,Low Risk
Customer_01245,10,2026-08-04,Premium,high_value,18,172,4,43,100,100,75,95.0,20.75,21.666666666666668,4.230769230769236,1,1,0,0,1,0,0,20,Low Risk
Customer_01245,10,2026-08-05,Premium,high_value,17,184,0,19,100,100,100,100.0,20.0,20.75,3.614457831325301,1,1,0,0,0,0,0,0,Low Risk
Customer_01246,8,2026-08-01,Premium,high_value,16,161,22,13,100,75,100,92.5,16.0,,,1,1,0,1,0,0,0,25,Low Risk
Customer_01246,8,2026-08-02,Premium,high_value,11,178,21,48,100,75,75,87.5,13.5,16.0,15.625,1,1,0,1,1,0,0,45,Medium Risk
Customer_01246,8,2026-08-03,Premium,high_value,17,165,22,41,100,75,75,87.5,14.666666666666666,13.5,-8.641975308641971,1,1,0,1,1,0,0,45,Medium Risk
Customer_01246,8,2026-08-04,Premium,high_value,22,197,26,33,100,75,75,87.5,16.5,14.666666666666666,-12.500000000000004,1,1,0,1,0,0,0,25,Low Risk
Customer_01246,8,2026-08-05,Premium,high_value,14,244,18,42,100,75,75,87.5,16.0,16.5,3.0303030303030303,1,1,0,0,1,0,0,20,Low Risk
Customer_01247,7,2026-08-01,Standard,mid_value,9,90,24,41,75,75,75,75.0,9.0,,,0,0,0,1,1,0,0,45,Medium Risk
Customer_01247,7,2026-08-02,Standard,mid_value,13,105,11,40,100,75,75,87.5,11.0,9.0,-22.22222222222222,0,0,0,0,0,0,0,0,Low Risk
Customer_01247,7,2026-08-03,Standard,mid_value,8,81,20,15,75,75,100,80.0,10.0,11.0,9.090909090909092,0,0,0,0,0,0,0,0,Low Risk
Customer_01247,7,2026-08-04,Standard,mid_value,15,81,16,10,75,75,100,80.0,11.25,10.0,-12.5,0,0,0,0,0,0,0,0,Low Risk
Customer_01247,7,2026-08-05,Standard,mid_value,10,97,11,20,75,75,100,80.0,11.0,11.25,2.2222222222222223,0,0,0,0,0,0,0,0,Low Risk
Customer_01248,10,2026-08-01,Premium,high_value,10,245,4,11,100,100,100,100.0,10.0,,,1,1,0,0,0,0,0,0,Low Risk
Customer_01248,10,2026-08-02,Premium,high_value,23,199,25,37,100,75,75,87.5,16.5,10.0,-65.0,1,1,0,1,0,0,0,25,Low Risk
Customer_01248,10,2026-08-03,Premium,high_value,17,159,12,13,100,75,100,92.5,16.666666666666668,16.5,-1.0101010101010173,1,1,0,0,0,0,0,0,Low Risk
Customer_01248,10,2026-08-04,Premium,high_value,24,161,27,28,100,75,100,92.5,18.5,16.666666666666668,-10.999999999999991,1,1,0,1,0,0,0,25,Low Risk
Customer_01248,10,2026-08-05,Premium,high_value,23,169,25,45,100,75,75,87.5,19.4,18.5,-4.864864864864858,1,1,0,1,1,0,0,45,Medium Risk
Customer_01249,10,2026-08-01,Premium,high_value,15,158,29,20,100,75,100,92.5,15.0,,,1,1,0,1,0,0,0,25,Low Risk
Customer_01249,10,2026-08-02,Premium,high_value,18,239,18,37,100,75,75,87.5,16.5,15.0,-10.0,1,1,0,0,0,0,0,0,Low Risk
Customer_01249,10,2026-08-03,Premium,high_value,19,158,17,26,100,75,100,92.5,17.333333333333332,16.5,-5.050505050505043,1,1,0,0,0,0,0,0,Low Risk
Customer_01249,10,2026-08-04,Premium,high_value,15,185,29,37,100,75,75,87.5,16.75,17.333333333333332,3.3653846153846088,1,1,0,1,0,0,0,25,Low Risk
Customer_01249,10,2026-08-05,Premium,high_value,24,165,17,27,100,75,100,92.5,18.2,16.75,-8.656716417910443,1,1,0,0,0,0,0,0,Low Risk
Customer_01250,3,2026-08-01,Premium,high_value,22,216,26,11,100,75,100,92.5,22.0,,,0,0,0,1,0,0,0,25,Low Risk
Customer_01250,3,2026-08-02,Premium,high_value,16,158,11,24,100,75,100,92.5,19.0,22.0,13.636363636363637,0,0,0,0,0,0,0,0,Low Risk
Customer_01250,3,2026-08-03,Premium,high_value,13,249,6,42,100,100,75,95.0,17.0,19.0,10.526315789473683,0,0,0,0,1,0,0,20,Low Risk
Customer_01250,3,2026-08-04,Premium,high_value,18,219,22,27,100,75,100,92.5,17.25,17.0,-1.4705882352941175,0,0,0,1,0,0,0,25,Low Risk
Customer_01250,3,2026-08-05,Premium,high_value,12,158,18,46,100,75,75,87.5,16.2,17.25,6.086956521739135,0,0,0,0,1,0,0,20,Low Risk
Customer_01251,6,2026-08-01,Premium,high_value,11,191,16,28,100,75,100,92.5,11.0,,,0,0,0,0,0,0,0,0,Low Risk
Customer_01251,6,2026-08-02,Premium,high_value,15,224,15,17,100,75,100,92.5,13.0,11.0,-18.181818181818183,0,0,0,0,0,0,0,0,Low Risk
Customer_01251,6,2026-08-03,Premium,high_value,10,186,26,21,100,75,100,92.5,12.0,13.0,7.6923076923076925,0,0,0,1,0,0,0,25,Low Risk
Customer_01251,6,2026-08-04,Premium,high_value,15,152,27,48,100,75,75,87.5,12.75,12.0,-6.25,0,0,0,1,1,0,0,45,Medium Risk
Customer_01251,6,2026-08-05,Premium,high_value,13,208,11,35,100,75,75,87.5,12.8,12.75,-0.3921568627451036,0,0,0,0,0,0,0,0,Low Risk
Customer_01252,2,2026-08-01,Premium,high_value,17,194,16,15,100,75,100,92.5,17.0,,,0,0,0,0,0,0,0,0,Low Risk
Customer_01252,2,2026-08-02,Premium,high_value,22,183,20,25,100,75,100,92.5,19.5,17.0,-14.705882352941178,0,0,0,0,0,0,0,0,Low Risk
Customer_01252,2,2026-08-03,Premium,high_value,17,171,6,27,100,100,100,100.0,18.666666666666668,19.5,4.273504273504267,0,0,0,0,0,0,0,0,Low Risk
Customer_01252,2,2026-08-04,Premium,high_value,25,184,7,28,100,100,100,100.0,20.25,18.666666666666668,-8.48214285714285,0,0,0,0,0,0,0,0,Low Risk
Customer_01252,2,2026-08-05,Premium,high_value,13,226,8,29,100,100,100,100.0,18.8,20.25,7.16049382716049,0,0,0,0,0,0,0,0,Low Risk
Customer_01253,6,2026-08-01,Standard,mid_value,11,106,5,21,100,100,100,100.0,11.0,,,1,1,0,0,0,0,0,0,Low Risk
Customer_01253,6,2026-08-02,Standard,mid_value,15,93,2,42,75,100,75,82.5,13.0,11.0,-18.181818181818183,1,1,0,0,1,0,0,20,Low Risk
Customer_01253,6,2026-08-03,Standard,mid_value,11,117,23,26,100,75,100,92.5,12.333333333333334,13.0,5.128205128205124,1,1,0,1,0,0,0,25,Low Risk
Customer_01253,6,2026-08-04,Standard,mid_value,14,90,29,41,75,75,75,75.0,12.75,12.333333333333334,-3.3783783783783736,1,1,0,1,1,0,0,45,Medium Risk
Customer_01253,6,2026-08-05,Standard,mid_value,8,97,6,28,75,100,100,87.5,11.8,12.75,7.450980392156857,1,1,0,0,0,0,0,0,Low Risk
Customer_01254,8,2026-08-01,Premium,high_value,18,207,27,13,100,75,100,92.5,18.0,,,1,1,0,1,0,0,0,25,Low Risk
Customer_01254,8,2026-08-02,Premium,high_value,23,182,22,50,100,75,75,87.5,20.5,18.0,-13.88888888888889,1,1,0,1,1,0,0,45,Medium Risk
Customer_01254,8,2026-08-03,Premium,high_value,17,239,30,16,100,75,100,92.5,19.33333333333333,20.5,5.691056910569111,1,1,0,1,0,0,0,25,Low Risk
Customer_01254,8,2026-08-04,Premium,high_value,19,179,0,29,100,100,100,100.0,19.25,19.33333333333333,0.4310344827586146,1,1,0,0,0,0,0,0,Low Risk
Customer_01254,8,2026-08-05,Premium,high_value,14,212,13,37,100,75,75,87.5,18.2,19.25,5.454545454545459,1,1,0,0,0,0,0,0,Low Risk
Customer_01255,9,2026-08-01,Premium,high_value,21,202,23,28,100,75,100,92.5,21.0,,,1,1,0,1,0,0,0,25,Low Risk
Customer_01255,9,2026-08-02,Premium,high_value,22,157,22,19,100,75,100,92.5,21.5,21.0,-2.380952380952381,1,1,0,1,0,0,0,25,Low Risk
Customer_01255,9,2026-08-03,Premium,high_value,15,161,1,44,100,100,75,95.0,19.33333333333333,21.5,10.077519379844968,1,1,0,0,1,0,0,20,Low Risk
Customer_01255,9,2026-08-04,Premium,high_value,21,177,24,46,100,75,75,87.5,19.75,19.33333333333333,-2.15517241379311,1,1,0,1,1,0,0,45,Medium Risk
Customer_01255,9,2026-08-05,Premium,high_value,13,198,0,22,100,100,100,100.0,18.4,19.75,6.835443037974691,1,1,0,0,0,0,0,0,Low Risk
Customer_01256,9,2026-08-01,Premium,high_value,10,190,8,42,100,100,75,95.0,10.0,,,1,1,0,0,1,0,0,20,Low Risk
Customer_01256,9,2026-08-02,Premium,high_value,13,248,11,49,100,75,75,87.5,11.5,10.0,-15.0,1,1,0,0,1,0,0,20,Low Risk
Customer_01256,9,2026-08-03,Premium,high_value,14,158,14,26,100,75,100,92.5,12.333333333333334,11.5,-7.246376811594208,1,1,0,0,0,0,0,0,Low Risk
Customer_01256,9,2026-08-04,Premium,high_value,11,182,4,50,100,100,75,95.0,12.0,12.333333333333334,2.7027027027027075,1,1,0,0,1,0,0,20,Low Risk
Customer_01256,9,2026-08-05,Premium,high_value,20,157,7,50,100,100,75,95.0,13.6,12.0,-13.33333333333333,1,1,0,0,1,0,0,20,Low Risk
Customer_01257,3,2026-08-01,Standard,mid_value,7,94,3,25,75,100,100,87.5,7.0,,,1,1,0,0,0,0,0,0,Low Risk
Customer_01257,3,2026-08-02,Standard,mid_value,9,92,8,15,75,100,100,87.5,8.0,7.0,-14.285714285714285,1,1,0,0,0,0,0,0,Low Risk
Customer_01257,3,2026-08-03,Standard,mid_value,10,87,11,29,75,75,100,80.0,8.666666666666666,8.0,-8.333333333333325,1,1,0,0,0,0,0,0,Low Risk
Customer_01257,3,2026-08-04,Standard,mid_value,5,94,21,26,75,75,100,80.0,7.75,8.666666666666666,10.576923076923071,1,1,0,1,0,0,0,25,Low Risk
Customer_01257,3,2026-08-05,Standard,mid_value,12,101,5,15,100,100,100,100.0,8.6,7.75,-10.967741935483868,1,1,0,0,0,0,0,0,Low Risk
Customer_01258,9,2026-08-01,Premium,high_value,14,200,20,20,100,75,100,92.5,14.0,,,1,1,0,0,0,0,0,0,Low Risk
Customer_01258,9,2026-08-02,Premium,high_value,16,157,7,41,100,100,75,95.0,15.0,14.0,-7.142857142857142,1,1,0,0,1,0,0,20,Low Risk
Customer_01258,9,2026-08-03,Premium,high_value,22,186,20,31,100,75,75,87.5,17.333333333333332,15.0,-15.555555555555548,1,1,0,0,0,0,0,0,Low Risk
Customer_01258,9,2026-08-04,Premium,high_value,15,239,5,23,100,100,100,100.0,16.75,17.333333333333332,3.3653846153846088,1,1,0,0,0,0,0,0,Low Risk
Customer_01258,9,2026-08-05,Premium,high_value,17,186,2,30,100,100,100,100.0,16.8,16.75,-0.2985074626865714,1,1,0,0,0,0,0,0,Low Risk
Customer_01259,7,2026-08-01,Premium,high_value,14,197,14,33,100,75,75,87.5,14.0,,,1,1,0,0,0,0,0,0,Low Risk
Customer_01259,7,2026-08-02,Premium,high_value,14,192,13,49,100,75,75,87.5,14.0,14.0,0.0,1,1,0,0,1,0,0,20,Low Risk
Customer_01259,7,2026-08-03,Premium,high_value,13,225,16,49,100,75,75,87.5,13.666666666666666,14.0,2.3809523809523854,1,1,0,0,1,0,0,20,Low Risk
Customer_01259,7,2026-08-04,Premium,high_value,22,246,2,27,100,100,100,100.0,15.75,13.666666666666666,-15.243902439024396,1,1,0,0,0,0,0,0,Low Risk
Customer_01259,7,2026-08-05,Premium,high_value,16,200,8,36,100,100,75,95.0,15.8,15.75,-0.317460317460322,1,1,0,0,0,0,0,0,Low Risk
Customer_01260,10,2026-08-01,Premium,high_value,15,240,23,21,100,75,100,92.5,15.0,,,0,0,0,1,0,0,0,25,Low Risk
Customer_01260,10,2026-08-02,Premium,high_value,17,157,10,43,100,100,75,95.0,16.0,15.0,-6.666666666666667,0,0,0,0,1,0,0,20,Low Risk
Customer_01260,10,2026-08-03,Premium,high_value,17,197,8,15,100,100,100,100.0,16.333333333333332,16.0,-2.083333333333326,0,0,0,0,0,0,0,0,Low Risk
Customer_01260,10,2026-08-04,Premium,high_value,19,245,18,49,100,75,75,87.5,17.0,16.333333333333332,-4.081632653061232,0,0,0,0,1,0,0,20,Low Risk
Customer_01260,10,2026-08-05,Premium,high_value,22,249,7,25,100,100,100,100.0,18.0,17.0,-5.88235294117647,0,0,0,0,0,0,0,0,Low Risk
Customer_01261,8,2026-08-01,Premium,high_value,14,221,30,16,100,75,100,92.5,14.0,,,0,0,0,1,0,0,0,25,Low Risk
Customer_01261,8,2026-08-02,Premium,high_value,19,168,15,45,100,75,75,87.5,16.5,14.0,-17.857142857142858,0,0,0,0,1,0,0,20,Low Risk
Customer_01261,8,2026-08-03,Premium,high_value,14,193,3,26,100,100,100,100.0,15.666666666666666,16.5,5.050505050505054,0,0,0,0,0,0,0,0,Low Risk
Customer_01261,8,2026-08-04,Premium,high_value,13,183,16,23,100,75,100,92.5,15.0,15.666666666666666,4.255319148936167,0,0,0,0,0,0,0,0,Low Risk
Customer_01261,8,2026-08-05,Premium,high_value,11,203,2,41,100,100,75,95.0,14.2,15.0,5.3333333333333375,0,0,0,0,1,0,0,20,Low Risk
Customer_01262,4,2026-08-01,Premium,high_value,15,215,8,25,100,100,100,100.0,15.0,,,1,1,0,0,0,0,0,0,Low Risk
Customer_01262,4,2026-08-02,Premium,high_value,10,191,26,44,100,75,75,87.5,12.5,15.0,16.666666666666664,1,1,0,1,1,0,0,45,Medium Risk
Customer_01262,4,2026-08-03,Premium,high_value,25,216,14,31,100,75,75,87.5,16.666666666666668,12.5,-33.33333333333334,1,1,0,0,0,0,0,0,Low Risk
Customer_01262,4,2026-08-04,Premium,high_value,17,238,2,35,100,100,75,95.0,16.75,16.666666666666668,-0.4999999999999929,1,1,0,0,0,0,0,0,Low Risk
Customer_01262,4,2026-08-05,Premium,high_value,18,234,6,21,100,100,100,100.0,17.0,16.75,-1.4925373134328357,1,1,0,0,0,0,0,0,Low Risk
Customer_01263,7,2026-08-01,Premium,high_value,18,164,21,36,100,75,75,87.5,18.0,,,1,1,0,1,0,0,0,25,Low Risk
Customer_01263,7,2026-08-02,Premium,high_value,23,178,28,32,100,75,75,87.5,20.5,18.0,-13.88888888888889,1,1,0,1,0,0,0,25,Low Risk
Customer_01263,7,2026-08-03,Premium,high_value,16,180,15,47,100,75,75,87.5,19.0,20.5,7.317073170731707,1,1,0,0,1,0,0,20,Low Risk
Customer_01263,7,2026-08-04,Premium,high_value,15,209,23,29,100,75,100,92.5,18.0,19.0,5.263157894736842,1,1,0,1,0,0,0,25,Low Risk
Customer_01263,7,2026-08-05,Premium,high_value,21,239,18,20,100,75,100,92.5,18.6,18.0,-3.333333333333341,1,1,0,0,0,0,0,0,Low Risk
Customer_01264,3,2026-08-01,Premium,high_value,20,213,10,48,100,100,75,95.0,20.0,,,1,1,0,0,1,0,0,20,Low Risk
Customer_01264,3,2026-08-02,Premium,high_value,14,157,24,26,100,75,100,92.5,17.0,20.0,15.0,1,1,0,1,0,0,0,25,Low Risk
Customer_01264,3,2026-08-03,Premium,high_value,22,201,23,27,100,75,100,92.5,18.666666666666668,17.0,-9.803921568627455,1,1,0,1,0,0,0,25,Low Risk
Customer_01264,3,2026-08-04,Premium,high_value,11,211,3,10,100,100,100,100.0,16.75,18.666666666666668,10.267857142857148,1,1,0,0,0,0,0,0,Low Risk
Customer_01264,3,2026-08-05,Premium,high_value,19,191,18,28,100,75,100,92.5,17.2,16.75,-2.6865671641791,1,1,0,0,0,0,0,0,Low Risk
Customer_01265,9,2026-08-01,Premium,high_value,19,248,26,43,100,75,75,87.5,19.0,,,1,1,0,1,1,0,0,45,Medium Risk
Customer_01265,9,2026-08-02,Premium,high_value,10,198,13,18,100,75,100,92.5,14.5,19.0,23.684210526315788,1,1,0,0,0,0,0,0,Low Risk
Customer_01265,9,2026-08-03,Premium,high_value,18,249,3,48,100,100,75,95.0,15.666666666666666,14.5,-8.045977011494248,1,1,0,0,1,0,0,20,Low Risk
Customer_01265,9,2026-08-04,Premium,high_value,20,161,8,41,100,100,75,95.0,16.75,15.666666666666666,-6.914893617021281,1,1,0,0,1,0,0,20,Low Risk
Customer_01265,9,2026-08-05,Premium,high_value,14,200,29,34,100,75,75,87.5,16.2,16.75,3.283582089552243,1,1,0,1,0,0,0,25,Low Risk
Customer_01266,7,2026-08-01,Premium,high_value,19,246,6,39,100,100,75,95.0,19.0,,,0,0,0,0,0,0,0,0,Low Risk
Customer_01266,7,2026-08-02,Premium,high_value,25,156,9,10,100,100,100,100.0,22.0,19.0,-15.789473684210526,0,0,0,0,0,0,0,0,Low Risk
Customer_01266,7,2026-08-03,Premium,high_value,20,247,3,16,100,100,100,100.0,21.33333333333333,22.0,3.030303030303036,0,0,0,0,0,0,0,0,Low Risk
Customer_01266,7,2026-08-04,Premium,high_value,13,180,10,22,100,100,100,100.0,19.25,21.33333333333333,9.765624999999996,0,0,0,0,0,0,0,0,Low Risk
Customer_01266,7,2026-08-05,Premium,high_value,24,200,7,16,100,100,100,100.0,20.2,19.25,-4.935064935064931,0,0,0,0,0,0,0,0,Low Risk
Customer_01267,1,2026-08-01,Premium,high_value,13,159,25,45,100,75,75,87.5,13.0,,,1,1,0,1,1,0,0,45,Medium Risk
Customer_01267,1,2026-08-02,Premium,high_value,20,242,2,35,100,100,75,95.0,16.5,13.0,-26.923076923076923,1,1,0,0,0,0,0,0,Low Risk
Customer_01267,1,2026-08-03,Premium,high_value,11,231,17,22,100,75,100,92.5,14.666666666666666,16.5,11.111111111111114,1,1,0,0,0,0,0,0,Low Risk
Customer_01267,1,2026-08-04,Premium,high_value,25,193,10,23,100,100,100,100.0,17.25,14.666666666666666,-17.613636363636367,1,1,0,0,0,0,0,0,Low Risk
Customer_01267,1,2026-08-05,Premium,high_value,16,244,20,34,100,75,75,87.5,17.0,17.25,1.4492753623188406,1,1,0,0,0,0,0,0,Low Risk
Customer_01268,3,2026-08-01,Basic,low_value,2,44,21,43,50,75,75,62.5,2.0,,,1,1,0,1,1,0,0,45,Medium Risk
Customer_01268,3,2026-08-02,Basic,low_value,3,51,27,19,75,75,100,80.0,2.5,2.0,-25.0,1,1,0,1,0,0,0,25,Low Risk
Customer_01268,3,2026-08-03,Basic,low_value,4,47,13,12,50,75,100,67.5,3.0,2.5,-20.0,1,1,0,0,0,0,0,0,Low Risk
Customer_01268,3,2026-08-04,Basic,low_value,2,41,15,47,50,75,75,62.5,2.75,3.0,8.333333333333332,1,1,0,0,1,0,0,20,Low Risk
Customer_01268,3,2026-08-05,Basic,low_value,3,55,5,37,75,100,75,82.5,2.8,2.75,-1.818181818181812,1,1,0,0,0,0,0,0,Low Risk
Customer_01269,3,2026-08-01,Premium,high_value,23,182,27,39,100,75,75,87.5,23.0,,,1,1,0,1,0,0,0,25,Low Risk
Customer_01269,3,2026-08-02,Premium,high_value,19,159,5,38,100,100,75,95.0,21.0,23.0,8.695652173913043,1,1,0,0,0,0,0,0,Low Risk
Customer_01269,3,2026-08-03,Premium,high_value,17,174,18,20,100,75,100,92.5,19.666666666666668,21.0,6.349206349206344,1,1,0,0,0,0,0,0,Low Risk
Customer_01269,3,2026-08-04,Premium,high_value,23,178,21,31,100,75,75,87.5,20.5,19.666666666666668,-4.2372881355932135,1,1,0,1,0,0,0,25,Low Risk
Customer_01269,3,2026-08-05,Premium,high_value,19,175,15,50,100,75,75,87.5,20.2,20.5,1.4634146341463448,1,1,0,0,1,0,0,20,Low Risk
Customer_01270,6,2026-08-01,Premium,high_value,24,212,21,39,100,75,75,87.5,24.0,,,1,1,0,1,0,0,0,25,Low Risk
Customer_01270,6,2026-08-02,Premium,high_value,13,182,13,49,100,75,75,87.5,18.5,24.0,22.916666666666664,1,1,0,0,1,0,0,20,Low Risk
Customer_01270,6,2026-08-03,Premium,high_value,15,159,11,50,100,75,75,87.5,17.333333333333332,18.5,6.306306306306313,1,1,0,0,1,0,0,20,Low Risk
Customer_01270,6,2026-08-04,Premium,high_value,10,223,12,30,100,75,100,92.5,15.5,17.333333333333332,10.576923076923071,1,1,0,0,0,0,0,0,Low Risk
Customer_01270,6,2026-08-05,Premium,high_value,23,164,2,23,100,100,100,100.0,17.0,15.5,-9.67741935483871,1,1,0,0,0,0,0,0,Low Risk
Customer_01271,7,2026-08-01,Premium,high_value,16,191,16,44,100,75,75,87.5,16.0,,,1,1,0,0,1,0,0,20,Low Risk
Customer_01271,7,2026-08-02,Premium,high_value,25,199,8,16,100,100,100,100.0,20.5,16.0,-28.125,1,1,0,0,0,0,0,0,Low Risk
Customer_01271,7,2026-08-03,Premium,high_value,10,152,30,40,100,75,75,87.5,17.0,20.5,17.073170731707318,1,1,0,1,0,0,0,25,Low Risk
Customer_01271,7,2026-08-04,Premium,high_value,17,249,2,15,100,100,100,100.0,17.0,17.0,0.0,1,1,0,0,0,0,0,0,Low Risk
Customer_01271,7,2026-08-05,Premium,high_value,17,184,29,26,100,75,100,92.5,17.0,17.0,0.0,1,1,0,1,0,0,0,25,Low Risk
Customer_01272,6,2026-08-01,Standard,mid_value,9,81,14,35,75,75,75,75.0,9.0,,,1,1,0,0,0,0,0,0,Low Risk
Customer_01272,6,2026-08-02,Standard,mid_value,10,99,26,18,75,75,100,80.0,9.5,9.0,-5.555555555555555,1,1,0,1,0,0,0,25,Low Risk
Customer_01272,6,2026-08-03,Standard,mid_value,7,98,16,17,75,75,100,80.0,8.666666666666666,9.5,8.77192982456141,1,1,0,0,0,0,0,0,Low Risk
Customer_01272,6,2026-08-04,Standard,mid_value,5,115,28,47,100,75,75,87.5,7.75,8.666666666666666,10.576923076923071,1,1,0,1,1,0,0,45,Medium Risk
Customer_01272,6,2026-08-05,Standard,mid_value,14,91,3,14,75,100,100,87.5,9.0,7.75,-16.129032258064516,1,1,0,0,0,0,0,0,Low Risk
Customer_01273,8,2026-08-01,Standard,mid_value,12,88,10,46,75,100,75,82.5,12.0,,,1,1,0,0,1,0,0,20,Low Risk
Customer_01273,8,2026-08-02,Standard,mid_value,15,111,3,16,100,100,100,100.0,13.5,12.0,-12.5,1,1,0,0,0,0,0,0,Low Risk
Customer_01273,8,2026-08-03,Standard,mid_value,12,81,12,34,75,75,75,75.0,13.0,13.5,3.7037037037037033,1,1,0,0,0,0,0,0,Low Risk
Customer_01273,8,2026-08-04,Standard,mid_value,10,103,17,29,100,75,100,92.5,12.25,13.0,5.769230769230769,1,1,0,0,0,0,0,0,Low Risk
Customer_01273,8,2026-08-05,Standard,mid_value,14,113,3,34,100,100,75,95.0,12.6,12.25,-2.857142857142854,1,1,0,0,0,0,0,0,Low Risk
Customer_01274,2,2026-08-01,Premium,high_value,24,209,17,13,100,75,100,92.5,24.0,,,0,0,0,0,0,0,0,0,Low Risk
Customer_01274,2,2026-08-02,Premium,high_value,20,174,26,45,100,75,75,87.5,22.0,24.0,8.333333333333332,0,0,0,1,1,0,0,45,Medium Risk
Customer_01274,2,2026-08-03,Premium,high_value,15,154,10,16,100,100,100,100.0,19.666666666666668,22.0,10.6060606060606,0,0,0,0,0,0,0,0,Low Risk
Customer_01274,2,2026-08-04,Premium,high_value,12,197,17,25,100,75,100,92.5,17.75,19.666666666666668,9.745762711864412,0,0,0,0,0,0,0,0,Low Risk
Customer_01274,2,2026-08-05,Premium,high_value,18,217,7,45,100,100,75,95.0,17.8,17.75,-0.2816901408450744,0,0,0,0,1,0,0,20,Low Risk
Customer_01275,3,2026-08-01,Standard,mid_value,14,104,1,31,100,100,75,95.0,14.0,,,1,1,0,0,0,0,0,0,Low Risk
Customer_01275,3,2026-08-02,Standard,mid_value,6,108,27,41,100,75,75,87.5,10.0,14.0,28.57142857142857,1,1,0,1,1,0,0,45,Medium Risk
Customer_01275,3,2026-08-03,Standard,mid_value,7,93,23,35,75,75,75,75.0,9.0,10.0,10.0,1,1,0,1,0,0,0,25,Low Risk
Customer_01275,3,2026-08-04,Standard,mid_value,14,101,6,40,100,100,75,95.0,10.25,9.0,-13.88888888888889,1,1,0,0,0,0,0,0,Low Risk
Customer_01275,3,2026-08-05,Standard,mid_value,10,89,17,25,75,75,100,80.0,10.2,10.25,0.4878048780487874,1,1,0,0,0,0,0,0,Low Risk
Customer_01276,2,2026-08-01,Premium,high_value,18,155,2,25,100,100,100,100.0,18.0,,,0,0,0,0,0,0,0,0,Low Risk
Customer_01276,2,2026-08-02,Premium,high_value,18,171,13,43,100,75,75,87.5,18.0,18.0,0.0,0,0,0,0,1,0,0,20,Low Risk
Customer_01276,2,2026-08-03,Premium,high_value,23,176,1,12,100,100,100,100.0,19.666666666666668,18.0,-9.259259259259265,0,0,0,0,0,0,0,0,Low Risk
Customer_01276,2,2026-08-04,Premium,high_value,25,238,23,23,100,75,100,92.5,21.0,19.666666666666668,-6.779661016949145,0,0,0,1,0,0,0,25,Low Risk
Customer_01276,2,2026-08-05,Premium,high_value,24,200,17,19,100,75,100,92.5,21.6,21.0,-2.857142857142864,0,0,0,0,0,0,0,0,Low Risk
Customer_01277,10,2026-08-01,Standard,mid_value,10,94,28,20,75,75,100,80.0,10.0,,,0,0,0,1,0,0,0,25,Low Risk
Customer_01277,10,2026-08-02,Standard,mid_value,10,94,19,11,75,75,100,80.0,10.0,10.0,0.0,0,0,0,0,0,0,0,0,Low Risk
Customer_01277,10,2026-08-03,Standard,mid_value,10,91,24,36,75,75,75,75.0,10.0,10.0,0.0,0,0,0,1,0,0,0,25,Low Risk
Customer_01277,10,2026-08-04,Standard,mid_value,14,90,19,32,75,75,75,75.0,11.0,10.0,-10.0,0,0,0,0,0,0,0,0,Low Risk
Customer_01277,10,2026-08-05,Standard,mid_value,10,85,25,10,75,75,100,80.0,10.8,11.0,1.818181818181812,0,0,0,1,0,0,0,25,Low Risk
Customer_01278,4,2026-08-01,Standard,mid_value,9,109,29,19,100,75,100,92.5,9.0,,,1,1,0,1,0,0,0,25,Low Risk
Customer_01278,4,2026-08-02,Standard,mid_value,6,111,5,43,100,100,75,95.0,7.5,9.0,16.666666666666664,1,1,0,0,1,0,0,20,Low Risk
Customer_01278,4,2026-08-03,Standard,mid_value,11,86,3,25,75,100,100,87.5,8.666666666666666,7.5,-15.555555555555548,1,1,0,0,0,0,0,0,Low Risk
Customer_01278,4,2026-08-04,Standard,mid_value,14,95,24,15,75,75,100,80.0,10.0,8.666666666666666,-15.384615384615394,1,1,0,1,0,0,0,25,Low Risk
Customer_01278,4,2026-08-05,Standard,mid_value,10,115,10,20,100,100,100,100.0,10.0,10.0,0.0,1,1,0,0,0,0,0,0,Low Risk
Customer_01279,9,2026-08-01,Premium,high_value,21,194,3,12,100,100,100,100.0,21.0,,,1,1,0,0,0,0,0,0,Low Risk
Customer_01279,9,2026-08-02,Premium,high_value,23,243,26,47,100,75,75,87.5,22.0,21.0,-4.761904761904762,1,1,0,1,1,0,0,45,Medium Risk
Customer_01279,9,2026-08-03,Premium,high_value,23,221,13,25,100,75,100,92.5,22.33333333333333,22.0,-1.5151515151515098,1,1,0,0,0,0,0,0,Low Risk
Customer_01279,9,2026-08-04,Premium,high_value,10,185,24,26,100,75,100,92.5,19.25,22.33333333333333,13.805970149253726,1,1,0,1,0,0,0,25,Low Risk
Customer_01279,9,2026-08-05,Premium,high_value,11,208,5,29,100,100,100,100.0,17.6,19.25,8.571428571428564,1,1,0,0,0,0,0,0,Low Risk
Customer_01280,6,2026-08-01,Premium,high_value,24,238,6,37,100,100,75,95.0,24.0,,,1,1,0,0,0,0,0,0,Low Risk
Customer_01280,6,2026-08-02,Premium,high_value,19,150,28,28,100,75,100,92.5,21.5,24.0,10.416666666666668,1,1,0,1,0,0,0,25,Low Risk
Customer_01280,6,2026-08-03,Premium,high_value,20,213,3,12,100,100,100,100.0,21.0,21.5,2.3255813953488373,1,1,0,0,0,0,0,0,Low Risk
Customer_01280,6,2026-08-04,Premium,high_value,15,233,17,31,100,75,75,87.5,19.5,21.0,7.142857142857142,1,1,0,0,0,0,0,0,Low Risk
Customer_01280,6,2026-08-05,Premium,high_value,15,233,13,45,100,75,75,87.5,18.6,19.5,4.615384615384608,1,1,0,0,1,0,0,20,Low Risk
